Record_ID,Date_Time,State,Sector,Consumption_MWh,Peak_Demand_MW,Generation_MWh,Electricity_Price_USD_per_MWh,Renewable_Share_Pct,Weather_Index,Peak_Flag
103461,2024-05-24 04:00:00,California,Industrial,981.86,1139.91,1128.04,51.6,23.41,40.42,No
103959,2024-06-13 22:00:00,Texas,Industrial,1040.52,972.13,1047.89,52.96,27.82,67.81,No
100066,2024-01-03 17:00:00,Florida,Residential,920.08,895.03,969.66,58.09,35.91,45.49,No
102520,2024-04-14 23:00:00,Texas ,Residential,686.13,758.59,699,50.12,37.1,33.45,No
100394,2024-01-17 09:00:00,California,Residential,1507.38,1745.83,1596.02,65.08,19.39,59.06,Yes
100180,2024-01-08 11:00:00,Texas,Industrial,1711.72,1566.73,1921.72,66.58,38.3,73.72,Yes
102687,2024-04-21 22:00:00,Texas,Residential,739.22,765.4,756.27,60.36,21.79,52.85,No
101670,2024-03-10 13:00:00,California,Residential,853.05,935.2,926.54,43.73,59.24,48.07,No
100334,2024-01-14 21:00:00,Texas,Commercial,1117.37,1023.01,1024.52,74.83,9.82,42.16,No
101210,2024-02-20 09:00:00,New York,Residential,901.33,825.56,995.8,45.3,17.04,82.8,No
102650,2024-04-20 09:00:00,New York,Industrial,1098.79,1059.7,1226.08,43.13,24.41,75.02,No
100927,2024-02-08 14:00:00,California,Residential,927.21,980.15,943.25,55.09,44.18,24.34,No
103439,2024-05-23 06:00:00,New York,Residential,792.9,852.79,857.46,55.09,17.77,61.8,No
101150,2024-02-17 21:00:00,California,Industrial,1259.49,1324.37,1407.95,63.9,44.46,59.34,No
100280,2024-01-12 15:00:00,California,Commercial,1086.08,1086.5,1090.35,50.03,37.99,23.68,No
104449,2024-07-04 08:00:00,California,Residential,1059.81,1095.98,1172.63,50.13,42.59,37.82,No
103576,2024-05-28 23:00:00,New York,Residential,665.9,752.75,762.88,61.65,27.31,47.61,No
101984,2024-03-23 15:00:00,New York,Commercial ,879.18,1010.1,953.12,53.18,33.66,51.77,No
104297,2024-06-28 00:00:00,Texas,Commercial ,818.2,957.84,937.97,50.18,24.41,61.61,No
104293,2024-06-27 20:00:00,Florida,Industrial,1316.96,1456.04,1380.88,56.97,16.04,36.05,Yes
101048,2024-02-13 15:00:00,Texas,Industrial,1637.01,1894.96,1673.39,68.26,31.52,51.7,Yes
101469,2024-03-02 04:00:00,California,Industrial,955.95,779.03,856.85,36.77,40.56,42.84,No
100473,2024-01-20 16:00:00,Texas,Residential,1061.22,1224.39,1127.58,57.75,24.92,60.4,No
100034,2024-01-02 09:00:00,New York,Industrial,1284.41,1442.14,1425.17,66.07,31.02,38.2,Yes
101593,2024-03-07 08:00:00,Texas,Commercial,1284.38,1244.3,1346.16,48.12,44.5,46.81,No
102749,2024-04-24 12:00:00,California,Commercial,1078.91,1054.4,1113.04,58.48,20.5,49.43,No
102537,2024-04-15 16:00:00,Texas ,Commercial ,1213.92,1097.28,1270.55,66.36,23.82,105.92,No
100080,2024-01-04 07:00:00,Texas,Commercial,1200.98,1369.24,1217.28,52.88,24.95,68.15,Yes
102597,2024-04-18 04:00:00,California,Residential,557.68,566.23,630.9,44.57,25.51,47.81,No
101534,2024-03-04 21:00:00,California,Residential,956.1,990.29,1050.66,55.09,15.05,60.16,No
101175,2024-02-18 22:00:00,Florida,Industrial,884.01,934.73,944.46,46.83,17.45,49.55,No
100298,2024-01-13 09:00:00,California,Industrial,1336.23,1261.61,1504.67,55.82,8.24,69.11,No
100643,2024-01-27 18:00:00,California,Commercial,925.75,1073.79,1061.94,56.33,17.3,33.53,No
102610,2024-04-18 17:00:00,Texas,Residential,1113.98,1224.99,1279.11,56.51,39.58,60.96,No
101182,2024-02-19 05:00:00,California,Residential,758.73,798.88,803.17,59.66,25.71,42.58,No
104383,2024-07-01 14:00:00,Florida,Industrial,1342.65,1544.99,1522.92,57.21,45.86,59.65,Yes
102472,2024-04-12 23:00:00,New York,Residential,558.81,541.99,594.05,56.48,10.19,49.55,No
103239,2024-05-14 22:00:00,Florida,Industrial,817.83,941.31,873.74,65.07,8.86,44.34,No
103241,2024-05-15 00:00:00,New York,Residential,497.59,543.88,536.37,42.94,28.43,71.52,No
104394,2024-07-02 01:00:00,Texas,Residential,883.13,816.32,963.04,43.49,60.77,26.46,No
102146,2024-03-30 09:00:00,California,Residential,885.61,990.29,913.7,59.27,35.82,45.32,No
102551,2024-04-16 06:00:00,California,Industrial,925.06,960.75,956.59,54.51,24.06,31.45,No
101659,2024-03-10 02:00:00,New York,Residential,467.19,479.74,517.21,39.45,38.83,49.08,No
103410,2024-05-22 01:00:00,Texas,Residential,787.49,823.07,841.9,58.21,22.01,55.17,No
101892,2024-03-19 19:00:00,New York,Industrial,1217.8,1200.27,1338.2,62.16,26.76,3.75,No
104774,2024-07-17 21:00:00,California,Commercial,1091.29,1006.52,1130.35,60.41,34.89,45.95,No
103039,2024-05-06 14:00:00,Texas,Commercial,1150.49,1082.73,1322.65,46.66,11.7,82.93,No
102827,2024-04-27 18:00:00,Texas ,Industrial,1401.72,1529.88,1604.07,56.41,27.81,46.27,Yes
100430,2024-01-18 21:00:00,Texas,Residential,1179.38,1116.84,1343.37,57.66,17.52,46.14,No
100765,2024-02-01 20:00:00,Texas,Commercial ,1291.38,1385.05,1372.15,64.12,14.41,47.45,Yes
100417,2024-01-18 08:00:00,California,Commercial,1090.3,1132.17,1209.59,71.64,47.43,51.52,No
103201,2024-05-13 08:00:00,Florida,Residential,974.11,899.27,1117.77,43.09,39.69,48.77,No
103668,2024-06-01 19:00:00,Texas,Residential,1028.89,1160.13,1114.86,51.88,26.51,81.16,No
100107,2024-01-05 10:00:00,New York,Commercial,972.61,1097.47,1053.12,48.4,39.95,84.22,No
100229,2024-01-10 12:00:00,New York,Residential,862.16,819.46,972.13,45.66,45.15,67.37,No
102012,2024-03-24 19:00:00,Texas,Commercial ,1217.92,1317.38,1233.66,73.55,43.8,54.71,No
102760,2024-04-24 23:00:00,Texas,Residential,702.39,719.73,704.35,40.24,31.97,17.81,No
102764,2024-04-25 03:00:00,New York,Residential,461.86,498.19,528.76,41.99,28.69,51.42,No
103889,2024-06-11 00:00:00,Florida,Commercial,793.05,990.29,873.1,46.89,27.58,35.47,No
103857,2024-06-09 16:00:00,New York,Residential,775.3,839.22,844.37,47.28,29.47,78.73,No
102837,2024-04-28 04:00:00,New York,Industrial,788.47,804.32,844.33,55.09,31.02,29.43,No
103653,2024-06-01 04:00:00,California, Residential ,652.28,646.89,659.7,48.6,40.88,39.09,No
102116,2024-03-29 03:00:00,Texas,Industrial,1068.7,1186.13,1217.55,64.48,25.75,54.04,No
100469,2024-01-20 12:00:00,California,Commercial ,1075.92,1146.81,1187.78,71.84,48.08,29.48,No
102465,2024-04-12 16:00:00,Florida,Commercial,988.58,966.48,1056.92,57.74,23.8,63.83,No
102125,2024-03-29 12:00:00,New York,Commercial,1015.75,1058.76,1156.38,73.79,25.01,64.8,No
101635,2024-03-09 02:00:00,New York,Industrial,743.74,767.64,775.12,61.91,26.53,35.27,No
100764,2024-02-01 19:00:00,Texas ,Residential,1295.66,1246.99,1312.63,63.6,53.2,45.78,No
103869,2024-06-10 04:00:00,Texas ,Residential,779.48,727.32,853.75,45.66,32,49.55,No
102803,2024-04-26 18:00:00,New York,Industrial,1168.6,1292.98,1260.14,59.57,44.9,33.92,No
100531,2024-01-23 02:00:00,California,Industrial,845.63,982.54,858.54,70.87,49.34,41.42,No
100600,2024-01-25 23:00:00,Texas,Residential,848.17,819.63,948.2,63.3,11.24,46.67,No
100228,2024-01-10 11:00:00,New York,Commercial ,904.48,827.4,1025.97,51.89,33.69,12.09,No
102414,2024-04-10 13:00:00,Texas,Commercial ,1365.21,1302.27,1414.09,53.24,45.3,56.11,No
101296,2024-02-23 23:00:00,California,Commercial ,623.81,734.41,687.71,49.98,50.95,64.18,No
100554,2024-01-24 01:00:00,Florida,Industrial,812.19,768,910.42,55.09,12.29,53.86,No
103424,2024-05-22 15:00:00,Texas,Residential,1291.74,1347.36,1333.35,60.55,21.42,48.66,Yes
101095,2024-02-15 14:00:00,California,Residential,996.24,1069.04,1117.75,56.41,38.6,80.18,No
102096,2024-03-28 07:00:00,California,Industrial,1449.57,1359.56,1493.96,55.09,50.57,32.33,Yes
100158,2024-01-07 13:00:00,Texas ,Residential,1026.27,1105.23,1038.58,61.03,30.26,33.16,No
101935,2024-03-21 14:00:00,Texas ,Industrial,1765.76,1673.6,1850.81,55.96,50.01,31.61,Yes
100486,2024-01-21 05:00:00,New York,Industrial,595.64,695.32,622.74,59.75,26.58,45.49,No
103734,2024-06-04 13:00:00,Florida,Commercial,1073.94,982.62,1219.07,42.46,26.71,48.13,No
103056,2024-05-07 07:00:00,New York,Commercial,956.16,893.97,1069.02,45.86,37.64,64.03,No
102035,2024-03-25 18:00:00,Florida,Commercial,1053.89,1239.49,1137.95,74.66,31.02,71.27,No
101102,2024-02-15 21:00:00,New York,Residential,943.77,946.41,1024.52,58.83,21.52,41.78,No
102926,2024-05-01 21:00:00,New York,Commercial,947.91,1073.19,1019.8,57.63,49.78,48.89,No
102856,2024-04-28 23:00:00,Florida,Commercial,605.92,708.53,684.18,42.21,37.88,70.34,No
104356,2024-06-30 11:00:00,Florida,Commercial ,877.91,841.61,1008.67,53.03,41.04,38.72,No
100085,2024-01-04 12:00:00,California,Residential,1012.98,917.82,1028.81,60.55,35.31,33.07,No
104042,2024-06-17 09:00:00,California,Commercial,1153.89,1173.24,1267.04,66.26,10.78,45.62,No
103276,2024-05-16 11:00:00,California,Residential,1030.67,1067.12,1122.63,57.98,41.59,69.71,No
100890,2024-02-07 01:00:00,California,Commercial,677.08,793.15,716.15,46.12,42.64,36.14,No
100692,2024-01-29 19:00:00,New York,Residential,767.63,707.51,835.22,60.15,21.09,49.55,No
100722,2024-01-31 01:00:00,California,Commercial,768.27,898.06,827.25,58.87,34.07,54.76,No
100882,2024-02-06 17:00:00,Texas ,Industrial,1687.14,1974.53,1694.38,54.73,22.83,20.68,Yes
104233,2024-06-25 08:00:00,California,Industrial,1128.21,1284.28,1149.54,52.38,15.9,48.03,No
100030,2024-01-02 05:00:00,Texas,Residential,682.5,800.37,683.97,52.4,29.49,52.23,No
102848,2024-04-28 15:00:00,California,Industrial,1140.01,1067.36,1238.04,53.99,20.78,49.55,No
103351,2024-05-19 14:00:00,California,Commercial ,1053.62,1218.56,1139.39,69.09,16.91,56.58,No
101567,2024-03-06 06:00:00,Texas ,Residential,872.19,990.27,1024.52,43.47,27.77,93.46,No
104710,2024-07-15 05:00:00,Florida,Industrial,872.95,945.75,876.94,47.8,30.22,70.97,No
103448,2024-05-23 15:00:00,Texas ,Commercial ,1399.88,1383.95,1024.52,66.3,27.97,51.19,Yes
103980,2024-06-14 19:00:00,New York,Commercial,925.47,862.14,955,60.57,38.16,52.02,No
100556,2024-01-24 03:00:00,New York,Residential,620.93,685.24,627.95,65.42,16.95,54.37,No
103014,2024-05-05 13:00:00,New York,Residential,804.88,727.26,908.49,56.9,23.58,21.98,No
100415,2024-01-18 06:00:00,Florida,Residential,679.36,625.41,780.91,58.3,28.96,55.32,No
102439,2024-04-11 14:00:00,Florida,Commercial,1015.7,1194.49,1104.03,56.14,21.61,60.52,No
101850,2024-03-18 01:00:00,Florida,Residential,698.1,638.49,749.11,48.33,35.34,28.68,No
101783,2024-03-15 06:00:00,New York,Industrial,955.95,938.28,948.23,40.72,33.33,60.95,No
100832,2024-02-04 15:00:00,New York,Industrial,1043.98,1170.66,1089.53,51.09,11.33,21.95,No
101882,2024-03-19 09:00:00,California,Residential,1067.15,1023.66,1118.79,68.17,47.83,56.47,No
101026,2024-02-12 17:00:00,New York,Commercial,1007.79,1128.14,1032.48,63.12,33.48,41.81,No
101392,2024-02-27 23:00:00,Texas,Commercial,882.87,834.96,966.84,50.5,20.54,44.84,No
104814,2024-07-19 13:00:00,Florida,Residential,1006.37,1142.4,1096.94,63.49,33.67,19.38,No
104946,2024-07-25 01:00:00,New York,Commercial,636.08,681.22,663.92,55.09,30.44,50.2,No
103434,2024-05-23 01:00:00,New York,Commercial ,705.22,648.87,804.09,40.09,19.4,71.21,No
103405,2024-05-21 20:00:00,Texas ,Commercial,1247.96,1131.7,1344.49,54.45,26,42.9,No
100706,2024-01-30 09:00:00,New York,Commercial,1039.96,1029.6,1040.5,41.9,36.43,61.66,No
102115,2024-03-29 02:00:00,Texas ,Industrial,1119.49,1283.98,1219.32,50.62,34.95,45,No
100024,2024-01-01 23:00:00,New York,Residential,657.14,648.34,661.39,34.53,39.93,58.5,No
104606,2024-07-10 21:00:00,New York,Residential,950.06,1097.05,992.69,52.5,32.98,35.36,No
101341,2024-02-25 20:00:00,California,Commercial,1021.03,1170.5,1051.05,56.69,20.68,47.79,No
102128,2024-03-29 15:00:00,Texas,Commercial,1295.91,1488.98,1337.83,61.6,17.01,42.41,Yes
101584,2024-03-06 23:00:00,New York,Residential,591.22,620.08,638.74,42.88,27.62,24.56,No
101045,2024-02-13 12:00:00,California,Residential,933.28,882.44,1057.84,45.33,36.91,40.87,No
102588,2024-04-17 19:00:00,Texas ,Residential,1250.04,1440.63,1344.19,56.59,32.73,70.95,Yes
104903,2024-07-23 06:00:00,Texas,Residential,764.19,794.43,772.1,47.24,31.32,54.42,No
101322,2024-02-25 01:00:00,Texas,Industrial,925.82,1033.88,991.51,42.52,20,51.93,No
103892,2024-06-11 03:00:00,Florida,Commercial ,786.64,819.83,857.26,67.48,35.46,31.86,No
102883,2024-04-30 02:00:00,California,Industrial,847.26,952.54,920.73,57.43,32.06,69.76,No
103528,2024-05-26 23:00:00,Texas ,Commercial ,719.32,797.37,762.61,57.23,30.2,53,No
100297,2024-01-13 08:00:00,Texas ,Industrial,1471.84,1419.2,1484.84,72.58,20.23,49.18,Yes
100539,2024-01-23 10:00:00,New York,Industrial,1194.43,1196.39,1251.74,52.41,43.52,47.92,No
103274,2024-05-16 09:00:00,Florida,Industrial,1278.89,1470.6,1309.76,60,23.2,43.72,Yes
101919,2024-03-20 22:00:00,New York,Industrial,713.77,651.74,726.97,62.51,18.42,53.53,No
102562,2024-04-16 17:00:00,Texas ,Residential,1123.17,1204.85,1260.86,60.44,14.82,22.81,No
104140,2024-06-21 11:00:00,Florida,Industrial,1230.42,1171.19,1239.24,46.72,31.02,45.35,No
102275,2024-04-04 18:00:00,New York,Commercial,923.03,956.87,926.06,51.27,15.63,61.39,No
101724,2024-03-12 19:00:00,Texas,Commercial,1370.47,1453.66,1374.38,57.21,22.27,30.03,Yes
101877,2024-03-19 04:00:00,Florida,Residential,649.2,637.09,713.63,52.18,26.04,46.61,No
102158,2024-03-30 21:00:00,California,Industrial,1091.87,1258.59,1169.84,56.12,30.89,67.65,No
102407,2024-04-10 06:00:00,California,Residential,574.3,567.07,632.27,60.62,19.06,23.56,No
104266,2024-06-26 17:00:00,New York,Residential,917.05,979.55,975.36,53.7,31.54,59.46,No
101414,2024-02-28 21:00:00,Texas,Commercial,955.95,1383.81,1327,58.82,42.87,68.51,Yes
101925,2024-03-21 04:00:00,California,Industrial,883.99,887.64,959.69,53.53,41.59,39.53,No
102260,2024-04-04 03:00:00,New York,Commercial,712.48,683.55,815.61,43.54,7.51,38.43,No
100438,2024-01-19 05:00:00,California,Commercial ,635.3,743.83,645.18,58.07,22.34,49.9,No
101484,2024-03-02 19:00:00,Texas,Residential,979.65,1153.84,984.08,49.65,31.02,33.18,No
101116,2024-02-16 11:00:00,Florida,Residential,955.95,834.76,891.4,52.09,37.95,73.22,No
102003,2024-03-24 10:00:00,New York,Commercial ,777.45,840.72,780,51.48,36.92,31.99,No
102442,2024-04-11 17:00:00,Florida,Residential,819.89,925.12,847.12,56.79,35.05,51.12,No
101091,2024-02-15 10:00:00,New York,Commercial,1070.07,982.51,1174.93,47.29,23.62,41.2,No
103648,2024-05-31 23:00:00,New York,Residential,476.89,549.32,518.84,41.55,50.72,58.69,No
103154,2024-05-11 09:00:00,New York,Industrial,1052.52,1149.24,1108.52,47.52,31.02,39.17,No
103306,2024-05-17 17:00:00,New York,Residential,870.98,929.64,950.28,67.72,24,59.46,No
101887,2024-03-19 14:00:00,Texas,Residential,1200.04,1359.28,1213.32,58.29,29.7,48.05,Yes
102032,2024-03-25 15:00:00,Florida,Commercial,995.01,898.17,1019.99,55.09,48.4,30.74,No
101535,2024-03-04 22:00:00,New York,Residential,673.61,776.6,767.13,53.18,46.18,36.32,No
100169,2024-01-08 00:00:00,Texas,Residential,781.23,841.73,845.01,47.4,10.6,45.31,No
101938,2024-03-21 17:00:00,California,Residential,1073.46,1162.86,1142.05,62.02,33.14,33.03,No
102874,2024-04-29 17:00:00,New York,Commercial ,1053.67,953.5,1127.68,55.68,33.01,86.35,No
102099,2024-03-28 10:00:00,California,Residential,1029.72,1090.62,1141.86,72.92,34,20.81,No
104258,2024-06-26 09:00:00,New York,Residential,920.01,835.5,940.23,48.53,30.21,60.32,No
104170,2024-06-22 17:00:00,Texas,Commercial,1251.38,1243.07,1370.96,51.54,10.77,53.56,No
103867,2024-06-10 02:00:00,New York,Commercial,621.5,608.36,709.46,49.77,34.4,79.01,No
101554,2024-03-05 17:00:00,California,Residential,1012.45,1177.95,1148.96,57.29,22.9,67.62,No
103163,2024-05-11 18:00:00,California,Commercial,853.91,957.53,913.1,62.38,39.44,64.78,No
104924,2024-07-24 03:00:00,California,Industrial,937.19,924.91,978.84,69.27,20.06,39.43,No
101003,2024-02-11 18:00:00,California,Commercial ,906.72,867.79,912.18,48.82,26.8,49.55,No
104251,2024-06-26 02:00:00,New York,Residential,429.85,439.51,459.72,44.08,25.22,49.48,No
103709,2024-06-03 12:00:00,California,Residential,914.2,865.08,1049.37,39.84,24.21,55.48,No
100466,2024-01-20 09:00:00,New York,Industrial,1075.34,1220.27,1024.52,59.63,37.08,63.28,No
101323,2024-02-25 02:00:00,California,Industrial,849.02,831.15,946.15,57.16,29.46,73.8,No
100950,2024-02-09 13:00:00,Florida,Commercial ,1093.49,1170.45,1164.84,60.57,29.34,65.37,No
102187,2024-04-01 02:00:00,California,Industrial,832.49,833.58,858.61,54.98,16.86,10.71,No
104678,2024-07-13 21:00:00,New York,Residential,765.95,852.35,838.62,59.01,41.78,76.45,No
100200,2024-01-09 07:00:00,California,Commercial,1113.32,1191.52,1148.95,50.29,48.13,69.64,No
103693,2024-06-02 20:00:00,California,Commercial,1121.85,1147.24,1133.78,65.49,33.05,44.01,No
103489,2024-05-25 08:00:00,Texas,Residential,1084.33,978.35,1216.93,74.52,18.84,40.77,No
102888,2024-04-30 07:00:00,New York,Commercial,960.75,960.73,1052.64,43.96,25.5,48.89,No
101042,2024-02-13 09:00:00,California,Residential,1117.22,1153.02,1205.45,67.82,18.32,80.14,No
103465,2024-05-24 08:00:00,Texas,Industrial,1610.27,1694.42,1820.49,73.55,33.22,50.05,Yes
104890,2024-07-22 17:00:00,Texas ,Commercial,1375.9,1343.95,1422.14,63.18,35.14,53.51,Yes
100241,2024-01-11 00:00:00,New York,Industrial,743.62,711.15,778.53,43.4,45.5,49.48,No
104260,2024-06-26 11:00:00,New York,Residential,885.08,1031.79,946.82,52.5,30.31,32.76,No
104223,2024-06-24 22:00:00,New York,Industrial,803.1,843.2,912.92,56.79,18.03,53.05,No
104264,2024-06-26 15:00:00,New York,Industrial,1199.67,1309.67,1291.5,72.42,18.08,27.6,No
101739,2024-03-13 10:00:00,New York,Residential,834.28,776.98,937.94,64.41,22.28,53.64,No
101500,2024-03-03 11:00:00,California,Commercial ,1011.79,995.18,1099.13,48.49,16.69,55.43,No
100249,2024-01-11 08:00:00,New York,Commercial,983.14,934.91,1035.53,61.69,38.65,49.55,No
104766,2024-07-17 13:00:00,New York,Residential,832.71,900.47,860.51,58.11,31.39,31.02,No
100458,2024-01-20 01:00:00,New York,Commercial,499.77,460.87,523.89,44.15,22.63,48.22,No
104615,2024-07-11 06:00:00,California,Industrial,885.22,831.67,910.7,60.02,13.88,49.55,No
103493,2024-05-25 12:00:00,California,Industrial,955.95,1365.57,1254.55,51.82,15.69,28.77,Yes
104602,2024-07-10 17:00:00,California,Residential,931.33,969.73,1063.88,47.15,43.1,50.68,No
102705,2024-04-22 16:00:00,California,Residential,1009.39,1004.59,1081.7,49.21,17.97,48.48,No
101294,2024-02-23 21:00:00,Texas ,Commercial,1335.02,1369.02,1438.08,63.85,31.02,24.74,Yes
100978,2024-02-10 17:00:00,Texas,Residential,965.41,1047.04,968.74,56.9,20.61,40.79,No
102670,2024-04-21 05:00:00,California,Commercial,742.36,785.73,748.82,52.06,19.25,11.79,No
102395,2024-04-09 18:00:00,New York,Commercial,972.7,992.81,1117.79,52.72,31.68,64.42,No
100089,2024-01-04 16:00:00,California,Industrial,1386.11,1509.39,1413.91,65.21,33.97,55.03,Yes
100627,2024-01-27 02:00:00,New York,Commercial,536.6,539.66,555.54,58.54,33.71,48.19,No
104000,2024-06-15 15:00:00,Texas,Industrial,1497.42,1562.26,1563.73,61.12,36.93,66.88,Yes
100009,2024-01-01 08:00:00,Florida,Residential,1000.24,943.53,1031.95,59.6,32.23,48.74,No
104432,2024-07-03 15:00:00,Florida,Residential,959.3,1025.24,1075.52,60.75,20.76,51.87,No
101428,2024-02-29 11:00:00,New York,Residential,943.84,856.08,1072.03,52.02,21.06,49.29,No
102950,2024-05-02 21:00:00,New York,Commercial,924.99,1087.78,941.09,56.32,32.65,52.78,No
103066,2024-05-07 17:00:00,California,Residential,986.44,1010.44,1065.13,67.76,31.82,57.12,No
101225,2024-02-21 00:00:00,New York,Residential,612.7,590.77,657.72,53.86,40.49,16.86,No
101613,2024-03-08 04:00:00,Florida,Commercial,752.45,774.53,834.82,49.11,19.12,69.35,No
100145,2024-01-07 00:00:00,California,Commercial,698.41,750.83,716.31,59.34,44.68,21.9,No
101551,2024-03-05 14:00:00,New York,Commercial,954.72,931.23,1015.97,56.21,34.49,56.39,No
103858,2024-06-09 17:00:00,Florida,Residential,948.34,966.08,1087.11,57.42,23.39,40.03,No
104149,2024-06-21 20:00:00,Texas ,Commercial,1378.64,1361.44,1576.78,69.76,29.22,49.55,Yes
103674,2024-06-02 01:00:00,Texas,Residential,686.93,762.89,749.32,49.73,24.32,49.34,No
103831,2024-06-08 14:00:00,New York,Commercial,783.12,879.6,877.89,57.11,41.2,29.87,No
103694,2024-06-02 21:00:00,California,Residential,962.04,1020.25,1024.52,43.31,32.99,46.14,No
100152,2024-01-07 07:00:00,California,Residential,801.27,746.17,904.99,53.6,45.87,40.97,No
102246,2024-04-03 13:00:00,Florida,Residential,1022.67,1036.05,1039.61,56.19,23.41,28.21,No
103913,2024-06-12 00:00:00,Texas,Commercial ,842.53,812.58,912.36,60.36,49.97,27.24,No
102081,2024-03-27 16:00:00,Texas,Commercial,1283.52,1224.26,1441.03,58.45,62.93,25.24,No
100240,2024-01-10 23:00:00,Texas,Commercial,883.51,1042.21,991.47,61.81,28.4,35.97,No
101171,2024-02-18 18:00:00,Florida,Residential,895.99,1044.32,1019.13,57.1,16.72,31.06,No
102380,2024-04-09 03:00:00,California,Residential,731.69,733.14,829.2,61.49,14.56,49.47,No
103428,2024-05-22 19:00:00,Florida,Industrial,1343.92,1513.7,1427.82,53.63,46.94,34.13,Yes
103236,2024-05-14 19:00:00,California,Industrial,1277.69,1400.46,1446.14,56.73,16.86,76.82,Yes
103207,2024-05-13 14:00:00,California,Residential,1031.43,1152.15,1127.17,71.33,15.63,23.39,No
103853,2024-06-09 12:00:00,Florida,Residential,775.79,750.31,885.85,53.19,49.49,25.85,No
103244,2024-05-15 03:00:00,Texas ,Commercial,948.5,874.47,987.97,47.96,26.79,54.79,No
102458,2024-04-12 09:00:00,Florida,Commercial,920.58,987.82,1034.82,66.2,45.9,54.3,No
103999,2024-06-15 14:00:00,Florida,Residential,724.84,842.28,831.95,53.53,22.79,48.02,No
100684,2024-01-29 11:00:00,Texas ,Residential,1228.43,1137,1271.47,56.18,21.35,52.69,No
104804,2024-07-19 03:00:00,California,Residential,604.36,641.16,621.22,58.25,21.79,66.3,No
101770,2024-03-14 17:00:00,New York,Commercial,983.47,1128.25,1107.5,50.07,42.11,50.9,No
102733,2024-04-23 20:00:00,Texas,Residential,1165.93,1350.98,1273.28,68.11,24.06,48.88,Yes
104024,2024-06-16 15:00:00,California,Residential,930.44,843.34,976.42,61.04,26.97,56.13,No
103083,2024-05-08 10:00:00,California,Residential,971.11,978.41,1087.35,57.96,9.46,57.14,No
103041,2024-05-06 16:00:00,Texas,Industrial,1552.4,1617.77,1647.9,67.95,25.45,40.22,Yes
104265,2024-06-26 16:00:00,Texas ,Commercial ,1413.79,1606.72,1507.95,64.96,14.14,46.36,Yes
103592,2024-05-29 15:00:00,Texas,Residential,1199.23,1247.91,1329.01,61.76,34.92,38.16,No
101612,2024-03-08 03:00:00,Texas ,Residential,712.71,801,794.31,39.61,28.84,54.24,No
104289,2024-06-27 16:00:00,California,Commercial,1009.68,947.89,1160.29,57.9,35.37,10.16,No
103866,2024-06-10 01:00:00,New York,Residential,620.5,692.05,660.07,42.74,51.39,49.55,No
103671,2024-06-01 22:00:00,California,Industrial,852.58,980.9,941.25,52.6,38.04,43.09,No
100101,2024-01-05 04:00:00,Texas,Commercial,858.85,948.38,952.75,35.78,36.36,82.94,No
102859,2024-04-29 02:00:00,Texas,Residential,805.53,838.44,886.34,55.78,53.62,35.46,No
100590,2024-01-25 13:00:00,Texas,Residential,1140.47,1090.96,1257.08,68.54,41.92,34.46,No
103168,2024-05-11 23:00:00,Texas,Residential,714.98,746.04,741.78,53.22,13.98,78.3,No
103752,2024-06-05 07:00:00,New York,Residential,854.47,854.51,902.79,48.3,28.28,12.87,No
101439,2024-02-29 22:00:00,California,Residential,656.49,629.13,706.04,70.09,34.8,29.95,No
103843,2024-06-09 02:00:00,New York,Commercial,550.59,529.56,582.05,53.73,31.02,41.69,No
102581,2024-04-17 12:00:00,Texas,Residential,1259.42,1338.37,1391.19,67.6,22.59,34.81,Yes
101655,2024-03-09 22:00:00,Texas,Residential,657.54,723.47,684.86,66.32,25.29,65.61,No
101616,2024-03-08 07:00:00,Texas ,Residential,1099.96,1047.49,1116.2,38.55,31.19,41.83,No
104709,2024-07-15 04:00:00,California,Residential,589.92,571.47,655.36,48.39,37,38.94,No
102536,2024-04-15 15:00:00,California,Residential,1009.16,1044.03,1018.45,44.37,48.09,51.82,No
102118,2024-03-29 05:00:00,Florida,Residential,652.99,672.17,680.3,57.79,31.08,49.44,No
101056,2024-02-13 23:00:00,New York,Industrial,852.88,1000.61,864.6,63.74,31.07,28.57,No
104596,2024-07-10 11:00:00,Florida,Commercial,1014.72,1057.44,1067.39,48.79,54.19,33.3,No
102058,2024-03-26 17:00:00,New York,Commercial,898.75,908.05,1019.05,58.55,44.56,38.67,No
104248,2024-06-25 23:00:00,Texas,Commercial,913.95,853.35,978.92,44.59,38.85,43.69,No
104765,2024-07-17 12:00:00,Florida,Commercial ,1026.17,1050.08,1151.8,50.06,19.51,26.52,No
102860,2024-04-29 03:00:00,Texas,Residential,720.29,748.02,794.2,55.03,50.96,69.92,No
101533,2024-03-04 20:00:00,Texas ,Industrial,1606.68,1471.66,1633.98,67.77,34.13,39.03,Yes
100712,2024-01-30 15:00:00,Florida,Industrial,1337.81,1547.22,1405.62,54.35,55.22,56.42,Yes
101942,2024-03-21 21:00:00,California,Commercial ,1189.24,1166.01,1304.67,41.47,25.34,46.47,No
102145,2024-03-30 08:00:00,New York,Industrial,998.64,1150.65,1073.38,52.19,17.34,25.63,No
101752,2024-03-13 23:00:00,California,Industrial,939.44,1060.04,1024.52,72.67,8.85,78.94,No
102835,2024-04-28 02:00:00,New York,Residential,440.56,503.25,505.43,39.39,45.43,38.82,No
102202,2024-04-01 17:00:00,Texas,Residential,1200.55,1250.94,1253.84,51.82,55.42,38.81,No
102460,2024-04-12 11:00:00,New York,Commercial,973.96,1102.59,1071.74,58.71,42.31,66.76,No
100654,2024-01-28 05:00:00,Texas ,Commercial,758.17,745.55,805.83,55.16,28.89,67.97,No
102759,2024-04-24 22:00:00,Texas ,Commercial ,904.73,1049.66,963.11,50.37,26.34,43.47,No
102169,2024-03-31 08:00:00,Texas ,Commercial,955.95,1104.61,1210.2,61.96,30.34,51.07,No
104675,2024-07-13 18:00:00,New York,Commercial,899.42,1057.85,933.26,54.13,20.82,43.7,No
103704,2024-06-03 07:00:00,California,Residential,1004.11,946.71,1033.2,55.75,23.44,65.16,No
100231,2024-01-10 14:00:00,California,Residential,979.75,1057.73,1123.23,63.83,31.02,62.97,No
100829,2024-02-04 12:00:00,California,Commercial,1181.85,1097.82,1202.41,53.66,31.69,76.29,No
103904,2024-06-11 15:00:00,California,Residential,968.67,1094.93,1032.73,56.51,27.35,64.21,No
103625,2024-05-31 00:00:00,California,Residential,601.08,556.04,683.65,50.51,32.34,55.02,No
102229,2024-04-02 20:00:00,California,Industrial,1375.8,1260.8,1377,63.48,29.42,28.68,No
104565,2024-07-09 04:00:00,California,Commercial,740.02,797.35,754.7,42.6,32.14,68.95,No
103075,2024-05-08 02:00:00,Florida,Commercial ,625.86,591.83,637.66,45.75,24.77,20.44,No
104191,2024-06-23 14:00:00,Texas ,Industrial,1468.23,1363.1,1631.01,55.8,10.36,55.81,Yes
102054,2024-03-26 13:00:00,New York,Industrial,1133.55,1047.23,1024.52,68.56,2,34.26,No
103365,2024-05-20 04:00:00,New York,Industrial,805.13,836.76,865.42,59.61,31.02,32.26,No
101515,2024-03-04 02:00:00,California,Industrial,815.85,844.25,878.86,49.18,37.36,49.55,No
103300,2024-05-17 11:00:00,California,Residential,1099.75,1028.23,1214.8,57.2,36.79,60.19,No
100725,2024-01-31 04:00:00,Florida,Residential,689.63,806.47,733.57,61.16,29.42,39.78,No
102477,2024-04-13 04:00:00,Texas,Residential,747.96,808.65,784.09,68.52,15.34,53.66,No
104623,2024-07-11 14:00:00,Texas,Commercial,1250.75,1370.05,1409.01,59.08,34.19,52,Yes
102147,2024-03-30 10:00:00,New York,Residential,798.42,902.33,819.16,50.4,42.07,57.75,No
101698,2024-03-11 17:00:00,Texas,Commercial,1310.06,1454.6,1338.58,65.02,28.46,46.3,Yes
103318,2024-05-18 05:00:00,Texas,Residential,677.25,704.92,709.16,40.96,42.61,68.44,No
103884,2024-06-10 19:00:00,California,Commercial,1073.82,1081.18,1228.88,44.11,18.52,49.55,No
104601,2024-07-10 16:00:00,California,Residential,1030.7,1108.52,1089.16,60.98,16.68,72.04,No
103803,2024-06-07 10:00:00,California,Industrial,1257.02,1479.33,1319.75,59.02,32.04,41.09,Yes
102700,2024-04-22 11:00:00,California,Commercial,1125.83,1072.74,1183.16,64.65,31.32,39.69,No
104102,2024-06-19 21:00:00,New York,Commercial ,843.87,791.53,943.38,52.73,24.16,57.43,No
102278,2024-04-04 21:00:00,Florida,Residential,985.72,1022.45,1084.8,49.75,36.26,73.53,No
103685,2024-06-02 12:00:00,Texas ,Commercial,1191.1,1262.92,1275.43,63.72,37.75,56.5,No
102243,2024-04-03 10:00:00,Florida,Residential,910.03,1054.2,912.75,45.7,22.3,65.25,No
102641,2024-04-20 00:00:00,California,Commercial,545.85,511.96,572.21,52.75,37.09,46.72,No
101324,2024-02-25 03:00:00,California,Commercial,537.02,526.6,1024.52,38.13,22.47,59.41,No
100912,2024-02-07 23:00:00,California,Industrial,916.94,882.14,973.12,38.07,44.61,47.95,No
100150,2024-01-07 05:00:00,California,Residential,581.29,673.65,593.55,62.36,20.13,33.54,No
103524,2024-05-26 19:00:00,Texas,Commercial,1132.77,1024.32,1243.45,52.5,34.74,30.81,No
103733,2024-06-04 12:00:00,New York,Commercial,1123.7,1296.32,1151.71,73.46,31.84,84.32,No
101520,2024-03-04 07:00:00,New York,Residential,857.76,898.41,867.92,61.64,40.5,56.55,No
100743,2024-01-31 22:00:00,Texas ,Commercial ,935.32,1037.14,987.46,61.98,16.24,67.53,No
104318,2024-06-28 21:00:00,Texas,Commercial,1307.8,1368.55,1390.95,56.64,36.1,36.52,Yes
104212,2024-06-24 11:00:00,Florida,Industrial,1349.62,1486.13,1551.69,55.02,24.65,69.28,Yes
100013,2024-01-01 12:00:00,California,Industrial,1351.21,1243.8,1385.46,41.57,43.74,19.1,No
100094,2024-01-04 21:00:00,Florida,Residential,1009.02,1144.83,1108.84,53.25,33.75,40.93,No
103310,2024-05-17 21:00:00,New York,Industrial,1305.02,990.29,1439.49,46.78,57.23,60.43,Yes
101673,2024-03-10 16:00:00,California,Commercial,938.39,988.3,1074.31,53.1,29.84,46.56,No
101624,2024-03-08 15:00:00,New York,Industrial,1337.17,1529.53,1471.92,54.67,21.64,50.21,Yes
103755,2024-06-05 10:00:00,California,Industrial,1226.94,1435.1,1398.99,43.82,10.04,57.52,Yes
103287,2024-05-16 22:00:00,New York,Commercial,698.91,733.7,758,49.38,33.35,84.45,No
104368,2024-06-30 23:00:00,New York,Commercial ,598.57,628.17,626.23,44.9,34.19,50.68,No
103635,2024-05-31 10:00:00,Texas,Commercial,1375.64,1371.59,1024.52,54.17,34.49,44.8,Yes
103397,2024-05-21 12:00:00,California,Industrial,1312.76,1301.58,1453.36,56.77,36.64,28.43,No
103270,2024-05-16 05:00:00,Texas ,Residential,771.66,723.13,825.66,56.31,30.31,55.95,No
104842,2024-07-20 17:00:00,New York,Industrial,1150.25,1044.31,1270.23,59.69,33.14,37.98,No
101863,2024-03-18 14:00:00,Texas,Industrial,1637.88,1562.39,1782.56,47.02,13.59,49.28,Yes
100830,2024-02-04 13:00:00,New York,Industrial,1037.32,1088.41,1024.52,60.45,43.32,45.63,No
100799,2024-02-03 06:00:00,Texas ,Industrial,931.33,1012.25,963.11,59.2,42.82,61.6,No
101145,2024-02-17 16:00:00,California,Commercial ,950.6,875.57,1090.75,61.93,31.02,59.21,No
102006,2024-03-24 13:00:00,Texas ,Commercial,1073.21,1250.22,1187.62,59.07,49.26,42.45,No
103631,2024-05-31 06:00:00,Texas ,Residential,699.82,716.7,1024.52,50.76,21.62,43.21,No
101478,2024-03-02 13:00:00,Texas ,Residential,1124.42,1091.51,1168.18,46.62,34.61,64.59,No
102019,2024-03-25 02:00:00,Texas,Commercial,848.84,888.62,864.24,40.94,22.88,66.25,No
103991,2024-06-15 06:00:00,Texas,Commercial,734.29,747.85,770.39,57.88,20.15,52.38,No
101053,2024-02-13 20:00:00,New York,Industrial,1135,1314.47,1139.03,55.04,53.09,37.55,No
102367,2024-04-08 14:00:00,Texas,Industrial,1597.27,1661.19,1779.11,49.51,14.44,38.14,Yes
102005,2024-03-24 12:00:00,California,Commercial,1033.28,1113.96,1061.7,54.91,32.26,56.73,No
103468,2024-05-24 11:00:00,Texas ,Industrial,1736.7,1641.06,1773.03,66.99,44.15,30.02,Yes
101159,2024-02-18 06:00:00,California,Residential,479.49,528.51,526.93,46.91,45.48,72.5,No
103008,2024-05-05 07:00:00,Texas,Commercial,1176.88,1235.42,1303.48,57.88,35.23,36.14,No
104794,2024-07-18 17:00:00,California,Commercial,1104.51,1018.16,1163.74,70.48,48.71,53,No
100788,2024-02-02 19:00:00,New York,Commercial ,955.95,1048.87,1117.81,62.66,52.21,47.42,No
101075,2024-02-14 18:00:00,New York,Commercial,1019.14,1173.04,1053.16,47.32,24.73,63.08,No
102828,2024-04-27 19:00:00,Texas,Commercial,1058.93,1243.42,1024.52,49.01,32.22,59.98,No
100997,2024-02-11 12:00:00,New York,Industrial,1086.95,1220.2,1196.93,65.26,41.84,65.63,No
100374,2024-01-16 13:00:00,Texas ,Commercial ,1287.24,1484.74,1343.7,55.65,32.62,45.09,Yes
100133,2024-01-06 12:00:00,Texas,Residential,1136.74,1119.2,1190.05,53.4,31.09,37.5,No
103314,2024-05-18 01:00:00,Texas,Industrial,975.62,949.23,1121.88,66.17,29.71,62.61,No
104540,2024-07-08 03:00:00,Texas,Industrial,1109.74,1201.62,1239.35,55.27,39.28,24.14,No
102441,2024-04-11 16:00:00,Florida,Industrial,1270.7,1163.6,1329.84,50.29,31.34,33.02,No
104727,2024-07-15 22:00:00,New York,Commercial ,625.78,722.93,670.94,54.19,37.24,64.55,No
104481,2024-07-05 16:00:00,Texas,Residential,1182.48,1240.58,1354.94,61.23,48.18,54.6,No
104735,2024-07-16 06:00:00,New York,Residential,574.9,584.79,617.84,49.75,15.17,48.82,No
101136,2024-02-17 07:00:00,Texas,Residential,1070.69,986.63,1212.42,54.16,32.87,47.28,No
100288,2024-01-12 23:00:00,Florida,Residential,664.29,692.99,672.97,71.31,27.37,32.05,No
100808,2024-02-03 15:00:00,California,Industrial,1079.07,1188.66,1182.84,40.95,21.26,53.92,No
103174,2024-05-12 05:00:00,California,Commercial,762.44,808.25,855.93,43.76,19.99,100.03,No
103686,2024-06-02 13:00:00,Florida,Industrial,1214.41,1237.64,1265.01,57.52,18.43,31.46,No
104467,2024-07-05 02:00:00,Texas,Industrial,1049.6,1005.97,1112.02,63.52,14.14,57.13,No
101742,2024-03-13 13:00:00,Texas ,Residential,1211.81,1144.74,1277.09,75.21,37.88,52.8,No
102728,2024-04-23 15:00:00,California,Commercial,1056.09,1028.83,1176.8,68.34,9.92,52.87,No
103408,2024-05-21 23:00:00,New York,Commercial,560.27,585.88,618.95,63.69,29.34,40.98,No
101870,2024-03-18 21:00:00,Texas ,Industrial,1509.7,1429.06,1673.04,55.57,23.43,64.05,Yes
104916,2024-07-23 19:00:00,New York,Industrial,1156.06,1314.23,1229.17,58.92,53.63,50.49,No
103170,2024-05-12 01:00:00,New York,Residential,531.1,589.71,581.34,33.36,17.89,43.33,No
100878,2024-02-06 13:00:00,Texas ,Residential,1261.74,1349.69,1277.84,58.68,23.77,57.74,Yes
103540,2024-05-27 11:00:00,Texas,Commercial ,1313.69,1442.21,1363.73,50.51,17.53,59.23,Yes
102922,2024-05-01 17:00:00,Texas ,Residential,1183.33,1307.57,1257.24,52.48,21.41,71.59,No
102178,2024-03-31 17:00:00,Florida,Residential,765.91,834.76,815.77,52.36,25,53.24,No
101648,2024-03-09 15:00:00,California,Commercial ,1018.69,1166.73,1057.21,64.84,32,48.34,No
103297,2024-05-17 08:00:00,Florida,Industrial,1175.66,1255.97,1253.99,54.24,33.24,40.17,No
102464,2024-04-12 15:00:00,Florida,Commercial,969.24,1017.61,979.01,55.09,10.8,67.86,No
101731,2024-03-13 02:00:00,California,Commercial,853.53,833.99,911.71,57.71,32.94,52.52,No
101927,2024-03-21 06:00:00,Florida,Commercial,579.08,656.49,659.05,36.46,30.45,54.59,No
100545,2024-01-23 16:00:00,Florida,Residential,1312.22,1527,1473.2,41.46,35.65,71.54,Yes
100423,2024-01-18 14:00:00,Texas,Industrial,1742.5,1852.99,1917.41,60.16,27.59,49.55,Yes
103035,2024-05-06 10:00:00,California,Commercial ,1118.61,1185.46,1160.38,55.48,29.01,26.77,No
103054,2024-05-07 05:00:00,California,Residential,674.91,709.21,756.39,55.52,22.87,74.7,No
104650,2024-07-12 17:00:00,Texas,Residential,1262.81,1378.8,1435.45,55.34,29.27,53.74,Yes
104491,2024-07-06 02:00:00,California,Industrial,867.84,995.43,986.9,56.02,34.43,77.88,No
104094,2024-06-19 13:00:00,New York,Residential,812.45,760.41,834.18,40.54,49.48,77.12,No
101719,2024-03-12 14:00:00,New York,Residential,940.76,948.83,991.39,59.58,30.55,30.01,No
101737,2024-03-13 08:00:00,New York,Industrial,1191.04,1198.54,1261.75,49.76,40.15,44.57,No
104121,2024-06-20 16:00:00,California,Commercial ,955.95,1191.17,1133.03,58.14,13.2,44.45,No
101704,2024-03-11 23:00:00,Florida,Commercial,664.12,772.22,703.1,55.25,19.13,58.7,No
104701,2024-07-14 20:00:00,California,Commercial ,1051.59,1039.43,1148.92,58.47,43.45,27.36,No
100995,2024-02-11 10:00:00,New York,Residential,696.11,805.44,792.24,54.08,42.82,82.55,No
103691,2024-06-02 18:00:00,California,Commercial,1006.89,1163.57,1084.32,45.65,27.81,21.62,No
104484,2024-07-05 19:00:00,Florida,Commercial ,1026.53,990.29,1101.31,52.07,12.68,25.62,No
100734,2024-01-31 13:00:00,Florida,Industrial,1374.52,1564.06,1541.65,60.64,17.19,36.87,Yes
102192,2024-04-01 07:00:00,New York,Industrial,955.95,1303.28,1184.77,62.69,19.42,59.76,No
100928,2024-02-08 15:00:00,California,Residential,971.83,1040.41,995.04,58.27,43.76,54.63,No
100562,2024-01-24 09:00:00,California,Industrial,1224.47,1374.74,1276.07,48.2,23.94,48.75,Yes
103264,2024-05-15 23:00:00,Texas,Residential,932.37,865.29,1061.99,57.55,32.41,9.63,No
101434,2024-02-29 17:00:00,Texas ,Industrial,1681.66,1957.72,1884.72,67.67,33.2,61.86,Yes
100427,2024-01-18 18:00:00,New York,Industrial,1185.6,1178.56,1346.32,48.22,22.38,20.03,No
100472,2024-01-20 15:00:00,New York,Commercial,790.56,900.84,848.49,51.76,37.36,60.4,No
101057,2024-02-14 00:00:00,Texas ,Industrial,990.41,994.31,993.52,59.14,31.51,56.76,No
100487,2024-01-21 06:00:00,Texas,Residential,791.48,868.84,879.63,60.35,41.88,35.89,No
104506,2024-07-06 17:00:00,California,Industrial,1207.95,1288.68,1357.69,47.81,30.63,29.63,No
100492,2024-01-21 11:00:00,Florida,Residential,828.38,811.56,842.32,53.66,15.23,35.08,No
101816,2024-03-16 15:00:00,New York,Residential,764.82,732.98,1024.52,45.03,35.47,45.54,No
103774,2024-06-06 05:00:00,Texas ,Commercial,955.95,946.62,1090.18,57.26,36.11,79.16,No
104254,2024-06-26 05:00:00,Florida,Commercial,615.73,706.58,666.19,46.44,41.76,38.29,No
102296,2024-04-05 15:00:00,Texas,Industrial,1661.77,1741.45,1904.1,62.44,36.47,42.74,Yes
104156,2024-06-22 03:00:00,Texas,Residential,701.09,781.26,742.82,54.8,40.47,43.09,No
100291,2024-01-13 02:00:00,Texas,Commercial,796.94,990.29,912.75,55.09,54.58,27.09,No
100498,2024-01-21 17:00:00,Texas,Commercial ,1165.96,1256.13,1339.2,62.9,39.57,49.43,No
101651,2024-03-09 18:00:00,Texas,Residential,1068.45,1060.28,1100.75,54.18,37.58,79.59,No
100253,2024-01-11 12:00:00,California,Residential,964.71,1025.22,978.54,66.37,18.14,49.55,No
101033,2024-02-13 00:00:00,California,Commercial ,724.69,795.07,741.2,49.55,15.53,35.61,No
103947,2024-06-13 10:00:00,Texas ,Commercial ,1379.64,1380.47,1498.92,53.84,36.2,50.89,Yes
100351,2024-01-15 14:00:00,Florida,Residential,923.39,908.01,985.69,54.01,34.92,44.66,No
103654,2024-06-01 05:00:00,Texas,Industrial,1011.84,1001.27,1042.49,56.23,42.31,40.68,No
103076,2024-05-08 03:00:00,California,Commercial,739.38,711.12,754.8,52.58,35.5,57.95,No
104387,2024-07-01 18:00:00,New York,Industrial,1211.98,1262.44,1355.97,59.98,29.64,71.82,No
102342,2024-04-07 13:00:00,Texas,Commercial,1112.99,1145.32,1149.48,40.03,24.51,64.87,No
100091,2024-01-04 18:00:00,Texas,Residential,1266.1,1226.63,1391.94,71.22,18.8,73.93,No
101618,2024-03-08 09:00:00,Texas ,Commercial,1389.88,1437.44,1555.92,65.25,40.86,40.59,Yes
100811,2024-02-03 18:00:00,New York,Residential,761.85,848.15,860.77,63.03,37.04,65.67,No
102663,2024-04-20 22:00:00,California,Residential,578.28,671.28,661.32,46.59,31.96,63.57,No
103098,2024-05-09 01:00:00,Texas,Residential,855.65,837.67,945.58,68.66,28.5,58.86,No
100027,2024-01-02 02:00:00,California,Commercial,664.34,674.74,747.33,30.94,43.84,18.77,No
103916,2024-06-12 03:00:00,New York,Industrial,830.33,800.04,865.12,47.02,25.3,61.4,No
100735,2024-01-31 14:00:00,New York,Residential,801.7,863.56,817.2,54.12,36.06,51.9,No
102134,2024-03-29 21:00:00,Florida,Residential,914.82,918.79,1042.46,53.69,38.38,61.18,No
101336,2024-02-25 15:00:00,Texas ,Residential,959.69,1071.86,1103.2,48.25,23.29,49.55,No
104018,2024-06-16 09:00:00,New York,Commercial ,904.75,872.74,961.87,47.08,19.15,73.64,No
100804,2024-02-03 11:00:00,Florida,Commercial ,965.48,933.38,1036.34,53.54,12.79,54.23,No
101596,2024-03-07 11:00:00,Florida,Commercial,971.39,971.88,1086.11,60.11,25.57,30.27,No
103304,2024-05-17 15:00:00,California,Residential,989.63,1077.4,1054.91,49.34,29.92,49.17,No
104583,2024-07-09 22:00:00,California,Residential,594.54,697.45,661.15,50.93,20.7,65.18,No
102900,2024-04-30 19:00:00,Texas,Commercial ,1391.98,1545.77,1515.76,55.6,18.3,75.53,Yes
101748,2024-03-13 19:00:00,California,Residential,995.63,922.65,1006.98,65.21,21.8,42.48,No
101074,2024-02-14 17:00:00,Texas,Industrial,1711.36,1872.65,1827.68,77.93,24.58,52.04,Yes
100587,2024-01-25 10:00:00,Texas,Commercial,1339.61,1572.57,1456.63,78.25,34.03,56.35,Yes
100255,2024-01-11 14:00:00,Texas,Commercial ,1372.71,1398.06,1024.52,55.01,60.54,55.27,Yes
101293,2024-02-23 20:00:00,Florida,Industrial,1340.17,1390.33,1538.05,56.04,14.99,43.92,Yes
104086,2024-06-19 05:00:00,Texas,Residential,825.84,899.53,894.62,51.77,27.68,59.91,No
100813,2024-02-03 20:00:00,Texas,Commercial ,1079.09,1265.86,1229.74,55.77,32.86,27.74,No
104350,2024-06-30 05:00:00,California,Commercial ,588.84,596.72,625.6,44.79,47.7,61.54,No
102556,2024-04-16 11:00:00,New York,Commercial,934.09,852.88,1058.81,44.77,38.55,73.7,No
100777,2024-02-02 08:00:00,California,Industrial,1378.49,1568.44,1579.37,68.42,36.21,20.91,Yes
104633,2024-07-12 00:00:00,California,Residential,671.92,750.06,678.02,55.09,24.55,43.69,No
100506,2024-01-22 01:00:00,Texas,Residential,625.28,712.11,634.45,56.58,34.97,48.36,No
103200,2024-05-13 07:00:00,New York,Residential,861.09,949.62,987.64,52.93,17.56,45.36,No
104690,2024-07-14 09:00:00,New York,Commercial ,882.93,931.15,929,60.24,25.21,49.82,No
100316,2024-01-14 03:00:00,Texas ,Commercial,955.95,887.56,774.77,71.01,16.13,49.74,No
104700,2024-07-14 19:00:00,New York,Commercial ,878.83,877.52,909.25,51.17,37.69,36.65,No
104971,2024-07-26 02:00:00,New York,Residential,586.17,536.43,638.9,48.7,15.34,41.1,No
101838,2024-03-17 13:00:00,California,Industrial,1168.92,1156.96,1297.07,56.55,49.63,28.75,No
103226,2024-05-14 09:00:00,New York,Industrial,1254.47,1153.92,1403.07,63.71,28.07,33.76,No
100908,2024-02-07 19:00:00,California,Residential,995.57,1009.94,1081,62.91,17.43,61.62,No
104730,2024-07-16 01:00:00,Texas,Residential,685.82,628.28,782.82,65.48,22.7,47.16,No
100070,2024-01-03 21:00:00,New York,Residential,955.95,1039.69,1062.06,66.7,38.08,50.62,No
103139,2024-05-10 18:00:00,Florida,Industrial,1310.66,1474.75,1329.64,61.18,20.56,30.45,Yes
104420,2024-07-03 03:00:00,Texas,Industrial,1050.06,1174.62,1111.83,52.42,24.2,53.59,No
101819,2024-03-16 18:00:00,Florida,Commercial ,962.67,884.11,1085.21,38.15,20.96,54.7,No
104990,2024-07-26 21:00:00,Texas ,Commercial ,1270.96,1288.55,1277.33,55.09,25.49,52.31,No
104551,2024-07-08 14:00:00,New York,Residential,861.29,909.75,990.27,57.67,27.84,41.7,No
103165,2024-05-11 20:00:00,Texas,Commercial,1237.62,1233.08,1323.95,63.61,35.11,32.08,No
103938,2024-06-13 01:00:00,Texas,Commercial ,883.33,972.4,904.41,53.24,30.12,34.18,No
103769,2024-06-06 00:00:00,Texas,Commercial,854.66,829.44,914.2,60.62,40.4,61.67,No
1004887,2024-07-22 14:00:00,California,Commercial ,1166.992689,1081.15,1152.91,62.67,15.35,46.92,No
103214,2024-05-13 21:00:00,Texas ,Industrial,955.95,1659.68,1614.44,63.28,29.12,39.95,Yes
103699,2024-06-03 02:00:00,New York,Industrial,746.21,732.9,789.71,51.29,20.85,69.93,No
103616,2024-05-30 15:00:00,Texas,Industrial,1724.65,1710.18,1024.52,62.75,2,51.85,Yes
101021,2024-02-12 12:00:00,Texas ,Commercial,1421.92,1590.02,1622.14,54.61,38.67,65.26,Yes
100502,2024-01-21 21:00:00,Florida,Residential,911.72,990.8,936.66,54.42,34.32,53.45,No
100388,2024-01-17 03:00:00,Texas,Industrial,999.46,1076.89,1001.95,67.24,45.73,48.72,No
102463,2024-04-12 14:00:00,Florida,Industrial,1315.94,1512.29,1401.04,59.23,31.17,78.69,Yes
102500,2024-04-14 03:00:00,New York,Residential,383.01,429.75,407.29,48.61,28.01,53.69,No
104719,2024-07-15 14:00:00,New York,Residential,900.02,1060.53,907.39,60.57,33.28,64.4,No
101216,2024-02-20 15:00:00,California,Commercial ,1161.71,1283.72,1297.09,60.67,24.32,59.98,No
102781,2024-04-25 20:00:00,Texas,Commercial,1258.39,1193.5,1282.75,55.36,25.13,62.43,No
104716,2024-07-15 11:00:00,California,Industrial,1396.78,1618.8,1583.68,61.09,33.63,43.9,Yes
103432,2024-05-22 23:00:00,New York,Industrial,806.81,803.51,911.35,50.45,43.28,39.5,No
100411,2024-01-18 02:00:00,California,Residential,595.69,605.62,611.99,55.36,38.43,43.89,No
101232,2024-02-21 07:00:00,California,Industrial,1495.88,1671.57,1632.72,61.69,26.77,44.54,Yes
100110,2024-01-05 13:00:00,Texas,Industrial,1692.01,1678.37,1757.16,56.01,32.53,44.2,Yes
102555,2024-04-16 10:00:00,Texas,Industrial,1560.72,1702.94,1653.37,53.49,28.05,26.96,Yes
104166,2024-06-22 13:00:00,New York,Commercial ,860.6,824.16,873.72,57.06,11.76,72.86,No
104445,2024-07-04 04:00:00,New York,Industrial,724.74,652.83,761.31,46.99,31.4,58.27,No
103839,2024-06-08 22:00:00,New York,Industrial,610.77,683.6,654.34,61.39,42.28,36.2,No
102645,2024-04-20 04:00:00,Texas,Residential,668.14,672.05,669.85,53.62,35.24,45.53,No
101666,2024-03-10 09:00:00,California,Residential,884.52,858.75,938.96,47.24,28.69,49.92,No
104099,2024-06-19 18:00:00,California,Industrial,1358.45,1320.94,1377.77,71.74,45.14,68.16,No
100732,2024-01-31 11:00:00,California,Commercial,1083.75,986.24,1134.64,63.03,31.02,47.16,No
100222,2024-01-10 05:00:00,Florida,Industrial,776.08,777.67,797.44,55.87,31.85,41.62,No
101790,2024-03-15 13:00:00,Florida,Industrial,1319.06,1192,1414.21,59.21,33.58,39.25,No
102120,2024-03-29 07:00:00,California,Industrial,1481.64,1460.32,1560.97,44.58,19.84,57.14,Yes
102918,2024-05-01 13:00:00,California,Residential,1010.63,1127.48,1073.4,50.5,43.45,66.19,No
100625,2024-01-27 00:00:00,Florida,Residential,435.01,458.29,462.04,59.8,22.73,53.66,No
103847,2024-06-09 06:00:00,New York,Industrial,717.66,813.31,725.45,42.72,23.78,50.96,No
102991,2024-05-04 14:00:00,Texas,Residential,1050.39,1040.3,1143.49,49.33,17.27,32.12,No
101589,2024-03-07 04:00:00,New York,Residential,542.13,536.98,559.6,39.92,37.2,36.7,No
104907,2024-07-23 10:00:00,New York,Commercial ,952.33,1030.93,1020.28,55.09,47.06,49.84,No
104450,2024-07-04 09:00:00,Texas ,Commercial,1224.39,1205.4,1251.53,59.32,3.89,47.7,No
103845,2024-06-09 04:00:00,Texas,Residential,742.27,718.07,770.36,57.09,39.7,68.82,No
102901,2024-04-30 20:00:00,Texas,Industrial,1588.09,1720.75,1626.34,57.16,32.86,53.36,Yes
104070,2024-06-18 13:00:00,California,Residential,821.51,931.17,853.05,60.77,36.62,49.55,No
104169,2024-06-22 16:00:00,California,Commercial,1002.46,922.12,1104.75,62.67,43.38,62.11,No
104362,2024-06-30 17:00:00,Florida,Commercial ,955.95,955.51,1027.99,54.87,13.5,66.83,No
103985,2024-06-15 00:00:00,California,Residential,578.47,564.47,637,48.02,59.23,33.85,No
100178,2024-01-08 09:00:00,New York,Residential,947.85,990.19,1068.2,52.65,22.94,40.77,No
102946,2024-05-02 17:00:00,Texas,Residential,1174.03,1167.59,1225.15,57.98,19.61,64.84,No
100953,2024-02-09 16:00:00,Texas,Commercial ,1204.27,1213.7,1289.25,71.81,20.89,59.26,No
100081,2024-01-04 08:00:00,California,Residential,937.12,1081.31,1024.52,49.84,32.8,45.06,No
103332,2024-05-18 19:00:00,Texas ,Industrial,1391.7,1486.56,1420.84,61.83,32.56,50.89,Yes
104205,2024-06-24 04:00:00,California,Industrial,1096.14,990.53,1130.77,48.6,42.49,77.35,No
101676,2024-03-10 19:00:00,California,Commercial ,915.24,839.37,1030.83,55.96,35.21,52.11,No
102168,2024-03-31 07:00:00,Texas,Commercial,1183.19,1234.22,1225.45,49.3,28.91,55.35,No
102660,2024-04-20 19:00:00,Texas ,Residential,1133.63,1216.54,1152.89,56.84,25.14,49.39,No
100857,2024-02-05 16:00:00,Texas,Residential,1155.17,1353.94,1215.97,67.59,40.94,75.22,Yes
100578,2024-01-25 01:00:00,New York,Industrial,683.73,638.36,683.73,47.01,38.86,46.8,No
102074,2024-03-27 09:00:00,California,Residential,1036.75,977.74,1165.36,55.2,35.59,43.55,No
102457,2024-04-12 08:00:00,New York,Industrial,1228.49,1338.62,1234.79,49.74,29.32,31.82,Yes
101741,2024-03-13 12:00:00,California,Residential,886.93,901.98,982.94,51.64,21.42,43.39,No
102100,2024-03-28 11:00:00,New York,Commercial ,1007.89,937.76,1065.33,53.42,14.42,42.51,No
102673,2024-04-21 08:00:00,Texas ,Commercial ,1076.45,1182.26,1145.36,58.67,34.89,40.8,No
102963,2024-05-03 10:00:00,California,Residential,996.7,921.61,1043.83,58.86,13.29,46.87,No
101744,2024-03-13 15:00:00,Texas,Commercial ,1316.64,1216.39,1359.46,53.11,26.77,85.96,No
102688,2024-04-21 23:00:00,New York,Commercial,578.56,681.9,660.8,64.14,46.13,83.43,No
100678,2024-01-29 05:00:00,New York,Residential,509.19,540.01,520.17,44.94,32,57.24,No
102143,2024-03-30 06:00:00,Texas ,Residential,668.67,703.99,673.12,58.12,28.86,60.06,No
100220,2024-01-10 03:00:00,California,Residential,655.05,639.22,718.76,47.21,32.63,65.22,No
102095,2024-03-28 06:00:00,California,Commercial,800.86,859.15,805.9,45.13,45.14,36.64,No
100638,2024-01-27 13:00:00,California,Commercial ,1080.55,1234.43,1157.38,31.64,25.6,42.6,No
100044,2024-01-02 19:00:00,New York,Residential,902.92,977.46,946.96,52.13,16.91,31.89,No
100211,2024-01-09 18:00:00,Florida,Industrial,1237.38,1130.32,1343.75,50.28,22.73,49.55,No
103881,2024-06-10 16:00:00,Florida,Industrial,1294.81,1458.27,1339.59,61.41,23.08,38.02,Yes
100355,2024-01-15 18:00:00,Texas,Industrial,1632.47,1752.91,1675.38,63.81,31.52,25.79,Yes
102861,2024-04-29 04:00:00,California,Residential,715.08,678.6,745.86,51.45,37.66,69.09,No
103551,2024-05-27 22:00:00,California,Industrial,857.64,981.14,952.88,51.28,26.58,68.74,No
103210,2024-05-13 17:00:00,California,Residential,862.93,794.67,972.95,56.16,44.84,30.98,No
100585,2024-01-25 08:00:00,Florida,Commercial,1178.94,1273.51,1286.76,64.22,35.07,55.05,No
100368,2024-01-16 07:00:00,New York,Commercial,896.6,1037.14,958.41,66.08,21.32,33.58,No
101903,2024-03-20 06:00:00,Texas ,Residential,928.87,876.39,1000.08,59.32,8.42,28.34,No
103785,2024-06-06 16:00:00,California,Industrial,1441.89,1391.89,1624.44,44.66,24.3,41.26,Yes
103338,2024-05-19 01:00:00,Texas ,Industrial,940.65,959.01,1000.16,45.34,37.15,73.54,No
100136,2024-01-06 15:00:00,California,Commercial,1099.25,1120.81,1099.66,51.47,30.22,67.04,No
100839,2024-02-04 22:00:00,Florida,Industrial,846.54,883.84,896.2,61.31,31.41,49.39,No
100048,2024-01-02 23:00:00,Florida,Industrial,905.16,916.65,954.19,42.94,47.64,12.07,No
104525,2024-07-07 12:00:00,California,Residential,856.96,813.48,925.27,51.68,28.58,55.09,No
103457,2024-05-24 00:00:00,Florida,Residential,626.67,646.02,688.79,41.68,34.59,36.26,No
104964,2024-07-25 19:00:00,Texas ,Industrial,1530.45,1476.15,1624.41,58.33,2,70.58,Yes
104303,2024-06-28 06:00:00,Texas ,Commercial ,775.87,715.16,838.21,49.77,21.74,54.3,No
102046,2024-03-26 05:00:00,Texas ,Commercial,745.16,875.92,847.02,67.49,42.99,47.97,No
102313,2024-04-06 08:00:00,New York,Commercial,893.59,848.38,1024.67,53.74,31.48,46.48,No
100062,2024-01-03 13:00:00,California,Industrial,1471.41,1570.21,1561.97,67.06,18.73,32.58,Yes
100658,2024-01-28 09:00:00,New York,Commercial ,989.72,978.62,1004.09,53.73,8.99,58.27,No
102132,2024-03-29 19:00:00,California,Industrial,1686.47,1579.36,1807.07,55.09,29.23,31.73,Yes
100096,2024-01-04 23:00:00,New York,Commercial,777.34,851.39,844.39,58.8,45.38,43.41,No
100479,2024-01-20 22:00:00,New York,Residential,557.17,627.26,592.31,46.81,23.62,49.41,No
101906,2024-03-20 09:00:00,California,Residential,912.25,1020.83,1021.38,59.72,15.44,69.35,No
100849,2024-02-05 08:00:00,Florida,Commercial,922.95,864.9,931.07,44.92,30.44,37.69,No
103791,2024-06-06 22:00:00,California,Commercial ,686.08,665.22,781.62,55.81,49.84,57.77,No
104339,2024-06-29 18:00:00,New York,Commercial,915.4,1022.44,999.5,62.91,35.42,45.3,No
102548,2024-04-16 03:00:00,New York,Commercial,565.38,586.65,580.38,47.9,23.52,29.64,No
103730,2024-06-04 09:00:00,Florida,Commercial,1167.45,1245.92,1325.67,45.23,28.73,80.51,No
100323,2024-01-14 10:00:00,Texas ,Commercial,1190.4,1310.52,1356.41,67.83,20.62,44.75,No
101555,2024-03-05 18:00:00,California,Residential,1048.06,1107.81,1058.77,49.54,53.24,66.83,No
104947,2024-07-25 02:00:00,Florida,Commercial,806.73,864.5,1024.52,55.99,41.6,52.58,No
103660,2024-06-01 11:00:00,California,Commercial ,777.54,704.6,883.73,48.91,30.85,84.98,No
104041,2024-06-17 08:00:00,California,Residential,1061.5,1165.3,1129.44,64.6,19.2,13.46,No
103705,2024-06-03 08:00:00,New York,Commercial,930.62,959.88,1063.81,59.18,31.02,49.55,No
101631,2024-03-08 22:00:00,Texas ,Commercial,913.6,999.27,1017.15,69.49,39.3,95.14,No
103352,2024-05-19 15:00:00,New York,Residential,762.39,730.48,763.51,53.74,36.81,57.57,No
103577,2024-05-29 00:00:00,California,Residential,730.48,746.58,769.63,45.53,42.02,38.01,No
100843,2024-02-05 02:00:00,Texas,Residential,787.52,874.32,844.36,62.39,24.64,69.07,No
100292,2024-01-13 03:00:00,Texas,Residential,658.87,597.55,733.15,60.67,22.14,35.72,No
104516,2024-07-07 03:00:00,New York,Residential,494.54,514.51,499.61,60.04,16.49,56.59,No
104560,2024-07-08 23:00:00,New York,Residential,781.44,711.67,831.08,51.7,32.63,61.26,No
100534,2024-01-23 05:00:00,Florida,Commercial ,736.97,990.29,760.78,58.55,31.1,63.28,No
101953,2024-03-22 08:00:00,Florida,Commercial,1094.64,1057.87,1196.59,50.47,29.4,36.19,No
102571,2024-04-17 02:00:00,New York,Commercial,667.76,607.3,696.03,63.61,20.73,72.47,No
101345,2024-02-26 00:00:00,Texas ,Commercial,841.52,961.18,955.9,52.98,32.94,31.76,No
104448,2024-07-04 07:00:00,California,Residential,994.57,1087.18,1053.37,55.72,27.29,56.34,No
102587,2024-04-17 18:00:00,Texas,Commercial,1296.75,1261.11,1395.37,68.3,20.94,45.23,No
101601,2024-03-07 16:00:00,California,Industrial,1347.6,1375.03,1386.2,50.44,16,66.54,Yes
101591,2024-03-07 06:00:00,Texas ,Commercial,874.61,805.91,882.75,45.02,27.17,27.93,No
104066,2024-06-18 09:00:00,Texas,Industrial,1628.02,1850.58,1735.99,63.45,48.74,43.89,Yes
104093,2024-06-19 12:00:00,New York,Industrial,1169.6,1224.11,1299.63,52.77,45.78,32.37,No
101506,2024-03-03 17:00:00,New York,Commercial ,967.43,946.36,1068.4,73.41,46.41,51.81,No
101243,2024-02-21 18:00:00,California,Industrial,1381.18,1260.59,1485.53,49.09,40.95,53.3,No
103313,2024-05-18 00:00:00,Texas ,Residential,729.43,829.03,766.8,56.53,21.83,40.15,No
104729,2024-07-16 00:00:00,Texas ,Residential,793.28,887.77,853.94,59.29,22.94,52.47,No
101129,2024-02-17 00:00:00,New York,Residential,523.73,541.74,591.9,59.85,18.7,44.44,No
101261,2024-02-22 12:00:00,California,Residential,962.3,1036.93,1061.94,44.17,28.67,34.5,No
103856,2024-06-09 15:00:00,Texas,Residential,1125.3,1270.29,1262.03,57.54,39.62,66.72,No
102711,2024-04-22 22:00:00,California,Residential,641.14,594.85,713.15,60.2,22.46,53.92,No
104547,2024-07-08 10:00:00,Texas,Residential,1136.02,1180.27,1304.93,68.65,9.15,33.48,No
103166,2024-05-11 21:00:00,California,Commercial,828.82,948.9,910.98,55.36,47.15,67.63,No
103995,2024-06-15 10:00:00,New York,Commercial,824.89,817.17,872.53,49.87,30.83,72.96,No
104786,2024-07-18 09:00:00,New York,Residential,977.15,1065.79,1001.6,42.76,67.83,51.54,No
104966,2024-07-25 21:00:00,California,Industrial,1383.94,1502.19,1395.14,55.45,14.27,54.71,Yes
102320,2024-04-06 15:00:00,New York,Industrial,1086.36,1020.83,1163.78,67.61,28.47,46.42,No
101372,2024-02-27 03:00:00,California,Commercial,806.34,794.25,911.47,54.06,15.39,49.55,No
101420,2024-02-29 03:00:00,New York,Industrial,713.19,767.99,815.3,53.67,9.73,45.5,No
101809,2024-03-16 08:00:00,Texas,Commercial,1067.58,1043.44,1176.73,65.24,43.53,37.01,No
104123,2024-06-20 18:00:00,Texas ,Residential,955.95,1433.88,1306,49.05,13.64,56.55,Yes
101871,2024-03-18 22:00:00,California,Industrial,640.48,602.93,682.12,40.36,18.91,41.84,No
101993,2024-03-24 00:00:00,Florida,Residential,955.95,474.12,1024.52,41.77,17.47,31.42,No
102608,2024-04-18 15:00:00,California,Residential,1242.64,1424.97,1395.53,49.15,34.84,84.59,Yes
104988,2024-07-26 19:00:00,Florida,Commercial,1050.76,989.52,1077.59,56.67,34.15,52.26,No
101422,2024-02-29 05:00:00,Florida,Industrial,826.4,808,941.27,49.69,22.09,68.65,No
102023,2024-03-25 06:00:00,New York,Industrial,672.85,636.67,750.53,49.96,34.3,54.62,No
102624,2024-04-19 07:00:00,New York,Residential,869.96,786.65,923.34,53.05,27.32,38.83,No
103941,2024-06-13 04:00:00,Texas ,Industrial,1104.88,1160.72,1180.77,55.42,26.62,50.45,No
104367,2024-06-30 22:00:00,Texas,Industrial,898.77,893.17,933.5,59.54,30.87,22.35,No
104684,2024-07-14 03:00:00,California,Commercial ,741.28,712.4,789.29,56.41,29.47,46.56,No
100945,2024-02-09 08:00:00,California,Industrial,1393.29,1557.14,1418.94,68.46,27.52,54.11,Yes
104807,2024-07-19 06:00:00,Texas,Residential,738.6,869.28,783.64,54.01,22.43,46.01,No
100071,2024-01-03 22:00:00,California,Industrial,999.27,1090.36,1045.85,53.87,15.82,31.04,No
104227,2024-06-25 02:00:00,New York,Commercial,624.88,577.38,707.69,46.25,28.04,62.92,No
102094,2024-03-28 05:00:00,Florida,Residential,525.79,591.83,545.45,46.22,29.48,53.02,No
104009,2024-06-16 00:00:00,Texas ,Industrial,893.25,949.41,1024.52,47.53,42.14,41.98,No
103299,2024-05-17 10:00:00,New York,Residential,905.45,935.7,973.36,37.1,25.44,36.04,No
104763,2024-07-17 10:00:00,Texas ,Industrial,1566.35,1825.65,1646.17,75.93,31.02,57.57,Yes
104416,2024-07-02 23:00:00,New York,Residential,622.3,691.56,710.77,50.18,33.81,59.35,No
102952,2024-05-02 23:00:00,Texas ,Residential,824.03,971.47,905.61,51.4,26.04,67.63,No
100747,2024-02-01 02:00:00,New York,Residential,955.95,465.54,489.98,41.26,17.95,65.09,No
100682,2024-01-29 09:00:00,California,Industrial,1324.82,1243.18,1339.93,62.38,17.55,47.68,No
101221,2024-02-20 20:00:00,New York,Commercial ,823.52,824.74,852.08,60.76,32.59,52.84,No
104894,2024-07-22 21:00:00,California,Residential,975.25,979.51,1102.14,52.65,31.24,42.1,No
100656,2024-01-28 07:00:00,Texas,Residential,1056.78,957.55,1183.99,50.07,32.21,44.44,No
101174,2024-02-18 21:00:00,California,Commercial ,1067.06,1193.13,1102.05,46.89,9.44,35.94,No
103533,2024-05-27 04:00:00,California,Industrial,753.75,724.21,844,48.67,33.47,42.77,No
102268,2024-04-04 11:00:00,Texas ,Commercial,1320.08,1391.67,1392.66,49.93,41.45,59.78,Yes
104389,2024-07-01 20:00:00,Texas,Industrial,1603.4,1702.03,1815.82,60.54,26.91,15.47,Yes
104408,2024-07-02 15:00:00,Texas,Industrial,1692.71,1994.07,1701.58,60.72,31.24,55.09,Yes
102916,2024-05-01 11:00:00,Texas ,Commercial,1290.46,1391.09,1302.49,63.73,26.95,55.82,Yes
103378,2024-05-20 17:00:00,California,Residential,998.24,1093.05,1089.56,51.31,28.22,33.98,No
101097,2024-02-15 16:00:00,California,Residential,1073.37,1105.7,1024.52,55.89,27.81,54.3,No
101756,2024-03-14 03:00:00,California,Commercial,808.06,864.91,832.86,60.35,52.16,71.73,No
104575,2024-07-09 14:00:00,Texas ,Commercial,1335.32,1507.27,1532.14,47.37,24.45,51.12,Yes
103144,2024-05-10 23:00:00,Florida,Commercial,758.68,740.01,832.95,43.76,22.75,48.59,No
100766,2024-02-01 21:00:00,Florida,Residential,1005.88,973.86,1062.56,41.87,28.24,47.01,No
101946,2024-03-22 01:00:00,Florida,Residential,607.69,583.24,620.48,39.03,39.15,64.16,No
104088,2024-06-19 07:00:00,Florida,Industrial,1357.8,1458.81,1365.03,59.16,8.67,56.15,Yes
104141,2024-06-21 12:00:00,California,Commercial,1123.75,1076.24,1131.49,55.22,25.45,49.05,No
104142,2024-06-21 13:00:00,Texas,Residential,1180.91,1145.81,1324.54,57.68,59.62,14.59,No
103130,2024-05-10 09:00:00,California,Residential,1013.42,1171.59,1160.74,59.95,53.27,49.99,No
101011,2024-02-12 02:00:00,California,Commercial ,666.06,779.56,753.54,43.35,32.95,21.71,No
101437,2024-02-29 20:00:00,California,Industrial,1455.44,1700.1,1655.14,46.97,28.58,36.81,Yes
100671,2024-01-28 22:00:00,Texas,Commercial ,710.85,834.29,751.81,53.32,28.12,37.3,No
102084,2024-03-27 19:00:00,New York,Industrial,1211.85,1280.35,1384.16,59.46,29.1,54.39,No
103665,2024-06-01 16:00:00,Florida,Industrial,1213.51,1338.24,1328.31,67.71,38.75,52.27,Yes
103051,2024-05-07 02:00:00,California,Residential,609.32,579.91,695.52,52.7,24.67,34.5,No
100234,2024-01-10 17:00:00,New York,Commercial,1085.12,1196.14,1226.28,59.85,47.63,59.11,No
104607,2024-07-10 22:00:00,California,Commercial ,722.91,710.14,787.49,69.56,25.53,55.16,No
104455,2024-07-04 14:00:00,California,Commercial ,1162.58,1328.04,1284.12,57.21,36.68,48.84,No
100634,2024-01-27 09:00:00,California,Residential,925.91,1009.23,926.81,67.42,17.8,50.3,No
102623,2024-04-19 06:00:00,New York,Residential,450.36,454.45,464.37,53.64,41.17,53.22,No
100416,2024-01-18 07:00:00,New York,Commercial,1015.99,1056.19,1160.07,54.93,4.99,39.04,No
101393,2024-02-28 00:00:00,Texas,Residential,677.15,730.92,752.21,41.37,39.33,49.55,No
101745,2024-03-13 16:00:00,New York,Industrial,1181.91,1079.11,1335.23,62.21,43.72,52.2,No
101188,2024-02-19 11:00:00,Texas,Commercial,1441.99,1399.4,1024.52,51.32,36.35,42.11,Yes
101563,2024-03-06 02:00:00,California,Residential,648.11,720.29,712.83,55.69,27.56,68.53,No
102575,2024-04-17 06:00:00,California,Residential,677.95,688.1,713.35,41.38,39.35,52.86,No
100801,2024-02-03 08:00:00,Texas ,Commercial,1258.48,1425.98,1287.73,60.16,36.78,42.01,Yes
100018,2024-01-01 17:00:00,Florida,Commercial,1020.28,976.97,1079.72,52.57,39.36,61.31,No
103842,2024-06-09 01:00:00,Texas,Commercial ,750.05,715.4,821.87,56.66,29.95,49.55,No
102299,2024-04-05 18:00:00,Texas,Commercial,1396.45,1495.79,1504.71,47.63,13.26,35.73,Yes
104317,2024-06-28 20:00:00,Texas ,Residential,1288.4,1258.76,1351.77,59.87,36.64,50.55,No
103542,2024-05-27 13:00:00,California,Residential,951.11,1065,984.85,47.25,14.73,70.91,No
100597,2024-01-25 20:00:00,Texas ,Commercial,1347.3,1524.66,1510.36,59.22,14.39,42.08,Yes
101331,2024-02-25 10:00:00,Florida,Residential,832.57,898.92,882.08,47.81,27.03,25.24,No
104451,2024-07-04 10:00:00,New York,Commercial,923.9,952.54,1028.65,55.75,31.14,49.55,No
102403,2024-04-10 02:00:00,New York,Industrial,907.27,967.65,934.08,64.64,39.44,43.04,No
103927,2024-06-12 14:00:00,Florida,Industrial,1409.25,1396.94,1452.75,46.55,20.8,31.55,Yes
101457,2024-03-01 16:00:00,Texas ,Industrial,1667.92,1554.69,1705.6,55.42,19.48,56.9,Yes
100916,2024-02-08 03:00:00,New York,Residential,577.62,648.19,619.42,57.72,39.69,59.21,No
100372,2024-01-16 11:00:00,Texas,Commercial,1381.26,1451.06,1403,65.03,58.21,72.77,Yes
101384,2024-02-27 15:00:00,California,Commercial,1148.13,1127.81,1305.97,71.86,23.68,37.64,No
102961,2024-05-03 08:00:00,California,Commercial ,1092.77,1006.63,1202.66,46.48,40.49,35.54,No
103684,2024-06-02 11:00:00,California, Industrial ,1231.38,1372.28,1341.46,70.07,40.9,48.31,Yes
100599,2024-01-25 22:00:00,California,Residential,538.67,565.34,575.4,66.7,20.11,21.92,No
100677,2024-01-29 04:00:00,Texas,Industrial,1067.06,985.69,1183.53,54.02,15.89,74.62,No
100239,2024-01-10 22:00:00,Florida,Residential,955.95,553.57,556.14,52.91,45.29,56.05,No
103464,2024-05-24 07:00:00,Florida,Commercial ,1056.34,1030.89,1024.52,58.32,35.55,45.02,No
104330,2024-06-29 09:00:00,California,Commercial ,923.2,1002.35,997.48,40.89,33.88,55.34,No
102496,2024-04-13 23:00:00,New York,Residential,448.68,422.62,460.67,48.19,41.61,49.55,No
104214,2024-06-24 13:00:00,California,Commercial,1135.17,1093.08,1275,63.67,25.48,37.68,No
101362,2024-02-26 17:00:00,California,Industrial,1462.09,1567.42,1492.22,51.59,34.38,32.14,Yes
102593,2024-04-18 00:00:00,Florida,Residential,552.49,595.72,603.89,55.4,39.63,61.41,No
103530,2024-05-27 01:00:00,New York,Industrial,821.21,883.64,890.06,66.33,31.34,43.68,No
102802,2024-04-26 17:00:00,New York,Residential,913.83,1025.13,997.23,60.83,28.3,40.4,No
103337,2024-05-19 00:00:00,New York,Industrial,605.05,710.2,665.14,49.91,14.62,39.92,No
100752,2024-02-01 07:00:00,New York,Commercial ,1002.5,979.62,1124.66,40.7,34.18,42.99,No
104014,2024-06-16 05:00:00,California,Residential,529.19,520.8,597.83,55.1,28.22,43.89,No
102053,2024-03-26 12:00:00,California,Industrial,1567.16,1661.12,1664.87,67.13,31.61,53.71,Yes
101058,2024-02-14 01:00:00,New York,Industrial,761.34,690.02,767.14,36.27,30.32,39.14,No
104292,2024-06-27 19:00:00,Texas,Industrial,955.95,1605.05,1737.09,64.85,39.77,39.92,Yes
104573,2024-07-09 12:00:00,California,Residential,1018.13,1148.75,1080.08,39.89,60.64,59.05,No
103560,2024-05-28 07:00:00,New York,Commercial ,941.18,916.14,1012.28,56.5,18.93,87.87,No
100806,2024-02-03 13:00:00,Texas ,Residential,1088.13,1036.61,1096.91,45.59,33.49,14.11,No
103101,2024-05-09 04:00:00,Texas,Commercial ,784.42,794.03,860.09,47.32,29.66,50.34,No
103830,2024-06-08 13:00:00,California,Commercial,1004.78,933.97,6378.977833,61.63,18.65,47.03,No
100622,2024-01-26 21:00:00,California,Industrial,1378.13,1613.51,1523.35,62.63,36.92,23.68,Yes
103183,2024-05-12 14:00:00,California,Residential,912.9,974.19,914.42,47.94,41.84,66.25,No
103698,2024-06-03 01:00:00,Texas ,Industrial,1230.02,1254.02,1281.43,54.67,28.38,33.25,No
100567,2024-01-24 14:00:00,New York,Residential,913.24,864.56,1018.31,54.12,39.03,28.72,No
101514,2024-03-04 01:00:00,Texas,Commercial ,834.7,939.96,920.69,56.78,14.89,11.55,No
101245,2024-02-21 20:00:00,Texas ,Residential,1159.61,1289.28,1294.31,47.18,30.03,45.11,No
103834,2024-06-08 17:00:00,New York,Industrial,1039.96,1049.92,1024.52,53.27,18.33,36.07,No
100052,2024-01-03 03:00:00,California,Commercial ,786.8,784.12,850.86,52.24,21.81,39.78,No
104768,2024-07-17 15:00:00,Texas,Residential,1166.44,1107.31,1254.12,49.2,20.46,34.51,No
103670,2024-06-01 21:00:00,New York,Commercial ,806.14,778.74,860.66,44.28,36.72,23.5,No
102373,2024-04-08 20:00:00,Texas ,Residential,1315.47,1369.34,1415.84,62.26,41.7,31.03,Yes
101947,2024-03-22 02:00:00,New York,Residential,590.79,686.32,604.94,63.07,34.77,74.07,No
100535,2024-01-23 06:00:00,Texas ,Residential,760.27,779.84,858.37,51.99,27.15,45.3,No
103245,2024-05-15 04:00:00,Texas ,Commercial,938.04,849.69,1012.83,62.33,14.77,30.98,No
101729,2024-03-13 00:00:00,California,Industrial,839.33,763.74,893.9,49.39,33.36,55.22,No
100444,2024-01-19 11:00:00,New York,Industrial,1109.54,1211.92,1147.35,57.32,31.96,53.62,No
103028,2024-05-06 03:00:00,Florida,Residential,590.51,629.93,591.01,44,54.02,81.56,No
100196,2024-01-09 03:00:00,California,Commercial ,894.62,932.84,910.04,42.53,29.82,49.36,No
101201,2024-02-20 00:00:00,Texas ,Residential,756.83,847.28,766.29,68.65,30.12,27.03,No
100812,2024-02-03 19:00:00,California,Industrial,1171.78,1327.73,1201.62,69.72,33.15,39.44,No
101667,2024-03-10 10:00:00,California,Commercial,906.08,1020.87,916.3,51.34,35.93,35.65,No
101706,2024-03-12 01:00:00,Texas,Commercial ,960.1,1097.62,1070.26,64.74,31.25,64.35,No
104658,2024-07-13 01:00:00,Florida,Residential,547.91,618.65,559.12,52.79,3.74,51.33,No
103989,2024-06-15 04:00:00,California,Commercial ,624.7,642.76,634.11,51.53,28.22,49.55,No
103022,2024-05-05 21:00:00,New York,Commercial ,761.57,781.25,869.74,53.46,19.97,39.58,No
102846,2024-04-28 13:00:00,New York,Industrial,1047.74,1016.16,1086.96,59.56,32.74,56.95,No
102978,2024-05-04 01:00:00,Texas,Residential,749.46,810.95,800.69,52.57,17.07,45.91,No
101944,2024-03-21 23:00:00,Texas ,Residential,697.66,795.71,772.7,51.26,37.07,28.27,No
100645,2024-01-27 20:00:00,Texas,Industrial,1433.95,1535.19,1557.27,63.81,24.05,45.43,Yes
102324,2024-04-06 19:00:00,California,Residential,905.77,994.37,932.86,45.45,26.31,58.48,No
103587,2024-05-29 10:00:00,New York,Commercial ,811.12,759.08,870.85,54.23,32.14,43.92,No
101376,2024-02-27 07:00:00,California,Residential,876.16,995.87,1024.52,54,27.21,49.23,No
104443,2024-07-04 02:00:00,California,Residential,607.02,622.95,669.59,55.09,34.07,66.21,No
100121,2024-01-06 00:00:00,California,Commercial,481.42,566.31,534.92,54.1,20.83,49.92,No
101965,2024-03-22 20:00:00,Florida,Commercial,1057.51,1059.49,1174.9,59.64,24.5,27.73,No
101198,2024-02-19 21:00:00,New York,Commercial ,886.08,946.84,986.37,54.7,51.79,32.05,No
104934,2024-07-24 13:00:00,New York,Residential,963.2,1086.55,1087.45,46.74,13.3,55.48,No
102716,2024-04-23 03:00:00,California,Industrial,914.58,1035.38,968.77,56.1,41.49,54.1,No
102022,2024-03-25 05:00:00,Florida,Commercial ,703.55,777.44,728.69,54.68,13.39,80.26,No
100135,2024-01-06 14:00:00,New York,Industrial,1031.25,1104.85,1159.13,55.73,14.91,55.03,No
104797,2024-07-18 20:00:00,Texas,Industrial,1717.51,1845.1,1802.29,59.36,26.36,77.81,Yes
102026,2024-03-25 09:00:00,California,Industrial,1331.14,1368.64,1498.32,57.96,26.7,49.55,Yes
104582,2024-07-09 21:00:00,California,Industrial,1356.28,1330.37,1449.06,61.59,32.22,43.2,No
100185,2024-01-08 16:00:00,California,Residential,902.68,851.73,979.71,60.7,9.96,40.91,No
103081,2024-05-08 08:00:00,Texas ,Commercial,1160.24,1106.62,1177.69,53.56,22.13,48.63,No
101703,2024-03-11 22:00:00,California,Residential,735.6,833.16,809.97,37.15,65.46,56.64,No
101127,2024-02-16 22:00:00,Texas,Industrial,1037.63,1011.08,1103.69,56.53,44.41,61.16,No
100063,2024-01-03 14:00:00,California,Industrial,1314.29,1289.91,1495.72,67.7,47.61,39.47,No
103197,2024-05-13 04:00:00,New York,Residential,488.38,484.43,551.51,55,16.61,51.19,No
104749,2024-07-16 20:00:00,New York,Residential,757.32,771.26,771.49,59.65,31.02,87.2,No
103783,2024-06-06 14:00:00,Texas,Commercial,1439.38,1326.83,1554.77,66.09,29.68,49.88,No
104456,2024-07-04 15:00:00,Texas,Commercial,1349.37,1407.64,1351.78,72.03,41.14,43.21,Yes
104063,2024-06-18 06:00:00,Texas ,Residential,700.83,809.95,743.12,66.26,30.78,53.02,No
100252,2024-01-11 11:00:00,New York,Industrial,1160.62,1353.43,1243.66,66.46,59.47,77.66,Yes
101019,2024-02-12 10:00:00,New York,Industrial,1084.51,1165.09,1192,48.34,39.06,66.9,No
102421,2024-04-10 20:00:00,Texas,Residential,1203.88,1416.91,1232.33,59.3,42.56,29.86,Yes
101169,2024-02-18 16:00:00,Texas,Residential,1141.96,1072.01,1199.03,55.73,37.56,38.27,No
102656,2024-04-20 15:00:00,New York,Residential,670.67,779.09,732.89,43.38,35.2,34.31,No
101570,2024-03-06 09:00:00,New York,Commercial,959.87,989.18,1074.69,58.95,34.44,67.63,No
100123,2024-01-06 02:00:00,California,Residential,458.06,416.21,504.07,50.95,43.01,52.31,No
101771,2024-03-14 18:00:00,New York,Residential,886.16,854.04,938.69,49.89,21.09,26.73,No
103293,2024-05-17 04:00:00,New York,Residential,555.11,650.82,603.73,49.73,36.04,89.08,No
102945,2024-05-02 16:00:00,Texas ,Commercial,955.95,1238.26,1372.15,54.43,36.34,62.74,No
104906,2024-07-23 09:00:00,Texas,Commercial,1198.42,1276.7,1219.65,57.64,13.96,56.95,No
100568,2024-01-24 15:00:00,New York,Residential,965.1,991.08,995.49,40.4,32.03,31.23,No
103861,2024-06-09 20:00:00,California,Industrial,1205.63,1265.85,1344.55,44.02,50.54,89.22,No
103246,2024-05-15 05:00:00,Texas,Residential,837.39,840.6,1024.52,57.36,21.38,32.08,No
101346,2024-02-26 01:00:00,New York,Residential,523.72,550,595.42,46.46,29.25,71.42,No
100965,2024-02-10 04:00:00,California,Industrial,818.63,775.73,869.38,55.09,23.29,69.86,No
104338,2024-06-29 17:00:00,New York,Industrial,1002.88,1178.18,1083.74,57.58,27.45,29.52,No
102349,2024-04-07 20:00:00,Florida,Residential,887.94,932.28,992.27,38.46,44.78,40.1,No
101035,2024-02-13 02:00:00,Texas,Industrial,1106.75,1016.46,1196.08,54.22,23.54,49.45,No
104190,2024-06-23 13:00:00,Texas ,Commercial ,1023.7,1117.26,1073.44,47.03,46.47,60.62,No
101808,2024-03-16 07:00:00,California,Commercial,1034.72,1196.42,1083.28,57.54,35.11,38.71,No
100721,2024-01-31 00:00:00,New York,Residential,521.99,547.14,560.49,50.1,40.39,50.45,No
104857,2024-07-21 08:00:00,Texas,Residential,1072.43,1040.42,1120.19,54.49,40.22,50.97,No
102611,2024-04-18 18:00:00,California,Commercial,1039.96,1016.72,1134.36,49.15,17.43,54.8,No
103253,2024-05-15 12:00:00,Florida,Residential,870.46,972.4,878.53,45.26,31.36,25.64,No
101339,2024-02-25 18:00:00,Texas,Industrial,1375.51,1521.32,1490.48,65.75,30.95,51,Yes
104870,2024-07-21 21:00:00,California,Residential,885.29,799.42,1024.52,49.73,8.36,76.83,No
100603,2024-01-26 02:00:00,Texas,Residential,902.18,886.43,935.03,57.03,34.77,49.55,No
103788,2024-06-06 19:00:00,New York,Residential,692,659.66,788.54,64.33,43.28,73.29,No
104346,2024-06-30 01:00:00,New York,Industrial,881.87,921.17,903.28,62.64,27.91,68.22,No
102881,2024-04-30 00:00:00,California,Residential,573.33,669.03,604.19,41.82,18.85,56.31,No
103521,2024-05-26 16:00:00,California,Commercial,982.17,1042.3,1124.85,59.5,57.69,34.62,No
100319,2024-01-14 06:00:00,Texas,Residential,671.17,659.89,694.7,48.16,42.69,49.55,No
102522,2024-04-15 01:00:00,Texas,Industrial,955.95,1011.12,1153.42,63.75,27.35,79.45,No
103146,2024-05-11 01:00:00,New York,Residential,560.4,596.9,580.44,50.49,38.96,55.76,No
100275,2024-01-12 10:00:00,Florida,Industrial,1269.4,1442.92,1314.58,59.2,33.81,16.17,Yes
103131,2024-05-10 10:00:00,California,Residential,958.29,974.85,1049.72,49.17,18.3,67.86,No
100550,2024-01-23 21:00:00,California,Residential,1019.1,1011.78,1160.88,38.12,24.95,54.18,No
101435,2024-02-29 18:00:00,Texas,Residential,1220.62,1189.46,1315.35,56.49,39.37,57.01,No
100860,2024-02-05 19:00:00,Texas,Industrial,1720.01,1932.39,1814.14,75.73,43.49,33.83,Yes
104938,2024-07-24 17:00:00,Florida,Residential,911.05,1023.93,915.87,51.48,28.56,45.66,No
103003,2024-05-05 02:00:00,California,Residential,477.4,434.88,537.58,41.56,31.02,37.89,No
100606,2024-01-26 05:00:00,New York,Industrial,764.71,888.94,877.99,59.75,23.65,39.1,No
102785,2024-04-26 00:00:00,California,Industrial,792.92,738.1,812.69,45.55,37.79,46.3,No
100528,2024-01-22 23:00:00,California,Residential,595.48,646.29,661.13,49.12,31.02,26.61,No
101718,2024-03-12 13:00:00,Texas ,Commercial,1236.33,1268.68,1252.33,66.31,47.12,57.13,No
102985,2024-05-04 08:00:00,Florida,Commercial,980.27,903.38,1097.78,43.42,42.02,55.47,No
104725,2024-07-15 20:00:00,California,Residential,845.66,808.47,912.31,48.83,48.74,39.31,No
104940,2024-07-24 19:00:00,California,Residential,1020.79,954.36,1172.14,46.81,36.6,40.45,No
104871,2024-07-21 22:00:00,New York,Commercial,642.02,632.67,649.25,50.23,42.89,31.81,No
101873,2024-03-19 00:00:00,Florida,Industrial,760.19,810.32,835.64,60.95,26.4,59.43,No
104899,2024-07-23 02:00:00,Texas,Commercial ,714.31,660.45,743.45,46.75,34.91,42.42,No
100299,2024-01-13 10:00:00,Florida,Commercial,1067.42,1148.26,1218.28,68.68,26.88,61.57,No
103103,2024-05-09 06:00:00,New York,Commercial,705.89,654.69,1024.52,51.67,19.25,59.86,No
102585,2024-04-17 16:00:00,Florida,Industrial,1337,1538.73,1432.3,45.2,20.48,31.29,Yes
103309,2024-05-17 20:00:00,New York,Commercial,997.64,1092.27,1070.15,48.16,24.18,46.16,No
103436,2024-05-23 03:00:00,New York,Commercial,570.36,608.68,655.21,53.83,27.67,71.52,No
103794,2024-06-07 01:00:00,Texas ,Residential,748.51,871.87,824.88,53.04,39.47,43.93,No
101874,2024-03-19 01:00:00,California,Commercial,709.43,709.68,753.12,56.13,13.62,39.17,No
101615,2024-03-08 06:00:00,California,Residential,667.85,736.42,758.38,48.8,17.86,30.5,No
102489,2024-04-13 16:00:00,Florida,Industrial,1261.75,1192.32,1417.75,49.29,25.46,70.59,No
100151,2024-01-07 06:00:00,New York,Commercial,487.43,536.91,496.44,49.11,40.29,50.69,No
100757,2024-02-01 12:00:00,Florida,Industrial,1276.86,1322.35,1423.95,59.59,28.9,51.56,No
101753,2024-03-14 00:00:00,Texas,Commercial,873.54,999.44,974.43,44.05,27.1,27.65,No
102519,2024-04-14 22:00:00,Texas ,Commercial ,813.25,811.66,855,64.04,41.51,44.48,No
101118,2024-02-16 13:00:00,California,Industrial,1317.24,1296.74,1445.64,60.15,22.99,41.07,No
104353,2024-06-30 08:00:00,New York,Commercial ,1004.02,1140.33,1011.57,68,22.99,41.72,No
101184,2024-02-19 07:00:00,New York,Industrial,1215.65,1130.79,1294.35,52.48,17.81,50.16,No
101213,2024-02-20 12:00:00,Texas,Commercial,1381.54,1437.25,1504.22,44.78,32.27,37.33,Yes
104770,2024-07-17 17:00:00,California,Residential,892.05,956.52,972.29,58.19,45.7,54.08,No
100377,2024-01-16 16:00:00,California,Industrial,1524.89,1465.59,1591.85,44.51,19.07,66.52,Yes
101050,2024-02-13 17:00:00,Texas,Industrial,1661.39,1679.81,1821.95,55.99,27.4,50.11,Yes
104131,2024-06-21 02:00:00,California,Commercial,955.95,990.29,841.46,55.18,39.88,44.14,No
102318,2024-04-06 13:00:00,New York,Residential,590.99,549.84,615.5,41.16,31.98,38.29,No
103611,2024-05-30 10:00:00,Florida,Commercial,1115.55,1032.11,1199.62,58.73,43.1,18.44,No
100379,2024-01-16 18:00:00,California,Commercial ,1046.32,1188.51,1092.11,71.16,33.64,26.15,No
101834,2024-03-17 09:00:00,Texas ,Industrial,1349.07,1449.33,1445.61,50.97,24.99,30.35,Yes
104404,2024-07-02 11:00:00,New York,Commercial,992.32,921.77,1125.9,58.98,29.21,41.08,No
104773,2024-07-17 20:00:00,California,Residential,977.31,1093.92,1040.08,55.39,37.32,42,No
104435,2024-07-03 18:00:00,Texas,Commercial,1159.37,1044.46,1250.95,50.68,29.96,57.12,No
104687,2024-07-14 06:00:00,Texas,Commercial,849.97,902,882.68,55.09,28.4,59.07,No
104326,2024-06-29 05:00:00,New York,Industrial,777.21,913.32,835.92,58.92,21.22,37.51,No
101721,2024-03-12 16:00:00,Texas,Residential,1211.06,1216.24,1362.79,58.77,26.82,59.86,No
102887,2024-04-30 06:00:00,Florida,Residential,691.93,651.2,777.11,47.2,15.94,42.49,No
101352,2024-02-26 07:00:00,Florida,Industrial,1409.02,1508.33,1491.12,55.09,39.19,44.72,Yes
102820,2024-04-27 11:00:00,New York,Residential,1065.57,1130.2,1176.92,57.97,32.39,27.01,No
102315,2024-04-06 10:00:00,New York,Residential,644.75,691.85,702.57,54.61,29.75,47.31,No
104541,2024-07-08 04:00:00,Texas,Residential,798.15,815.24,858,54.08,26.12,49.55,No
100795,2024-02-03 02:00:00,Texas,Industrial,935.83,996.61,1004.46,54.53,50.15,76.95,No
104285,2024-06-27 12:00:00,Florida,Commercial ,1083.38,1088.61,1098.51,49.95,56.14,69.01,No
100842,2024-02-05 01:00:00,Texas ,Residential,877.81,994.64,946.64,52.71,37.45,59.76,No
104739,2024-07-16 10:00:00,New York,Commercial,1001.52,1087.47,1002.32,48.23,24.17,60.65,No
104101,2024-06-19 20:00:00,Florida,Industrial,1376.36,1424.75,1533.63,55.98,35.34,39.51,Yes
100176,2024-01-08 07:00:00,Texas,Commercial ,1322.51,1392.5,1346.39,55.09,19.16,61.25,Yes
102527,2024-04-15 06:00:00,California,Industrial,892.83,878.7,920.88,51.54,35.99,38.37,No
102790,2024-04-26 05:00:00,New York,Industrial,751.72,718.14,762.79,46.26,49.59,29.04,No
103621,2024-05-30 20:00:00,Texas ,Industrial,1710.56,1652.85,1928.05,73.98,23.96,68,Yes
100046,2024-01-02 21:00:00,Texas ,Industrial,1563.81,1748.38,1736.55,55.53,21.26,51.58,Yes
102805,2024-04-26 20:00:00,Florida,Residential,988.23,954.82,1045.52,51.07,37.41,68.49,No
100897,2024-02-07 08:00:00,California,Industrial,1331.58,1533.5,1471.56,45.06,30.75,61.2,Yes
103732,2024-06-04 11:00:00,New York,Residential,852.51,813.3,961.9,52.27,17.28,38.49,No
102884,2024-04-30 03:00:00,Texas,Commercial ,913.5,926.3,1045.3,48.18,30.38,-1.54,No
104134,2024-06-21 05:00:00,Florida,Commercial,683.68,708.82,726.84,33.53,39.09,73.41,No
101685,2024-03-11 04:00:00,Texas,Residential,853.72,965.13,928.7,50.57,27.87,60.34,No
104543,2024-07-08 06:00:00,California,Commercial,682.34,749.71,747.28,45.25,38.98,49.06,No
103205,2024-05-13 12:00:00,Texas ,Residential,1231.61,1400.26,1305.08,64.69,31.49,65.5,Yes
104901,2024-07-23 04:00:00,Texas,Residential,882.66,1034.83,903.05,55.03,31.71,56.6,No
101740,2024-03-13 11:00:00,New York,Industrial,1180.35,1165.87,1320.5,51.01,42.82,54.9,No
104006,2024-06-15 21:00:00,California,Commercial,1137.92,1163.91,1238.71,57.42,4.64,48.92,No
102471,2024-04-12 22:00:00,California,Commercial ,672.91,784.2,755.88,56.87,39.94,55.38,No
100284,2024-01-12 19:00:00,Texas,Commercial ,1321.6,1197.12,1454.55,53.78,30,51.96,No
102510,2024-04-14 13:00:00,New York,Industrial,1065.07,1254.02,1181.03,62.95,21.63,72.69,No
102227,2024-04-02 18:00:00,California,Commercial ,1133.23,1254.06,1219.15,56.86,17.09,46.98,No
102635,2024-04-19 18:00:00,Texas ,Residential,1082.01,993.5,1091.05,52.11,3.51,49,No
103454,2024-05-23 21:00:00,New York,Commercial,1055.04,1066.69,1071.3,45.95,43.24,27.1,No
101671,2024-03-10 14:00:00,New York,Commercial,825.64,913.46,836.75,42.04,8.02,38.93,No
101282,2024-02-23 09:00:00,Texas ,Industrial,1599.75,1885.4,1704.07,71.96,16.38,53.71,Yes
100894,2024-02-07 05:00:00,New York,Residential,555.41,560.38,604.35,41.06,30.21,31.32,No
102112,2024-03-28 23:00:00,California,Industrial,950.78,1009.02,1062.75,64.1,40.95,26.42,No
102293,2024-04-05 12:00:00,California,Residential,1067.52,1018.04,1131.91,43.91,12.25,35.36,No
102620,2024-04-19 03:00:00,California,Commercial,860.87,808.59,940.07,56.54,27.06,40.69,No
101733,2024-03-13 04:00:00,Florida,Industrial,833.42,767.92,917.15,55.55,27.43,57.01,No
104664,2024-07-13 07:00:00,California,Residential,872.38,991.32,987.03,74.84,21.05,42.03,No
101893,2024-03-19 20:00:00,California,Industrial,1376.72,1396.49,1578.65,59.5,51.73,32.26,Yes
101780,2024-03-15 03:00:00,California,Residential,653.9,648.37,693.46,49.12,27.98,40.64,No
104741,2024-07-16 12:00:00,Texas ,Residential,1093.24,1033.45,1192.45,53.09,46.86,59.13,No
102743,2024-04-24 06:00:00,California,Residential,723.86,752.96,805.18,63.4,42.57,51.66,No
104600,2024-07-10 15:00:00,California,Commercial,1027.25,1063.41,1141.45,50.21,25.72,41.51,No
101872,2024-03-18 23:00:00,California,Residential,672.81,664.85,752.86,44.06,16.75,53.84,No
101539,2024-03-05 02:00:00,California,Commercial,776.98,785.19,818.19,49.28,24.8,36.56,No
103259,2024-05-15 18:00:00,New York,Industrial,1238.61,1178.55,1328.22,54.47,49.14,54.39,No
100100,2024-01-05 03:00:00,Texas,Residential,914.06,865.98,964.31,50.53,39.44,37.72,No
102108,2024-03-28 19:00:00,New York,Commercial,915.19,971.32,1034.21,74.27,25.35,48.58,No
104656,2024-07-12 23:00:00,Texas,Industrial,968.81,932.36,981.98,59.76,39.28,39.98,No
102270,2024-04-04 13:00:00,Florida,Commercial,1016.65,1051.94,1099.35,54.87,31.26,46.45,No
101254,2024-02-22 05:00:00,Texas,Residential,816.41,873.75,931.59,54.79,46.6,42.93,No
100352,2024-01-15 15:00:00,California,Industrial,1296.35,1326.9,1397.58,58.73,21.2,41.43,No
104480,2024-07-05 15:00:00,Florida,Residential,1000.23,961.99,1003.71,38.48,33.9,46.19,No
104295,2024-06-27 22:00:00,New York,Industrial,830.58,797.79,932.16,61.15,25.54,45.33,No
100932,2024-02-08 19:00:00,California,Commercial,1063.1,1180.99,1198.16,57.03,50.23,45.35,No
100719,2024-01-30 22:00:00,Texas,Residential,824.09,925,879.33,56.57,7.12,55.51,No
102754,2024-04-24 17:00:00,California,Commercial,994.25,903.94,1089.48,55.75,24.66,47.13,No
104479,2024-07-05 14:00:00,Florida,Commercial,1079.58,1216.82,1176.77,70.32,29.65,25.33,No
102521,2024-04-15 00:00:00,Texas ,Commercial,929.66,1081.51,1013.33,49.59,37.03,23.05,No
100309,2024-01-13 20:00:00,California,Commercial ,900.15,965.93,911.14,46.03,35.57,61.21,No
103286,2024-05-16 21:00:00,Texas,Commercial ,1244.81,1204.88,1359.9,66.42,44.54,22.61,No
100834,2024-02-04 17:00:00,Texas,Commercial,955.95,1138.85,1045.45,64.73,44,39.35,No
100367,2024-01-16 06:00:00,New York,Industrial,838.95,956.88,907.82,50.45,26,48.07,No
104528,2024-07-07 15:00:00,New York,Residential,774.65,750.14,879.28,56.49,27.25,50.15,No
102119,2024-03-29 06:00:00,Texas,Residential,732.54,697.21,780.94,44.91,38.2,25.83,No
104112,2024-06-20 07:00:00,Florida,Industrial,1351.19,1346.18,1351.48,62.35,41.61,33.42,Yes
103832,2024-06-08 15:00:00,California,Commercial,1129.18,1317.59,1264.24,47.76,23.87,47.94,No
102589,2024-04-17 20:00:00,California,Industrial,1300.93,1327.21,1420.02,63.57,24.05,52.02,No
104717,2024-07-15 12:00:00,Florida,Residential,1058.93,1050.78,1173.7,56.57,27.69,63.95,No
100020,2024-01-01 19:00:00,California,Commercial ,1132.9,1232.86,1133.64,53.29,37,49.48,No
104194,2024-06-23 17:00:00,Texas ,Commercial ,1134.74,1035.73,1147.39,60.56,16.25,40.86,No
102093,2024-03-28 04:00:00,California,Residential,697.4,652.69,781.55,57.43,21.69,46.27,No
101449,2024-03-01 08:00:00,New York,Residential,913.6,942.88,978.16,51.57,42.1,48.05,No
100219,2024-01-10 02:00:00,Florida,Residential,608.1,575.03,665.62,48.25,29.68,34.06,No
101537,2024-03-05 00:00:00,California,Residential,661.8,683.58,685.22,37.65,15.82,58.39,No
100439,2024-01-19 06:00:00,Texas ,Residential,788.67,806.76,788.99,49.29,36.99,38.93,No
101955,2024-03-22 10:00:00,New York,Commercial ,928.99,1038.92,949.26,55.49,40.37,49.28,No
103823,2024-06-08 06:00:00,California, Residential ,552.49,505.19,627.9,64.07,11.85,46.33,No
103350,2024-05-19 13:00:00,California,Residential,861.05,973.72,965.51,55.41,31.87,68.43,No
103497,2024-05-25 16:00:00,California,Industrial,1208.89,1349.82,1251.48,58.12,31.02,37.41,Yes
102418,2024-04-10 17:00:00,Texas,Residential,1079.03,1167.77,1236.84,55.66,43.68,47.75,No
104693,2024-07-14 12:00:00,California,Commercial,916.71,937.49,980.04,64.51,24.7,56.11,No
103997,2024-06-15 12:00:00,California,Residential,856.27,802.75,951.13,54.51,11.67,38.62,No
102816,2024-04-27 07:00:00,California,Industrial,1102.5,1300.55,1115.97,55.59,29.6,57.07,No
100803,2024-02-03 10:00:00,Florida,Commercial,830.19,846.53,868.5,56.33,42.97,37.75,No
104033,2024-06-17 00:00:00,Texas,Commercial,835.05,923.81,899.36,54.03,21.33,48.81,No
103292,2024-05-17 03:00:00,California,Residential,636.15,656.38,647.66,54.9,38.66,45.42,No
104801,2024-07-19 00:00:00,Texas,Commercial ,849.04,970.04,904.62,51.99,42.75,38.82,No
101727,2024-03-12 22:00:00,Florida,Commercial,700.82,738.09,724.4,51.77,33.88,53.69,No
100583,2024-01-25 06:00:00,New York,Commercial ,758.02,885.61,821.85,56.94,13.77,57.05,No
100204,2024-01-09 11:00:00,New York,Residential,752.13,715.41,754.3,64.16,31.89,67.51,No
104110,2024-06-20 05:00:00,Florida,Residential,596.71,638.34,673.64,54.53,52.74,51.93,No
103480,2024-05-24 23:00:00,New York,Industrial,788.26,725.1,791.49,40.25,20.4,59.86,No
102292,2024-04-05 11:00:00,California,Residential,980.22,1145.99,1057.87,59.77,23.31,95.04,No
102222,2024-04-02 13:00:00,Florida,Commercial,1018.54,970.57,1070.09,34.56,46.14,37.57,No
103471,2024-05-24 14:00:00,Texas,Residential,1137.78,1074.84,1235.48,56.08,36.68,63.97,No
102911,2024-05-01 06:00:00,California,Commercial ,676.88,617.74,702.46,60.29,17.55,70.19,No
104230,2024-06-25 05:00:00,California,Residential,620.32,644.23,698.25,42.83,26.57,39.47,No
101936,2024-03-21 15:00:00,California,Industrial,1433.55,1639.54,1641.87,64.92,29.83,70.22,Yes
102319,2024-04-06 14:00:00,New York,Commercial,927.26,1022.6,934.23,65.12,4.55,36.44,No
103520,2024-05-26 15:00:00,California,Residential,1024.91,1136.98,1026.21,58.84,35.58,69.82,No
103414,2024-05-22 05:00:00,New York,Commercial,548.63,589.18,597.74,44.23,36.8,55.99,No
100518,2024-01-22 13:00:00,California,Residential,1003.54,1023.26,1069.23,60.66,27.35,55.09,No
101211,2024-02-20 10:00:00,New York,Industrial,1316.13,1209.26,1409.65,54.81,19.6,29.71,No
101375,2024-02-27 06:00:00,California,Residential,612.02,665.38,672.98,53.44,31.61,47.74,No
104038,2024-06-17 05:00:00,California,Commercial ,686.07,699.38,723.03,47.85,21.82,49.82,No
100669,2024-01-28 20:00:00,California,Residential,906.78,842.82,977.75,57.68,38.14,45.58,No
101861,2024-03-18 12:00:00,California,Residential,905.24,1013.6,924.09,62.34,21.71,85.85,No
101452,2024-03-01 11:00:00,Florida,Industrial,1331.2,1283.76,1512.26,53.37,19.84,32.21,No
104957,2024-07-25 12:00:00,New York,Residential,920.7,1008.56,1024.52,55.09,35.05,38.65,No
101922,2024-03-21 01:00:00,Texas,Residential,804.67,753.85,855.19,61.91,18.44,71.13,No
101565,2024-03-06 04:00:00,California,Residential,689.25,730.74,779.82,53.62,3.54,56.06,No
101271,2024-02-22 22:00:00,Texas ,Commercial,789.59,818.63,826.78,58.82,14.51,61.12,No
102400,2024-04-09 23:00:00,Florida,Commercial,717.77,713.94,759.45,45.48,43.24,67.22,No
102165,2024-03-31 04:00:00,New York,Residential,415.84,427.31,430.31,36.68,2,52.37,No
103406,2024-05-21 21:00:00,California,Residential,961.8,1131.83,983.55,52.51,31.93,40.44,No
103456,2024-05-23 23:00:00,Texas,Residential,871.46,908.85,910.91,69.14,35.46,47.1,No
101193,2024-02-19 16:00:00,California,Commercial ,1027.32,1108.96,1153.43,53.2,45.37,41.98,No
100760,2024-02-01 15:00:00,California,Commercial,1110.71,1100.58,1271.03,53.3,34.89,63.47,No
101176,2024-02-18 23:00:00,Florida,Industrial,850.75,1002.33,959.52,46.63,50.14,54.78,No
104486,2024-07-05 21:00:00,Texas ,Industrial,1620.05,1897.8,1806.26,59.06,35.51,68.77,Yes
102722,2024-04-23 09:00:00,California,Industrial,1394.12,1547.81,1544.11,63.51,35.73,33.99,Yes
104216,2024-06-24 15:00:00,California,Commercial,1149.26,1106.32,1264.74,56.19,28.48,40.02,No
100970,2024-02-10 09:00:00,New York,Commercial ,761.28,741.32,779.37,57.98,18.99,51.72,No
102427,2024-04-11 02:00:00,Texas,Residential,788.01,734.56,810.75,53.28,26.89,32.82,No
100215,2024-01-09 22:00:00,Texas ,Commercial,803.22,872.83,825.39,55.4,13.37,27.62,No
103394,2024-05-21 09:00:00,California,Residential,1116.72,1309.95,1174.37,82.41,17.45,27.17,No
101406,2024-02-28 13:00:00,New York,Commercial ,1026.93,977.46,1082.26,47.29,52.27,51.32,No
100694,2024-01-29 21:00:00,California,Industrial,1373.83,1495.59,1024.52,58.06,44.19,54.82,Yes
102684,2024-04-21 19:00:00,New York,Industrial,908.34,818.61,950.74,69.92,27.72,35.06,No
102371,2024-04-08 18:00:00,Texas ,Residential,1163.64,1345.87,1234.79,54.53,29.72,67.48,Yes
104324,2024-06-29 03:00:00,New York,Commercial,586.64,683.58,630.49,42.27,29.43,49.66,No
104939,2024-07-24 18:00:00,Texas ,Commercial ,1338.15,1249.39,1393.49,47.64,18.56,55.81,No
102175,2024-03-31 14:00:00,California,Residential,955.95,974.56,988.46,51.42,20.45,39.69,No
103802,2024-06-07 09:00:00,New York,Commercial,1006.83,1144.84,1010.64,50.36,41.7,41.36,No
102223,2024-04-02 14:00:00,Texas,Residential,1232.95,1164.06,1331.22,56.62,21.72,55.31,No
101030,2024-02-12 21:00:00,California,Residential,1005.74,1085.01,1007.14,60.54,19.92,52.01,No
100197,2024-01-09 04:00:00,Texas ,Residential,853.98,984.48,871.73,74.95,17.09,20.52,No
101085,2024-02-15 04:00:00,New York,Commercial,619.05,650.88,654.73,32.16,34.62,71.58,No
102659,2024-04-20 18:00:00,California,Industrial,1194.53,1143.54,1365.46,63.92,21.26,40.57,No
101076,2024-02-14 19:00:00,New York,Residential,814.63,766.66,904.85,47.43,38.41,31.32,No
100880,2024-02-06 15:00:00,California,Industrial,1353.85,1514.23,1520.61,61.39,26.08,64.39,Yes
104884,2024-07-22 11:00:00,California,Industrial,1320.75,1190.9,1454.18,56.42,29.46,43.72,No
103411,2024-05-22 02:00:00,New York,Commercial,625.52,619.82,689.03,55.09,12.46,49.45,No
103025,2024-05-06 00:00:00,Texas,Residential,781.3,730.85,859.04,34.54,28.77,73.57,No
101747,2024-03-13 18:00:00,Texas,Residential,1220.12,1182.8,1394.28,44.31,40.37,37.64,No
100888,2024-02-06 23:00:00,California,Industrial,876,980.3,882.31,52.4,21.55,61.3,No
103266,2024-05-16 01:00:00,Texas,Residential,791.25,824.61,802.3,50.13,2,60.87,No
100069,2024-01-03 20:00:00,Texas,Industrial,955.95,1750.19,1729.27,68.67,25.39,72.15,Yes
102529,2024-04-15 08:00:00,Texas,Residential,1259.42,1360.96,1374.05,51.19,21.26,63.1,Yes
103064,2024-05-07 15:00:00,Florida,Residential,968.96,895.34,1034.01,47.37,44.5,47.79,No
100569,2024-01-24 16:00:00,New York,Commercial ,887.42,860.1,952.6,50.19,33.21,61.65,No
101695,2024-03-11 14:00:00,New York,Residential,1202.7,1375.14,1263.03,59.9,35.38,51.7,Yes
100097,2024-01-05 00:00:00,Florida,Commercial ,710.05,683.68,737.83,50.99,34.7,39.29,No
101413,2024-02-28 20:00:00,California,Commercial ,1172.58,1080.92,1230.36,67.14,8,61.12,No
103706,2024-06-03 09:00:00,California,Industrial,1294.95,1415.97,1334.32,57.06,41.23,56.74,Yes
100140,2024-01-06 19:00:00,New York,Industrial,1198.99,1196.85,1323.35,56.95,56.06,56.49,No
102016,2024-03-24 23:00:00,New York,Commercial ,576.5,605.1,655.76,43.18,14.27,56.62,No
103015,2024-05-05 14:00:00,Florida,Residential,783.98,903.51,838.82,41.33,39.54,26.65,No
101425,2024-02-29 08:00:00,New York, Commercial ,872.04,880.58,926.2,50.08,46.08,35.7,No
101979,2024-03-23 10:00:00,California,Residential,805.69,894.56,849.01,47.77,40.56,80.68,No
102030,2024-03-25 13:00:00,Texas ,Residential,1223.1,1221.74,1298.92,39.19,24.7,72.69,No
101814,2024-03-16 13:00:00,Texas,Commercial ,1133.48,1054.28,1204.19,51.49,43.25,36.69,No
101594,2024-03-07 09:00:00,Texas,Commercial ,1338.01,1207.62,1531.05,51.58,33.24,44.49,No
101039,2024-02-13 06:00:00,Texas,Residential,809.97,795.17,888.96,49.13,21.27,60.87,No
101757,2024-03-14 04:00:00,New York,Commercial ,673.15,674.71,674.36,59.49,38.2,50.5,No
103404,2024-05-21 19:00:00,California,Industrial,1223.59,1418.8,1224.91,60.13,40.13,57.16,Yes
100464,2024-01-20 07:00:00,Florida,Commercial,895.67,813.37,937.1,54.73,28.69,47.19,No
102374,2024-04-08 21:00:00,New York,Residential,1257.08,1247.13,1309.45,62.76,38.81,62.57,No
103906,2024-06-11 17:00:00,New York,Industrial,1159.46,1367.3,1272.22,62.07,36.12,43.01,Yes
104831,2024-07-20 06:00:00,California,Commercial,522.2,575.64,594.36,59.92,18.65,28.21,No
100595,2024-01-25 18:00:00,New York,Residential,901.81,998.47,934.15,64.23,27.74,67.07,No
104524,2024-07-07 11:00:00,Florida,Residential,892.19,970.76,930.37,50.81,30.19,51.79,No
101363,2024-02-26 18:00:00,Florida,Commercial,1089.72,1127.26,1166.11,67.92,9.55,33.26,No
100626,2024-01-27 01:00:00,California,Commercial ,489.06,452.87,514.59,45.96,50.63,60.73,No
100451,2024-01-19 18:00:00,California,Commercial,1004.53,1050.86,1024.52,57.48,46.56,28.26,No
104751,2024-07-16 22:00:00,California,Commercial,811.6,990.29,837.32,55.37,25.63,58.23,No
101785,2024-03-15 08:00:00,Texas ,Residential,1136.81,1160.82,1227.53,53.99,2,34.39,No
101104,2024-02-15 23:00:00,New York,Industrial,658.31,652.51,733.51,59.37,29.6,40.85,No
101633,2024-03-09 00:00:00,Texas ,Residential,586.35,633.73,632.37,54.64,32.96,20.4,No
101627,2024-03-08 18:00:00,California,Commercial ,1025.22,1131.63,1079.17,60.17,26.78,74.1,No
104521,2024-07-07 08:00:00,California,Commercial,908.13,1042.16,925.1,44.18,20.19,55.59,No
102218,2024-04-02 09:00:00,California,Residential,1025.7,976.64,1039.17,57.51,38.49,60.55,No
104933,2024-07-24 12:00:00,New York,Residential,863.52,898.96,1024.52,72.47,19.4,59.75,No
104021,2024-06-16 12:00:00,New York,Commercial,896.53,1037.82,990.29,42.46,44.9,55.1,No
102981,2024-05-04 04:00:00,New York,Residential,449.24,489.53,494.73,40.75,20.45,43.12,No
103289,2024-05-17 00:00:00,New York,Residential,627,643.08,720.12,39.34,48.47,75.99,No
104355,2024-06-30 10:00:00,Florida,Residential,726.54,848.7,749.5,61.79,13.82,41.29,No
104817,2024-07-19 16:00:00,New York,Industrial,1188.62,1171.72,1319.02,63.93,20.62,38.73,No
101000,2024-02-11 15:00:00,New York,Residential,809.64,953.75,821.07,55.09,36.59,44.21,No
102183,2024-03-31 22:00:00,Texas,Commercial ,775.47,889.42,874.03,53.48,4.29,49.07,No
104405,2024-07-02 12:00:00,New York,Residential,819.49,878.95,846.22,59.42,14.13,48.69,No
100193,2024-01-09 00:00:00,New York,Residential,566.62,510,630.19,41.47,43.47,57.11,No
103812,2024-06-07 19:00:00,New York,Commercial,968.86,922.08,1074.04,54.05,35.36,50.7,No
104869,2024-07-21 20:00:00,Florida,Industrial,1128.18,1233.25,1130.03,58.68,27.46,34.57,No
101205,2024-02-20 04:00:00,New York,Residential,508.95,540.89,550.35,65.26,29.14,56.72,No
104270,2024-06-26 21:00:00,New York,Commercial,971.22,969.59,1102.88,58.22,7.42,53.54,No
104464,2024-07-04 23:00:00,Texas,Industrial,1033.96,1085.84,1138.83,59.24,42.42,62.69,No
102933,2024-05-02 04:00:00,Texas,Industrial,1029.53,1146.36,1179.74,65.87,19.93,65.35,No
103545,2024-05-27 16:00:00,California,Commercial,1012.45,990.29,1031.78,58.19,30.86,58.51,No
102793,2024-04-26 08:00:00,Florida,Commercial,1119.46,1208.85,1286.96,53.41,36.96,49.55,No
104846,2024-07-20 21:00:00,New York,Commercial,849.11,956.76,850.83,47.05,27.53,26.98,No
104148,2024-06-21 19:00:00,New York,Commercial,987.38,1001.97,1014.84,59.92,26.22,38.12,No
104232,2024-06-25 07:00:00,Florida,Residential,970.36,1137.05,978.17,53.25,38.05,59.63,No
101398,2024-02-28 05:00:00,California,Commercial,677.09,668.41,731.67,49.28,26.72,33.97,No
104218,2024-06-24 17:00:00,New York,Industrial,1227.33,1408.75,1393.52,59.19,19.4,74.37,Yes
103027,2024-05-06 02:00:00,New York,Commercial ,583.56,687.94,607.33,37.77,8.13,73.08,No
103363,2024-05-20 02:00:00,Texas ,Residential,775.88,806.6,837.72,49.5,30.93,58.82,No
104726,2024-07-15 21:00:00,Texas,Industrial,1652.89,1704.92,1890.06,57.12,40.39,63.99,Yes
103140,2024-05-10 19:00:00,Texas,Commercial,1264.23,1452.62,1416.58,54.34,25.85,37.88,Yes
104962,2024-07-25 17:00:00,California, Industrial ,1332.28,1536.91,1378.22,64.05,31.02,30.9,Yes
100192,2024-01-08 23:00:00,New York,Residential,628.34,675.9,664.26,57.51,18.79,58,No
102573,2024-04-17 04:00:00,California,Residential,622.05,678.14,696.49,63.23,34.66,63.76,No
103124,2024-05-10 03:00:00,New York,Residential,633.31,744.02,633.98,39.22,44.68,31.45,No
104401,2024-07-02 08:00:00,Texas,Residential,1202.26,1296.9,1272.11,60.11,30.94,34.89,No
103846,2024-06-09 05:00:00,Texas ,Residential,725.1,722.73,793.99,49.14,13.64,61.98,No
101236,2024-02-21 11:00:00,New York,Commercial ,931.46,970.55,1040.39,55.4,42.78,54.46,No
104931,2024-07-24 10:00:00,New York,Commercial ,1027.05,1049.07,1130.31,55.25,19.85,75.56,No
102452,2024-04-12 03:00:00,New York,Commercial,534.57,497,599.16,37.71,22.54,45.76,No
101894,2024-03-19 21:00:00,California,Commercial,1040.35,990.29,1057.75,55.99,38.6,60.73,No
103713,2024-06-03 16:00:00,Texas ,Residential,1218.54,1334.34,1394.29,62.75,53.74,33.38,Yes
103756,2024-06-05 11:00:00,California,Commercial ,1057.65,1116.46,1196.26,43.29,7.32,39.84,No
104987,2024-07-26 18:00:00,Texas ,Commercial,1336.48,1298.63,1526.4,73.6,32.95,47.57,No
104049,2024-06-17 16:00:00,California,Industrial,955.95,1471.76,1393.31,52.89,16.53,51.43,Yes
101700,2024-03-11 19:00:00,Florida,Commercial,1028.93,1118.35,1038.47,61.47,51.88,29.06,No
100167,2024-01-07 22:00:00,California,Residential,651.52,661.05,662.33,66.91,18.69,36.33,No
103911,2024-06-11 22:00:00,Texas,Residential,726.37,825.23,754.4,41.66,50.18,65.52,No
103722,2024-06-04 01:00:00,California,Residential,740.52,770.05,800.2,63.36,34.86,49.55,No
101025,2024-02-12 16:00:00,New York,Residential,801.3,918.3,859.96,40.39,9.5,23.81,No
101361,2024-02-26 16:00:00,New York,Residential,748.84,787.48,782.12,53.76,36.36,50.62,No
102289,2024-04-05 08:00:00,New York,Industrial,1211.18,1374.66,1253.23,49.38,22.83,31.77,Yes
104628,2024-07-11 19:00:00,Florida,Commercial ,1136.66,1071.04,1197.04,59.74,41.69,41.14,No
101889,2024-03-19 16:00:00,Texas ,Residential,1085.78,1021.2,1126.81,32.44,36.52,57.96,No
101096,2024-02-15 15:00:00,Texas,Residential,1194.11,1097.24,1024.52,50.69,35.17,55.79,No
103761,2024-06-05 16:00:00,Texas,Residential,1130.18,1107.25,1178.23,52.99,35.74,55.86,No
103017,2024-05-05 16:00:00,Texas ,Industrial,1427.7,1632.17,1589.16,59.75,17.71,30.59,Yes
100153,2024-01-07 08:00:00,Texas,Industrial,1402.46,1332,1409.1,55.76,31.53,34.39,Yes
104244,2024-06-25 19:00:00,New York,Residential,978.18,1017.49,1023.7,55.28,4.72,65.62,No
104731,2024-07-16 02:00:00,Texas,Residential,904.4,935.06,958.48,66.36,32.6,60.34,No
104004,2024-06-15 19:00:00,Texas,Commercial,1091.49,1109.54,1220.75,54.88,34.75,27.77,No
103895,2024-06-11 06:00:00,Texas ,Residential,864.99,904.98,899.04,52.43,13.7,45.5,No
101505,2024-03-03 16:00:00,New York,Residential,809.65,944.7,891.75,56.56,11.84,67.43,No
102017,2024-03-25 00:00:00,California,Residential,808.78,813.58,920.45,53.2,39.06,78.61,No
104039,2024-06-17 06:00:00,Texas ,Residential,737.33,853.26,761.62,55.38,38.55,69.52,No
103544,2024-05-27 15:00:00,California,Residential,1025.28,952.16,1043.03,53.24,43.35,49.15,No
104867,2024-07-21 18:00:00,New York,Commercial,851.01,938.77,973.19,37.14,24.61,49.55,No
102122,2024-03-29 09:00:00,Florida,Residential,955.95,1016.03,1084.5,60.66,23.31,40.41,No
104252,2024-06-26 03:00:00,Texas,Industrial,1048.92,1082.6,1163.92,44.58,29.95,55.69,No
100032,2024-01-02 07:00:00,Texas,Industrial,1712.49,1997.22,1898.2,65.82,48.74,64.98,Yes
100938,2024-02-09 01:00:00,New York,Residential,485.62,445.17,1024.52,49.66,31.06,48.22,No
101256,2024-02-22 07:00:00,New York,Industrial,1165.91,1372.42,1182.53,54.78,44.79,53.27,Yes
103442,2024-05-23 09:00:00,Florida,Residential,916.49,950.97,1039.4,58.99,39.55,67.76,No
103403,2024-05-21 18:00:00,New York,Residential,1149.02,1317.17,1200.54,65.59,57.39,55.75,No
100310,2024-01-13 21:00:00,California,Commercial ,992.51,988.19,1061.92,66.96,23.46,73.99,No
102821,2024-04-27 12:00:00,New York,Commercial,837.52,798.36,943.2,67.76,26.83,37.22,No
104095,2024-06-19 14:00:00,California,Industrial,1394.34,1395.25,1482.56,56.02,25.46,48.93,Yes
103173,2024-05-12 04:00:00,Texas,Industrial,865.6,1003.5,912.91,-60.41,51.65,52.3,No
104211,2024-06-24 10:00:00,Texas,Industrial,1656.96,1722.05,1806.74,66.43,17.13,49.55,Yes
100496,2024-01-21 15:00:00,New York,Commercial,908.31,927.19,1034.53,54.72,29.55,52.08,No
100206,2024-01-09 13:00:00,Texas,Commercial,1183.75,1312.13,1193.24,62.62,29.87,51.95,No
104436,2024-07-03 19:00:00,California,Commercial,1017.07,995.7,1123.27,52.28,43.61,32.27,No
104052,2024-06-17 19:00:00,Texas ,Industrial,1459.08,1444.5,1656.48,56.93,10.64,34.64,Yes
103900,2024-06-11 11:00:00,California,Industrial,1268.08,1266.99,1300.5,50.77,31.23,37.7,No
100306,2024-01-13 17:00:00,New York,Industrial,955.95,1135.69,1108.53,37.84,48.35,63.35,No
103862,2024-06-09 21:00:00,Florida,Commercial ,977.17,1150.41,1050.08,49.68,16.3,66.6,No
102445,2024-04-11 20:00:00,New York,Residential,1006.13,976.58,1082.61,46.33,18.18,49.84,No
101062,2024-02-14 05:00:00,New York,Commercial,624.63,610.94,653.37,58,33.07,70.93,No
100844,2024-02-05 03:00:00,New York,Residential,630.86,593.19,660.62,43.01,20.86,62.81,No
102766,2024-04-25 05:00:00,New York,Industrial,784.08,843.18,870.22,57.55,37.07,68.88,No
102657,2024-04-20 16:00:00,California,Residential,895.61,892.77,950.15,63.03,22,61.91,No
100212,2024-01-09 19:00:00,Texas ,Residential,1061.92,1105.87,1076.35,52.53,28.3,64.95,No
101109,2024-02-16 04:00:00,Texas ,Residential,798.83,799.48,826.23,48.61,8.86,40.71,No
103784,2024-06-06 15:00:00,California,Residential,1002.57,918,1082.05,49.33,26,62.53,No
100680,2024-01-29 07:00:00,California,Residential,955.95,1185.47,1050.56,43.96,27.98,80.86,No
100566,2024-01-24 13:00:00,California,Residential,925.23,843.1,1020.69,43.07,30.28,65.99,No
104981,2024-07-26 12:00:00,New York,Commercial,985.94,1118.81,1123.65,62.23,28.83,46.02,No
103656,2024-06-01 07:00:00,California,Commercial,1003.25,1091.97,1070,55.82,31.02,51.15,No
100681,2024-01-29 08:00:00,California,Residential,1008.81,1056.55,1143.61,54.39,52.83,58.73,No
100181,2024-01-08 12:00:00,California,Commercial,1057.17,1096.81,1143.41,63.31,40.51,53.43,No
102903,2024-04-30 22:00:00,Texas,Commercial,879.86,913.7,974.37,67.46,26.63,49.34,No
104153,2024-06-22 00:00:00,Texas ,Residential,755.88,741.72,815.43,63.27,34.66,56.32,No
102938,2024-05-02 09:00:00,Florida,Industrial,1255.48,1323.76,1295.9,59.51,13.85,57.17,No
104532,2024-07-07 19:00:00,California,Industrial,1301.17,1354.56,1329.6,48.79,19.29,45.32,Yes
100279,2024-01-12 14:00:00,Texas ,Industrial,1674.21,1950.77,1886.98,55.09,19.29,66.36,Yes
104706,2024-07-15 01:00:00,New York,Residential,597.08,549.51,636.43,61.13,15.04,42.33,No
102230,2024-04-02 21:00:00,California,Commercial,1027.77,928.32,1042.5,67.52,7.12,78.29,No
100433,2024-01-19 00:00:00,Florida,Residential,632.96,665.5,689.77,55.09,26.01,61.73,No
100290,2024-01-13 01:00:00,Florida,Residential,609.94,549.96,610.85,52.01,33.4,28.9,No
101028,2024-02-12 19:00:00,California,Residential,977.99,1149.05,1038.38,53.5,15.02,50.62,No
100536,2024-01-23 07:00:00,New York,Residential,883.78,883.46,942.87,50.32,40.07,41.3,No
100189,2024-01-08 20:00:00,Florida,Industrial,1328.62,1433.76,1353.11,57.54,32.27,71.31,Yes
102216,2024-04-02 07:00:00,California,Industrial,1373.02,1554.45,1463.17,70.45,33.03,35.69,Yes
104795,2024-07-18 18:00:00,California,Residential,1320.58,1463.25,1457.31,63.68,35.58,29.82,Yes
103945,2024-06-13 08:00:00,Texas,Commercial,1317.14,1288.3,1456.59,59.83,33.71,63.03,No
100271,2024-01-12 06:00:00,California,Residential,619.04,617.54,700.8,28.97,47.16,79.61,No
103860,2024-06-09 19:00:00,California,Industrial,1216.96,1119.13,1358.38,51.34,28.89,62.24,No
104122,2024-06-20 17:00:00,Florida,Industrial,1334.36,1286.73,1472.99,44.82,24.04,53.72,No
103085,2024-05-08 12:00:00,Texas ,Residential,1248.87,1277.86,1278.83,50.28,29.77,25.05,No
104891,2024-07-22 18:00:00,California,Residential,1026.68,1070.94,1113.16,46.57,38.54,34.81,No
100112,2024-01-05 15:00:00,Texas,Commercial ,1340.52,1410.15,1395.4,38.11,33.77,43.84,Yes
104208,2024-06-24 07:00:00,Florida,Residential,1081.16,1157.52,1098.73,50.07,51.07,42.04,No
100221,2024-01-10 04:00:00,Texas ,Commercial,935.12,852.95,1016.99,56.54,36.71,50.15,No
103931,2024-06-12 18:00:00,New York,Commercial,930.22,1059.78,976.84,55.09,38.84,45.37,No
100628,2024-01-27 03:00:00,Texas ,Commercial,771.45,762.8,824.47,53.55,53.15,21.69,No
101222,2024-02-20 21:00:00,Texas,Residential,1095.05,1182.24,1024.52,52.09,30.91,30.15,No
104429,2024-07-03 12:00:00,Texas,Commercial,1288.72,1496.84,1430.52,57.81,39,28.81,Yes
102466,2024-04-12 17:00:00,California,Commercial,1144.48,1312.05,1152.45,50.06,20.53,37.9,No
100791,2024-02-02 22:00:00,Texas,Commercial,894.18,979.27,959.46,61.55,23.09,24.35,No
103470,2024-05-24 13:00:00,Texas,Residential,1268.99,1279.89,1414.86,59.99,42.09,71.58,No
100462,2024-01-20 05:00:00,Florida,Commercial,622.85,656.48,645.82,47.98,25.38,54.55,No
100552,2024-01-23 23:00:00,California,Commercial,752.74,850.84,802.65,42.67,23.3,37.12,No
101481,2024-03-02 16:00:00,California,Industrial,1201.05,1200.59,1275.52,48.58,47.61,60.23,No
103753,2024-06-05 08:00:00,California,Commercial,1119.85,1226.05,1171.5,56.53,62.37,66.27,No
100199,2024-01-09 06:00:00,California,Commercial,751.55,786.64,820.03,52.88,18.04,50.07,No
103151,2024-05-11 06:00:00,Florida,Industrial,844.35,811.98,950.71,49.27,35.24,45.99,No
102577,2024-04-17 08:00:00,New York,Industrial,1131.4,1156.36,1137.6,59.45,14.38,51.98,No
100403,2024-01-17 18:00:00,Florida,Industrial,1253.1,1428.12,1320.15,69.39,25.34,46.57,Yes
103113,2024-05-09 16:00:00,Texas ,Industrial,1616.31,1608.3,1838.26,61.8,13.73,40.62,Yes
104290,2024-06-27 17:00:00,California,Residential,938.48,972.55,1011.4,52.84,31.49,43.1,No
104808,2024-07-19 07:00:00,New York,Industrial,1109.34,1223.78,1239.46,60.63,24.2,64.67,No
102073,2024-03-27 08:00:00,California,Industrial,1419.94,1447.1,1626.73,61.16,18.35,57.23,Yes
101730,2024-03-13 01:00:00,Florida,Commercial ,821.41,957.96,908.2,55.29,53.29,56.87,No
104503,2024-06-07 14:00:00,California,Industrial,1188.19,1288.86,1229.44,52.87,22.12,49.73,No
100651,2024-01-28 02:00:00,California,Residential,599.13,657.92,685.42,36.67,25.2,49.55,No
100709,2024-01-30 12:00:00,California,Residential,834.42,784.47,886.3,53.32,60.07,49.31,No
102516,2024-04-14 19:00:00,New York,Commercial ,837.43,831.57,946.59,63.93,28.22,50.05,No
104454,2024-07-04 13:00:00,California,Residential,984.67,901.09,1057.71,66.99,25.19,52.47,No
101488,2024-03-02 23:00:00,Texas ,Commercial,871.2,1027.18,972.48,55.09,48.06,35.64,No
104129,2024-06-21 00:00:00,California,Residential,563.12,570.66,617.81,48.92,32.55,26.65,No
101832,2024-03-17 07:00:00,Florida,Residential,911.18,934.65,922.27,61.11,31.02,51.13,No
100315,2024-01-14 02:00:00,California,Industrial,755.06,697.3,829.9,39.27,20.01,43.96,No
103883,2024-06-10 18:00:00,New York,Residential,754.66,855.36,842.71,63.41,41.81,62.48,No
104956,2024-07-25 11:00:00,Texas ,Commercial,1194.74,1398.16,1245.52,59.21,20.12,64.19,Yes
100114,2024-01-05 17:00:00,California,Residential,993.87,1114.3,1023.38,57.4,32.5,25.86,No
100961,2024-02-10 00:00:00,Texas,Commercial,776.92,870.24,778.89,45.8,34.96,58.56,No
104239,2024-06-25 14:00:00,Texas ,Industrial,1565.75,1416.42,1781.94,65.37,27.6,49.03,Yes
102300,2024-04-05 19:00:00,California, Industrial ,1384.96,1633.36,1433.09,69.14,14,45.36,Yes
103443,2024-05-23 10:00:00,California,Residential,966.29,922.7,974.4,45.59,45.14,63.03,No
103385,2024-05-21 00:00:00,Texas,Commercial,819.08,749.21,865.96,57.55,32.06,49.28,No
1003313,2024-05-18 00:00:00,Texas ,Residential,744.0484102,829.03,766.8,56.53,21.83,40.15,No
104473,2024-07-05 08:00:00,California,Commercial ,955.95,1035.85,1281.53,37.22,32.75,44.59,No
103255,2024-05-15 14:00:00,California,Commercial,1034.99,1013.96,1088.41,55.2,18.87,67.36,No
101269,2024-02-22 20:00:00,Florida,Commercial,1067.72,965.82,1187.19,65.34,26.82,39.38,No
103478,2024-05-24 21:00:00,Florida,Residential,1013.43,924.62,1067.11,63.01,25.46,27.96,No
104569,2024-07-09 08:00:00,Texas,Industrial,1724.2,1725.33,1787.78,53.9,40.12,42.56,Yes
101879,2024-03-19 06:00:00,California,Residential,708.76,657.44,727.77,58.32,22.47,51.38,No
103249,2024-05-15 08:00:00,California,Industrial,1281.97,1371.25,1316.15,60.95,37.36,65.92,Yes
101492,2024-03-03 03:00:00,New York,Commercial,656.08,691.09,717.99,53.46,48.39,72.79,No
100327,2024-01-14 14:00:00,Florida,Residential,807.88,904.12,832.05,56.21,30.85,43.53,No
100605,2024-01-26 04:00:00,Texas,Residential,689.79,755.38,790.15,48.4,27.77,53.35,No
104229,2024-06-25 04:00:00,New York,Commercial,709.94,719.33,725.88,58,18.32,54.46,No
104989,2024-07-26 20:00:00,Texas ,Residential,1195.35,1322.39,1216.94,51.21,43.84,58.55,No
102630,2024-04-19 13:00:00,New York,Residential,876,852.02,925.65,43.42,44.49,58.9,No
101880,2024-03-19 07:00:00,Florida,Commercial,1073.95,1135.15,1151.8,58.42,33.33,31.76,No
104415,2024-07-02 22:00:00,New York,Industrial,759.4,719.41,761.89,41.78,37.65,61.47,No
102917,2024-05-01 12:00:00,Texas ,Residential,955.95,1312.77,1265.78,72.69,20.29,64.29,No
104155,2024-06-22 02:00:00,California,Residential,564.89,529.36,582.41,58.59,30.34,25.78,No
104704,2024-07-14 23:00:00,Florida,Commercial ,583.6,566.59,669.16,70.17,36.21,26.34,No
104671,2024-07-13 14:00:00,New York,Commercial,780.52,869.26,819.09,48.63,39.4,36.13,No
103559,2024-05-28 06:00:00,Texas,Residential,730.78,852.67,764.66,49.97,22.46,40.37,No
1004272,2024-06-26 23:00:00,New York,Industrial,840.3564573,748.92,825.7,49.96,18.13,46.97,No
100790,2024-02-02 21:00:00,New York,Residential,883.56,947.37,959.42,56.54,46.31,38.04,No
102308,2024-04-06 03:00:00,Florida,Commercial,508.15,529.31,540.71,57.84,35.43,51.69,No
103321,2024-05-18 08:00:00,Florida,Residential,776,879.96,866.6,55.35,40.25,35.3,No
103634,2024-05-31 09:00:00,California,Commercial,863.92,822.16,871.79,46.23,31.52,53.67,No
100872,2024-02-06 07:00:00,California,Residential,1099.45,1283.02,1128.5,49.62,11.2,52.77,No
103979,2024-06-14 18:00:00,Texas,Residential,1206.95,1216.4,1329.67,57.75,38.59,42.18,No
101371,2024-02-27 02:00:00,New York,Residential,670.56,666.14,670.66,54.43,39.13,20.3,No
104913,2024-07-23 16:00:00,Florida,Residential,961.08,939.3,1095.95,49.85,27.39,41.64,No
100074,2024-01-04 01:00:00,California,Residential,621.17,603.37,627.6,42.45,39.72,48.48,No
102237,2024-04-03 04:00:00,New York,Industrial,707.01,700.67,722.39,47.7,24.73,66.32,No
104076,2024-06-18 19:00:00,Florida,Residential,860.62,936.13,908.5,61.98,27.79,49.81,No
102925,2024-05-01 20:00:00,New York,Industrial,1123.51,1263.62,1227.85,51.73,29.61,58.1,No
103067,2024-05-07 18:00:00,Texas,Industrial,1666.29,1712.03,1736.65,45.87,29.12,35.61,Yes
102314,2024-04-06 09:00:00,Texas ,Commercial,1147.71,1264.85,1318.72,55.79,22.83,65.24,No
104616,2024-07-11 07:00:00,California,Commercial ,1098.67,1225.47,1257.53,50.86,43.11,49.55,No
103878,2024-06-10 13:00:00,California,Commercial,1097.95,1062.76,1137.87,54.61,35.58,38.71,No
104360,2024-06-30 15:00:00,California,Residential,924.15,891.76,947.41,45.75,18.52,37.07,No
102940,2024-05-02 11:00:00,Texas,Industrial,1586.36,1499.05,1712.94,60.51,25.62,21.35,Yes
101787,2024-03-15 10:00:00,Florida,Industrial,1177.61,1165,1301.77,67.89,21.59,22.31,No
100495,2024-01-21 14:00:00,California,Industrial,955.95,973.29,1075.25,53.44,24.41,39.1,No
103190,2024-05-12 21:00:00,California,Commercial,1074.51,987.9,1142.93,59.3,31.02,79.12,No
102232,2024-04-02 23:00:00,Texas,Commercial,793.64,776.34,835.07,41.59,44.04,47.3,No
101306,2024-02-24 09:00:00,California,Commercial,859.39,801.24,932.09,51.06,16.8,43.39,No
101165,2024-02-18 12:00:00,Texas,Commercial,1184.66,1221.49,1351.9,57.6,32.93,63.51,No
101483,2024-03-02 18:00:00,Florida,Industrial,1062.16,1177.93,1175.9,51.18,24.49,39.02,No
103615,2024-05-30 14:00:00,New York,Residential,871.4,991.58,958.05,49.41,20.6,55.91,No
101544,2024-03-05 07:00:00,California,Commercial,1107.67,1002.66,1163.72,43.57,42.5,71.02,No
102221,2024-04-02 12:00:00,Texas ,Industrial,1787.71,1983.41,2028.14,71.57,50.46,40.35,Yes
102989,2024-05-04 12:00:00,Texas ,Commercial ,1240.53,1372.46,1374,60.88,25.62,33.16,Yes
100619,2024-01-26 18:00:00,California,Industrial,1323.77,1301.35,1505.48,59.18,47.88,36.16,No
104694,2024-07-14 13:00:00,Florida,Commercial ,1117.02,1152.45,1226.44,45.37,30.64,51.06,No
104767,2024-07-17 14:00:00,California,Industrial,1373.89,1506.46,1398.45,61.62,53.13,48.87,Yes
104911,2024-07-23 14:00:00,California,Commercial,1195.42,1145.34,1330.54,51.27,27.94,29.86,No
101262,2024-02-22 13:00:00,California,Commercial ,1095.87,1254.46,1105.9,69.53,2.81,50.31,No
102245,2024-04-03 12:00:00,California,Commercial,1117.21,1194.6,1223.1,48.09,26.15,50.44,No
103474,2024-05-24 17:00:00,Texas ,Residential,1170.95,1240.27,1213.48,71.51,37.34,30,No
100870,2024-02-06 05:00:00,New York,Industrial,835.26,846.28,949.53,51.77,39.18,31.38,No
102771,2024-04-25 10:00:00,Texas,Industrial,1675.68,1936.08,1870.53,62.61,31.98,30.97,Yes
101043,2024-02-13 10:00:00,California,Commercial,1093.05,1058.37,1222.77,52.41,35.91,52.41,No
103829,2024-06-08 12:00:00,California,Commercial,937.69,984.03,941.1,61,22.71,35.67,No
100357,2024-01-15 20:00:00,Texas,Residential,1260.41,1393.96,1336.03,48.16,16.33,51.88,Yes
101163,2024-02-18 10:00:00,California,Commercial,996.24,1076.03,1022.87,61.99,29.72,57.85,No
102830,2024-04-27 21:00:00,Texas,Residential,972.95,964.46,1050.49,48.69,33.67,37.14,No
101273,2024-02-23 00:00:00,California,Residential,695.39,680.12,742.84,47.8,19.24,56.09,No
102025,2024-03-25 08:00:00,New York,Industrial,1199.03,1154.3,1329.82,53.37,37.05,67.28,No
103898,2024-06-11 09:00:00,California,Industrial,1315.58,1225.73,1322.13,55.65,32.74,57.86,No
102756,2024-04-24 19:00:00,California,Residential,1092.04,1282.41,1189.83,71.13,25.53,26.04,No
103612,2024-05-30 11:00:00,Texas,Industrial,1631.11,1669.91,1751.3,54.33,34.21,50.44,Yes
103708,2024-06-03 11:00:00,California,Industrial,1379.68,1432.29,1456.04,49.44,24.92,60.55,Yes
104221,2024-06-24 20:00:00,California,Residential,1058.96,1208.17,1073.38,61.01,42.27,34,No
103504,2024-05-25 23:00:00,Texas,Industrial,867.86,801.1,975.4,37.19,41.06,56.5,No
100333,2024-01-14 20:00:00,Texas,Residential,912.1,1038.36,919.47,60.24,29.25,24.02,No
102765,2024-04-25 04:00:00,Texas,Residential,823.05,827.89,834.92,56.3,24.77,74.91,No
102789,2024-04-26 04:00:00,New York,Residential,652.09,641.02,708.64,45.62,27.28,47.33,No
102603,2024-04-18 10:00:00,Texas ,Industrial,1675.55,1743.28,1924.27,55.88,21.05,53.02,Yes
101259,2024-02-22 10:00:00,Texas,Commercial ,1403.36,1516.46,1538.44,62.38,36.3,50.18,Yes
104300,2024-06-28 03:00:00,Florida,Residential,624.33,642.32,668.91,55.03,23.7,70.36,No
101774,2024-03-14 21:00:00,New York,Residential,769.92,990.29,815.34,54.14,39.82,33.48,No
101117,2024-02-16 12:00:00,Texas,Residential,1076.96,1230.96,1184.87,59.24,38.35,29.67,No
104274,2024-06-27 01:00:00,New York,Commercial,598.41,597.38,622.04,47.29,23.75,53.92,No
103863,2024-06-09 22:00:00,New York,Commercial ,444.7,492.13,497.78,43.39,24.91,38.77,No
104764,2024-07-17 11:00:00,California,Industrial,955.95,1214.19,1421.36,57.51,28.48,63.9,No
103801,2024-06-07 08:00:00,California,Residential,1036.74,1065.53,1185.51,57.63,36.57,36.88,No
103327,2024-05-18 14:00:00,California,Residential,1054.26,1160.91,1162.46,59.37,16.36,39.43,No
101421,2024-02-29 04:00:00,California,Industrial,866.26,838.43,955.37,46.65,39.52,38.35,No
100446,2024-01-19 13:00:00,New York,Residential,895.6,899.56,899.85,50.6,21.4,58.76,No
102288,2024-04-05 07:00:00,California,Commercial,1032.09,1109.13,1160.63,56.9,43.64,48.64,No
100453,2024-01-19 20:00:00,New York,Residential,901.87,863.81,902.23,59.93,37.65,43.22,No
101607,2024-03-07 22:00:00,Texas,Residential,771.13,810.42,854.07,50.44,39.65,56.32,No
104474,2024-07-05 09:00:00,New York,Residential,812.06,930.37,877.21,56.95,22.98,31.3,No
103011,2024-05-05 10:00:00,Florida,Commercial ,919.15,901.01,921.27,50.79,22.1,61.53,No
100015,2024-01-01 14:00:00,California,Residential,975.54,1021.8,987.78,49.91,28.67,39.49,No
104904,2024-07-23 07:00:00,California,Industrial,1371.21,1306.01,1390.67,60.02,31.02,9.98,No
100946,2024-02-09 09:00:00,Texas,Commercial,1264.3,1316.97,1361.79,46.87,19.98,47.39,No
100248,2024-01-11 07:00:00,New York,Commercial ,1074.2,1067.8,1125.04,48.65,47.48,67.47,No
104413,2024-07-02 20:00:00,Texas ,Residential,1132.99,1303.33,1251.19,54.81,17.52,19.84,No
100361,2024-01-16 00:00:00,New York,Industrial,750.86,841.74,830.56,60.2,30.08,59.51,No
104699,2024-07-14 18:00:00,Texas,Industrial,1480.94,1596.75,1692.33,58.48,65.74,69.98,Yes
101966,2024-03-22 21:00:00,Florida,Residential,948.07,967.95,1020.62,50.97,26.6,48.73,No
103482,2024-05-25 01:00:00,Florida,Commercial,604.38,595.72,629.87,46.85,29.33,54.64,No
102347,2024-04-07 18:00:00,Texas ,Commercial,1068.39,984.73,1179.68,72.43,25.05,48.29,No
104548,2024-07-08 11:00:00,Florida,Residential,872.43,935.33,989.04,59.48,39.4,37.41,No
104185,2024-06-23 08:00:00,Texas,Residential,992.69,905.89,1126.52,52.38,38.4,42.03,No
102291,2024-04-05 10:00:00,Florida,Residential,895.65,956.24,1002.06,34.89,37.98,53.71,No
103556,2024-05-28 03:00:00,Florida,Residential,662.82,732.66,1024.52,39.81,42.95,30.33,No
103899,2024-06-11 10:00:00,Florida,Residential,1062.4,1133.69,1152.83,59.49,32.19,31.61,No
104930,2024-07-24 09:00:00,New York,Commercial ,894.49,908.82,905.47,64.62,28.74,61.15,No
102908,2024-05-01 03:00:00,California,Commercial ,722.47,741.21,803.73,61.02,33.62,49.55,No
100491,2024-01-21 10:00:00,New York,Residential,794.85,899.43,856.2,52.24,17.24,84.67,No
100863,2024-02-05 22:00:00,Florida,Residential,546.01,580.52,580.15,69.59,29.38,53.67,No
104838,2024-07-20 13:00:00,New York,Commercial,809.13,748.73,864.05,48.1,23.33,33.73,No
102255,2024-04-03 22:00:00,California,Commercial,728.25,744.96,768.17,45.27,30.67,25.12,No
103692,2024-06-02 19:00:00,Florida,Residential,760.49,826.88,772.9,58.55,6.2,56.58,No
102493,2024-04-13 20:00:00,Texas ,Commercial,1225.83,1197.54,1228.93,53.88,26.81,72.69,No
102806,2024-04-26 21:00:00,New York,Residential,828.08,851.07,886.3,47.39,31.85,50,No
100507,2024-01-22 02:00:00,New York,Industrial,917.96,960.08,982.49,45.74,21.31,43.47,No
102729,2024-04-23 16:00:00,California,Industrial,1425.51,1546.93,1535.79,61.16,30.88,73.86,Yes
100026,2024-01-02 01:00:00,California,Industrial,934.49,886.2,1051.97,70.89,26.31,49.14,No
104779,2024-07-18 02:00:00,California,Commercial,790.76,798.81,820.82,74.34,31.73,44.76,No
101223,2024-02-20 22:00:00,New York,Residential,617.65,602.79,663.7,55.09,36.36,20.28,No
101114,2024-02-16 09:00:00,Florida,Industrial,1309.67,1505.89,1387.09,56,26.18,46.4,Yes
104315,2024-06-28 18:00:00,New York,Industrial,1275.35,1318.56,1305.32,51.21,29.16,32.42,No
104488,2024-07-05 23:00:00,New York,Residential,481.9,485.09,513.7,56.35,35.58,66.78,No
102105,2024-03-28 16:00:00,California,Commercial,1180.32,1206.47,1335.67,47.87,35.54,43.13,No
104715,2024-07-15 10:00:00,Florida,Industrial,1304.9,1286.01,1310.36,59.47,10.57,58.57,No
100434,2024-01-19 01:00:00,Texas,Residential,825.31,904.53,878.52,56.35,15.75,68.85,No
103964,2024-06-14 03:00:00,Florida,Residential,729.61,789.68,811.27,45,32.03,80.46,No
103215,2024-05-13 22:00:00,California,Commercial,715.67,794.61,757.8,54.59,51.42,55.55,No
102891,2024-04-30 10:00:00,California,Residential,980.68,924.04,1120.46,56.95,44.96,53.11,No
103001,2024-05-05 00:00:00,Texas ,Residential,625.3,698.23,627.59,45.43,33.55,25.64,No
103880,2024-06-10 15:00:00,California,Residential,942.75,910.12,1019.2,44.07,32.77,10.44,No
104561,2024-07-09 00:00:00,Texas ,Commercial ,761.09,695.32,823.6,66.86,34.23,41.6,No
102173,2024-03-31 12:00:00,Texas,Commercial,1219.21,1363.54,1378.26,55.13,45.4,70.45,Yes
101845,2024-03-17 20:00:00,New York,Industrial,1089.69,997.17,1185.49,48.75,33.04,62.36,No
103729,2024-06-04 08:00:00,Texas,Commercial,1475.54,1502.15,1585.85,62.31,24.83,55.95,Yes
101103,2024-02-15 22:00:00,California,Commercial,755.65,844.82,819.38,56.62,25.55,83.12,No
102826,2024-04-27 17:00:00,California,Commercial ,924.15,901.95,936.81,63.75,35.36,58.24,No
101504,2024-03-03 15:00:00,California,Residential,864.32,1009.62,943.33,57.14,24.73,47.98,No
102446,2024-04-11 21:00:00,California,Residential,953.73,877.32,1061.67,37.3,20.04,31.6,No
103912,2024-06-11 23:00:00,California,Residential,573.03,520.11,616.76,51.15,36.82,56.44,No
100157,2024-01-07 12:00:00,Texas , Residential ,1050.14,1108.16,1141.02,59.25,29.07,36.67,No
103036,2024-05-06 11:00:00,California,Residential,927.93,1020.36,1041.94,51.01,41.01,41.98,No
101836,2024-03-17 11:00:00,Texas ,Residential,1035.67,1169.71,1024.52,60.22,28.86,37.1,No
100616,2024-01-26 15:00:00,New York,Commercial ,981.06,1116.65,1069.92,61.11,29.52,73.71,No
100644,2024-01-27 19:00:00,California,Residential,969.6,1089.01,1072.22,49.61,32.9,61.37,No
104322,2024-06-29 01:00:00,New York,Commercial ,546.43,575.27,577.03,45.97,37.86,76.13,No
103594,2024-05-29 17:00:00,Florida,Industrial,1384.36,1321.16,1514.73,50.99,27.17,38.69,No
101069,2024-02-14 12:00:00,New York,Residential,908.69,921.16,1007.54,53.54,55.74,27.41,No
104340,2024-06-29 19:00:00,California,Industrial,1175.67,1205.75,1024.52,52.8,46.69,34.16,No
102697,2024-04-22 08:00:00,Texas ,Commercial,1344.97,1228.75,1362.72,55.09,31.02,52.16,No
104279,2024-06-27 06:00:00,Texas,Residential,680.15,624.21,776.04,42.77,32.66,66.65,No
101407,2024-02-28 14:00:00,California,Commercial,1156.46,1355.53,1304.99,49.7,32.76,42.67,Yes
100331,2024-01-14 18:00:00,New York,Commercial,850.49,924.28,894.7,46.6,25.98,46.84,No
104044,2024-06-17 11:00:00,Florida,Commercial,1079.87,1190.66,1146.94,54.52,38.17,41.68,No
102698,2024-04-22 09:00:00,California,Residential,1054.99,1005.11,1170,60.61,33.74,76.88,No
102234,2024-04-03 01:00:00,California,Industrial,877.65,924.26,916.34,54.01,32.4,18.99,No
100623,2024-01-26 22:00:00,California,Commercial ,601.52,553.23,661.34,52.35,40.1,40.19,No
104898,2024-07-23 01:00:00,California,Residential,613.17,671.86,638.78,48.52,31.92,63.51,No
102797,2024-04-26 12:00:00,Texas,Industrial,1714.57,1928.19,1854.34,80.72,25.24,41.07,Yes
103483,2024-05-25 02:00:00,California,Industrial,695.06,701.91,790.35,39.65,62.48,44.03,No
104707,2024-07-15 02:00:00,California,Residential,673.29,651.85,772,56.5,34.94,69.8,No
104117,2024-06-20 12:00:00,New York,Industrial,1236.2,1402.34,1275.87,63.31,30.41,74.63,Yes
101617,2024-03-08 08:00:00,New York,Residential,994.11,1100.28,1009.73,66.24,23.02,60.86,No
103967,2024-06-14 06:00:00,California,Industrial,891.11,1001.94,956.13,62.78,49.11,53.4,No
100756,2024-02-01 11:00:00,California,Commercial,1026.18,1153.54,1145.95,51.13,37.54,82.08,No
100519,2024-01-22 14:00:00,New York,Residential,838.25,982.74,920.58,67.6,55.26,49.25,No
103872,2024-06-10 07:00:00,California,Residential,1044.76,1026.65,1105.93,46.37,35.68,50.56,No
100033,2024-01-02 08:00:00,Texas,Industrial,1613.65,1715.21,1742.21,73.29,32.32,55.37,Yes
102993,2024-05-04 16:00:00,Florida,Commercial,922.06,844.87,1038.86,49.91,35.73,44.51,No
101158,2024-02-18 05:00:00,California,Residential,568.36,599.83,574.59,60.85,25.82,18.41,No
100745,2024-02-01 00:00:00,California,Residential,670.75,683.87,715.26,63.59,32.13,40.97,No
102654,2024-04-20 13:00:00,Texas,Commercial ,1059.96,1220.02,1122.37,63.81,36.67,11.04,No
102971,2024-05-03 18:00:00,New York,Industrial,1280.42,1358.99,1402.04,50.94,40.56,47.26,Yes
103195,2024-05-13 02:00:00,New York,Commercial,594.87,559.85,622.43,64.95,21.37,50.77,No
1000428,2024-01-18 19:00:00,California,Commercial,1077.373971,1022.79,1174.54,42.25,21.18,62.45,No
100784,2024-02-02 15:00:00,California,Residential,1051.53,1080.55,1164.55,43.41,18.36,37.27,No
104177,2024-06-23 00:00:00,Florida,Residential,547.7,583.41,560.51,50.46,42.32,37.81,No
103797,2024-06-07 04:00:00,California,Residential,582.28,583.85,645.07,57.32,28.49,72.31,No
100230,2024-01-10 13:00:00,Florida,Industrial,1318.28,1417.87,1512.2,63.23,31.63,37.46,Yes
100858,2024-02-05 17:00:00,New York,Residential,893.12,837.93,996.12,41.46,33.05,39.31,No
101546,2024-03-05 09:00:00,New York,Residential,760.94,881.03,807.77,52.46,31.49,57.89,No
102406,2024-04-10 05:00:00,Florida,Residential,540.4,572.87,570.16,74.72,20.91,26.94,No
100409,2024-01-18 00:00:00,New York,Commercial,592.02,640.25,679.4,62.85,28.37,84.14,No
100171,2024-01-08 02:00:00,Texas ,Commercial,922.59,988.76,986.87,52.86,39.88,66.07,No
100541,2024-01-23 12:00:00,New York,Residential,822.28,946.72,864.52,48.82,40.16,63.05,No
102253,2024-04-03 20:00:00,Texas ,Commercial,1282.8,1372.94,1441.46,69.96,34.71,55.96,Yes
102348,2024-04-07 19:00:00,New York,Industrial,1093.52,1202.57,1252.35,57.96,31.02,59.48,No
102616,2024-04-18 23:00:00,Texas,Commercial,923.8,928.19,1014.57,43.85,26.39,35.69,No
100614,2024-01-26 13:00:00,Texas,Commercial,1343.68,1342.84,1428.44,42.06,39.27,64.16,Yes
101540,2024-03-05 03:00:00,Florida,Industrial,846.04,862.87,960.31,66.07,24.79,60.48,No
101875,2024-03-19 02:00:00,Texas ,Commercial ,841.36,762.09,904.97,54.81,52.37,91.37,No
103502,2024-05-25 21:00:00,California,Commercial,923.63,991.7,1060.23,46.27,39.79,42.99,No
101162,2024-02-18 09:00:00,Texas,Commercial,1157.44,1206.57,1289.51,42.77,57.88,61.82,No
102101,2024-03-28 12:00:00,New York,Residential,829.9,833.53,939.99,51.26,39.83,77.63,No
103222,2024-05-14 05:00:00,Texas,Residential,782.55,869.42,880.55,48.34,39.98,38.41,No
101653,2024-03-09 20:00:00,California,Commercial,1006.33,1039.81,1116.94,58.78,30.68,42.71,No
102590,2024-04-17 21:00:00,Texas ,Residential,1137.2,1282.75,1168.95,54.7,23.19,49.89,No
101502,2024-03-03 13:00:00,New York,Residential,743.55,753.78,757.78,57.33,21.97,79.52,No
102241,2024-04-03 08:00:00,California,Commercial ,1090.89,1266.13,1208.24,53.95,33.77,73.14,No
100565,2024-01-24 12:00:00,New York,Industrial,1260.26,1192.04,1260.32,73.17,31.02,48.79,No
104485,2024-07-05 20:00:00,California,Commercial ,1076.82,981.45,1164.39,60.16,28.85,46.9,No
104287,2024-06-27 14:00:00,California,Industrial,1391.6,1533.11,1531.63,66.85,18.47,61.29,Yes
101860,2024-03-18 11:00:00,Texas ,Industrial,1589.18,1774.66,1599.2,54.61,23.24,33.14,Yes
101722,2024-03-12 17:00:00,Texas,Residential,1154.36,1074.81,1243.25,66.04,37.67,19.94,No
101426,2024-02-29 09:00:00,New York,Residential,897.52,989.69,941.25,59.68,30.68,39.38,No
101455,2024-03-01 14:00:00,Texas,Industrial,1484.52,1617.37,1616.75,59.46,32.58,66.27,Yes
104974,2024-07-26 05:00:00,Texas ,Residential,783.7,844.13,893.28,59.75,36.94,49.55,No
103541,2024-05-27 12:00:00,California,Industrial,1363.73,1559.65,1463.52,64.92,26.57,61.59,Yes
102629,2024-04-19 12:00:00,New York,Residential,1269.48,1223.39,1351.08,50.42,22.42,48.58,No
102437,2024-04-11 12:00:00,New York,Residential,820.59,796.74,861.53,61.46,27.4,48.36,No
103871,2024-06-10 06:00:00,New York,Industrial,659.43,747.95,672.55,41.59,39.5,49.63,No
102043,2024-03-26 02:00:00,Florida,Residential,754.64,782.63,771.27,50.73,46.43,42.46,No
101173,2024-02-18 20:00:00,Florida, Residential ,732.15,765.26,827.71,57.65,17.18,44.76,No
101472,2024-03-02 07:00:00,Texas ,Commercial ,1151.76,1267.25,1168.74,58.43,17.63,42.9,No
100326,2024-01-14 13:00:00,Texas ,Industrial,1398.82,1327.6,1478.32,62.44,44.64,46.94,No
101052,2024-02-13 19:00:00,Florida,Industrial,1221.3,1314.03,1315.7,51.56,15.54,50.6,No
103002,2024-05-05 01:00:00,California,Residential,541.16,533.96,6848.921358,36.18,25.89,67.97,No
103356,2024-05-19 19:00:00,Texas,Commercial,1195.33,1221.94,1267.89,56.19,14.56,53.65,No
102941,2024-05-02 12:00:00,California,Commercial,1019.32,1173.09,1133.51,67.36,41.57,39.52,No
103918,2024-06-12 05:00:00,California,Commercial ,750.59,856.82,774.87,43.13,30.68,73.99,No
104316,2024-06-28 19:00:00,Texas,Residential,1159.33,1219.89,1209.32,52.75,29.1,43.78,No
101197,2024-02-19 20:00:00,New York,Commercial,883.91,976.07,957.21,56.93,47.57,84.38,No
100621,2024-01-26 20:00:00,California,Residential,982.32,1128.87,1046.31,51.23,31.86,48.02,No
101418,2024-02-29 01:00:00,Texas,Industrial,1001.18,980.9,1040.5,56.71,19.22,51.08,No
102935,2024-05-02 06:00:00,Texas ,Commercial,967.95,1141.41,1094.91,60.28,38.6,55.66,No
101190,2024-02-19 13:00:00,Texas ,Residential,1149.96,1084.54,1258.67,58.26,35.12,52.57,No
100329,2024-01-14 16:00:00,New York,Commercial,834.05,910.2,898.77,62.71,39.03,30,No
100649,2024-01-28 00:00:00,California,Industrial,759.71,751.68,850.55,45.63,39.42,57.66,No
100898,2024-02-07 09:00:00,New York,Commercial,1024.35,972.74,1108.88,48.31,18.18,24.79,No
101619,2024-03-08 10:00:00,Florida,Industrial,1286.96,1321.76,1024.52,65.17,28.65,51.58,No
101124,2024-02-16 19:00:00,California,Industrial,1422.27,1283.21,1484.17,68.58,31.36,56.43,No
104847,2024-07-20 22:00:00,New York,Commercial ,685.87,734.53,767.88,63.12,30.19,28.98,No
104686,2024-07-14 05:00:00,New York,Commercial,561.55,578.74,576.88,42.37,32.77,53.7,No
103627,2024-05-31 02:00:00,Texas,Commercial,879.85,1013.85,886.24,62.61,16.72,21.83,No
102949,2024-05-02 20:00:00,New York,Industrial,1177.66,1061.75,1291.81,57.21,29.12,49.86,No
101989,2024-03-23 20:00:00,New York,Residential,785.76,739,787.1,57.07,36.65,22.84,No
101486,2024-03-02 21:00:00,New York,Industrial,1076.31,1108.29,1174.55,57.2,15.45,61.86,No
104619,2024-07-11 10:00:00,California,Residential,1055.25,1193.55,1102.14,55.62,16.38,58.97,No
102923,2024-05-01 18:00:00,California,Residential,895.21,991.65,1002.31,47.28,46.47,56.88,No
103917,2024-06-12 04:00:00,California,Industrial,1123.84,1080.42,1124.85,60.61,34.14,25.76,No
104217,2024-06-24 16:00:00,Texas,Industrial,1636.03,1679.56,1793.86,63.16,9.21,63.71,Yes
101024,2024-02-12 15:00:00,New York,Residential,865.95,989.18,931.53,59.49,28.37,3.79,No
102068,2024-03-27 03:00:00,California,Industrial,894.78,807.74,985.27,61.46,10.38,52.39,No
103389,2024-05-21 04:00:00,Texas,Industrial,1014.95,973.72,1045.5,45.78,40.31,75.77,No
104875,2024-07-22 02:00:00,California,Industrial,885.44,799.69,890.5,50.03,52.64,31.41,No
102847,2024-04-28 14:00:00,California,Commercial ,958.39,998.69,1086.11,58.12,38.99,50.73,No
101527,2024-03-04 14:00:00,California,Residential,933.93,879.35,1040.44,61.16,35.87,60.02,No
100810,2024-02-03 17:00:00,Texas,Commercial,1098.18,1084.47,1106,56.72,23.01,42.06,No
102906,2024-05-01 01:00:00,Texas,Industrial,1023.05,987.88,1045.79,64.48,26.78,68.79,No
100979,2024-02-10 18:00:00,New York,Industrial,1089.31,1114.51,1112.38,44.74,42.02,65,No
102139,2024-03-30 02:00:00,California,Residential,616.04,649,706.07,48.16,36.69,36.46,No
102742,2024-04-24 05:00:00,California,Residential,615.33,661.44,674.06,56.39,27.91,61.29,No
103824,2024-06-08 07:00:00,California,Residential,793.27,849.02,909.44,53.96,24.22,53.54,No
104734,2024-07-16 05:00:00,New York,Commercial ,570.95,523.2,643.98,47.16,50.3,39.95,No
101804,2024-03-16 03:00:00,California,Industrial,788.41,913.71,820.54,66.7,30.93,56.86,No
102448,2024-04-11 23:00:00,California,Commercial,814.14,752.21,929.73,45.66,23.02,22.94,No
101542,2024-03-05 05:00:00,Texas,Commercial ,844.68,869.7,854.04,69.9,20.26,6.91,No
101868,2024-03-18 19:00:00,Texas,Residential,1191.63,1311.61,1248.92,52.37,6.67,62.77,No
103758,2024-06-05 13:00:00,California,Commercial,1173.51,1117.19,1329.15,50.86,58.34,85.43,No
100175,2024-01-08 06:00:00,Florida,Commercial,554.1,616.37,625.58,45.57,36.84,73.92,No
101610,2024-03-08 01:00:00,Florida,Residential,742.69,706.48,773.47,48.37,47.35,32.96,No
104263,2024-06-26 14:00:00,New York,Residential,889.3,1003.36,915.16,69.71,41.97,21.49,No
102811,2024-04-27 02:00:00,California,Residential,652.2,717.52,736.6,52.96,22.38,47.54,No
104502,2024-07-06 13:00:00,California,Residential,955.95,918.79,1007.17,68.73,8.71,49.67,No
100218,2024-01-10 01:00:00,Texas ,Residential,801.03,911.28,803.14,53.95,17.99,63.74,No
103789,2024-06-06 20:00:00,Texas,Residential,1167.71,1200.95,1294.73,56.15,30.7,64.13,No
101445,2024-03-01 04:00:00,California,Industrial,897.46,823.89,910.18,59.34,11.45,36.04,No
100691,2024-01-29 18:00:00,California,Residential,1092.06,1202.94,1162.03,42.86,49.78,39.75,No
102628,2024-04-19 11:00:00,Texas ,Commercial,1250.97,1146.86,1422.35,52.23,57.7,46.63,No
102276,2024-04-04 19:00:00,Florida,Commercial ,1036.96,1044.02,1106.19,49.43,9.02,44.42,No
102281,2024-04-05 00:00:00,California,Industrial,803.18,754.76,860.18,65.65,12.83,38.29,No
101107,2024-02-16 02:00:00,New York,Industrial,771.41,768.25,865.82,53.97,30.4,48.48,No
104461,2024-07-04 20:00:00,New York,Residential,974.11,1037.31,1018.45,56.28,38.43,65.64,No
101967,2024-03-22 22:00:00,California,Commercial ,744.14,750.66,852.33,49.91,50.59,71.82,No
102252,2024-04-03 19:00:00,New York,Industrial,1140.45,1096.65,1279.14,69.73,28.27,38.47,No
100612,2024-01-26 11:00:00,California,Residential,1035.5,1122.2,1056.51,57.42,37.18,59.16,No
104908,2024-07-23 11:00:00,California,Residential,976.63,886.1,1035.18,67.97,23.31,23.48,No
103780,2024-06-06 11:00:00,New York,Commercial,955.95,871.19,1032.51,58.83,40.02,9.43,No
100577,2024-01-25 00:00:00,Texas,Residential,788.91,751.2,870.6,37.7,27.31,30.33,No
102104,2024-03-28 15:00:00,Texas ,Industrial,1632.18,1854.38,1788.63,57.35,20.91,40.49,Yes
104476,2024-07-05 11:00:00,New York,Commercial ,970.01,1143.82,981.48,70.04,33.1,50.58,No
101181,2024-02-19 04:00:00,New York,Industrial,777.6,886.43,854.15,61.91,26.2,64.13,No
100889,2024-02-07 00:00:00,Texas,Commercial ,905.15,820.48,1011.72,51.71,47.87,49.46,No
103188,2024-05-12 19:00:00,New York,Industrial,1049.7,1090.37,1056.3,50.27,44.48,41.66,No
102370,2024-04-08 17:00:00,Texas ,Industrial,1657.84,1620.74,1855.68,72.22,24.28,74.96,Yes
102715,2024-04-23 02:00:00,Texas,Residential,790.82,759.43,795,55.64,38.76,44.04,No
100818,2024-02-04 01:00:00,New York,Industrial,699.95,671.68,738.87,45.09,41.34,65.42,No
103339,2024-05-19 02:00:00,Florida,Industrial,761.09,768.46,844.48,45.47,31.8,62.72,No
102408,2024-04-10 07:00:00,California,Industrial,1390.1,1541.37,1439.51,52.82,25.2,57.65,Yes
100209,2024-01-09 16:00:00,Texas,Commercial ,1384.44,1529.35,1482.13,63.31,32.66,48.4,Yes
100294,2024-01-13 05:00:00,New York,Residential,510.47,480.24,536.63,52.41,50.68,41.81,No
101120,2024-02-16 15:00:00,Texas,Residential,1230.78,1289.02,1362.48,53.29,33.15,61.2,No
103650,2024-06-01 01:00:00,New York,Residential,442.95,519.23,478.07,54.25,33.09,64.44,No
104393,2024-07-02 00:00:00,Florida,Residential,696.42,700.31,781.72,54.27,33.09,49.55,No
101265,2024-02-22 16:00:00,Texas,Commercial ,1373.53,1413.81,1576.57,60.54,14.78,37.22,Yes
100991,2024-02-11 06:00:00,California,Residential,556.19,625.99,638.59,65.3,31.7,59.12,No
102317,2024-04-06 12:00:00,California,Residential,936.07,872.12,967.39,55.09,30.56,38.64,No
104236,2024-06-25 11:00:00,California,Commercial,1130.71,1235.89,1174.84,46.45,25.02,55.79,No
103795,2024-06-07 02:00:00,Texas,Commercial,828.29,901.95,878.16,62.11,44.07,66.84,No
100354,2024-01-15 17:00:00,Texas,Industrial,1558.36,1565.81,1635.86,50.28,32.51,49.57,Yes
103996,2024-06-15 11:00:00,New York,Industrial,1036.41,1219.98,1161.18,59.74,26.2,37.87,No
101878,2024-03-19 05:00:00,Florida,Residential,633.98,687.69,720.04,33.45,32.18,39.54,No
104952,2024-07-25 07:00:00,Texas,Residential,1301.65,1297.19,1466.6,66.92,31.95,57.08,No
101490,2024-03-03 01:00:00,New York,Residential,557.09,610.64,576.67,49.45,56.09,33.85,No
102604,2024-04-18 11:00:00,California,Industrial,1369.85,1327.87,1479.52,49.49,41.48,63.27,No
103106,2024-05-09 09:00:00,New York,Industrial,1182.23,1176.85,1213.29,45.78,29.73,74.77,No
101229,2024-02-21 04:00:00,New York,Commercial ,670.78,638,761.81,43.98,40.25,15.79,No
100260,2024-01-11 19:00:00,Texas,Commercial ,1262.97,1395.99,1427.41,56.03,59.72,37.14,Yes
104447,2024-07-04 06:00:00,California,Industrial,908.95,853.38,1025.02,62.59,26.01,46.37,No
101841,2024-03-17 16:00:00,New York,Industrial,999.56,1053.63,1073.21,47.3,39.97,58.03,No
104784,2024-07-18 07:00:00,California,Industrial,1262.48,1464.44,1338.11,62.59,15.92,34.08,Yes
101833,2024-03-17 08:00:00,Florida,Industrial,1226.52,1409.74,1343.86,55.09,28.21,40.72,Yes
104296,2024-06-27 23:00:00,California,Industrial,928.36,916.11,969.7,61.45,24.45,63.41,No
100053,2024-01-03 04:00:00,New York,Residential,555.77,604.45,621.67,50.76,2,44.54,No
102239,2024-04-03 06:00:00,Texas,Residential,845.17,958.02,965.96,65.58,24.43,61.46,No
101910,2024-03-20 13:00:00,Texas,Industrial,1611.68,1606.71,1792.05,64.72,40.7,44.64,Yes
104182,2024-06-23 05:00:00,Texas ,Commercial,763.83,883.88,827.18,50.88,31.12,36.27,No
103940,2024-06-13 03:00:00,New York,Commercial,640.49,615.07,724.13,55.09,31.96,63.98,No
102842,2024-04-28 09:00:00,Texas ,Commercial,1164.32,1357.73,1259.48,61.09,36.55,38.74,Yes
102388,2024-04-09 11:00:00,Florida,Industrial,1300.6,1249.72,1328.17,63.96,30.34,47.65,No
101480,2024-03-02 15:00:00,New York,Residential,779.33,778.63,802.11,53.77,18.49,57.45,No
101508,2024-03-03 19:00:00,Florida,Industrial,1116.27,1185.48,1225.35,50.37,31.02,61.85,No
101034,2024-02-13 01:00:00,Texas,Residential,714.87,794.18,719.88,56.24,47.96,39.13,No
101098,2024-02-15 17:00:00,California,Commercial ,1205.75,1290.93,1209.72,71.02,19.61,35.65,No
101470,2024-03-02 05:00:00,California,Residential,599.84,611.95,616.99,47.44,10.6,50.3,No
100544,2024-01-23 15:00:00,Texas ,Commercial ,1227.25,1332.89,1273.92,48.18,30.77,70.28,Yes
101047,2024-02-13 14:00:00,California,Residential,984.56,907.21,1124.95,72.5,18.74,72.67,No
103009,2024-05-05 08:00:00,Texas ,Residential,1009.7,1128.51,1097.31,48.1,20.15,28.29,No
101630,2024-03-08 21:00:00,New York,Residential,864.12,953.3,976.12,46.96,21.17,48.19,No
100031,2024-01-02 06:00:00,Florida,Residential,728.34,664.78,820.98,59.57,19.48,51.6,No
100726,2024-01-31 05:00:00,California,Residential,668.09,657.51,695.08,46.39,61.88,32.82,No
102479,2024-04-13 06:00:00,Texas,Commercial ,746.51,834.04,780.68,57.05,45.59,62.98,No
102943,2024-05-02 14:00:00,California,Industrial,1311.09,1482.82,1442.88,54.18,12,60.98,Yes
103976,2024-06-14 15:00:00,California,Industrial,955.95,1006.52,1234.8,55.09,37.92,58.27,No
101427,2024-02-29 10:00:00,Texas,Industrial,1573.17,1816.52,1772.87,70.17,35.23,68.05,Yes
102544,2024-04-15 23:00:00,Florida,Industrial,814.9,862.03,922.25,42.66,18.3,49.57,No
100437,2024-01-19 04:00:00,Texas,Residential,715.93,821.27,733.23,57.95,43.92,60.29,No
104017,2024-06-16 08:00:00,California,Residential,928.1,997.11,1006.3,56.9,40.4,50.1,No
100913,2024-02-08 00:00:00,Florida,Residential,628.72,632.68,681.51,65.38,21.59,52.05,No
104261,2024-06-26 12:00:00,Texas,Commercial,1285.52,1498.61,1437.91,50.13,21.58,45.52,Yes
104202,2024-06-24 01:00:00,California,Commercial,663.53,655.56,736.71,60.96,27.22,36.43,No
104553,2024-07-08 16:00:00,Texas,Residential,1223.19,1423.57,1300.28,61.04,11.1,41.91,Yes
103393,2024-05-21 08:00:00,California,Industrial,1441.52,1585.87,1491.91,74.07,37.03,54.11,Yes
102331,2024-04-07 02:00:00,California,Residential,637.94,620.47,723.27,51.61,28.52,76.93,No
104762,2024-07-17 09:00:00,New York,Residential,870.42,963.34,974.31,64.02,38.66,56.4,No
101239,2024-02-21 14:00:00,New York,Commercial ,926.28,853.07,1041.3,40.68,42.95,41.59,No
100904,2024-02-07 15:00:00,Florida,Commercial,1091.28,1243.82,1180.54,61.75,18.29,42.12,No
101865,2024-03-18 16:00:00,New York,Industrial,1205.66,1335.27,1295.82,51.35,31.02,44.35,Yes
103204,2024-05-13 11:00:00,California,Commercial,1117.89,1312.21,1163.32,54.01,28.62,41.88,No
101558,2024-03-05 21:00:00,New York,Residential,877.4,981.78,934.58,52.73,38.93,44.65,No
100508,2024-01-22 03:00:00,California,Commercial,612.35,657.65,619.83,51.77,36.82,57.05,No
103283,2024-05-16 18:00:00,California,Commercial ,7916.366386,1132.8,1196.23,69.65,14.96,54.7,No
100184,2024-01-08 15:00:00,California,Industrial,1415.54,1425.81,1491.01,60.38,34.64,48.88,Yes
101621,2024-03-08 12:00:00,New York,Residential,940.92,1033.52,997.55,67.43,27.48,33.66,No
101498,2024-03-03 09:00:00,New York,Residential,738.24,677.24,798.8,55.59,21.57,32,No
101895,2024-03-19 22:00:00,Florida,Industrial,814.4,751.25,870.83,44.4,51.81,64.42,No
100322,2024-01-14 09:00:00,Texas ,Commercial,1217.85,1263.64,1272.1,63.95,44.1,62.46,No
101840,2024-03-17 15:00:00,California,Industrial,1227.6,1352.82,1393.92,56.86,23.81,44.35,Yes
103427,2024-05-22 18:00:00,Florida,Residential,958.68,1025.71,1060.58,48.56,44.73,19.69,No
101823,2024-03-16 22:00:00,Florida,Industrial,757.16,759.47,840.95,55.46,25.16,26.35,No
102424,2024-04-10 23:00:00,New York,Residential,615.79,688.22,655.46,75.42,30.48,45.74,No
104845,2024-07-20 20:00:00,Texas,Residential,1064.94,1168.96,1116.57,55.55,40.23,67.83,No
104246,2024-06-25 21:00:00,New York,Industrial,1241.56,1336.97,1245.11,54.22,13.65,43.82,Yes
104654,2024-07-12 21:00:00,California,Residential,1036.86,1140.22,1128.96,50.06,20.03,49.3,No
101552,2024-03-05 15:00:00,Florida,Residential,1327.03,1522.07,1471.06,52.19,23.48,50.97,Yes
104478,2024-07-05 13:00:00,California,Commercial ,847.34,985.75,944.75,64.51,32.28,26.05,No
101147,2024-02-17 18:00:00,California,Industrial,1284.29,1396.7,1376.7,56.13,27.38,44.2,Yes
103623,2024-05-30 22:00:00,California,Industrial,815.96,865.64,881.67,59.76,22.26,69.27,No
100045,2024-01-02 20:00:00,California,Industrial,1391.75,1528.54,1544.73,52.83,21.58,42.18,Yes
101898,2024-03-20 01:00:00,California,Residential,678.76,760.61,690.78,42.81,19.79,50.38,No
101579,2024-03-06 18:00:00,Florida,Commercial,1057.84,1072.61,1158.42,47.67,40.78,14.86,No
103974,2024-06-14 13:00:00,Texas ,Residential,1131.52,1107.63,1268.75,58.9,33.35,45.97,No
101379,2024-02-27 10:00:00,California,Industrial,1165.92,1371.47,1321.06,67.95,19.22,49.55,Yes
102560,2024-04-16 15:00:00,Florida,Commercial ,1159.05,1203.54,1201.35,53.64,32.82,59.54,No
104609,2024-07-11 00:00:00,New York,Residential,474.18,440.32,510.99,67.81,17.1,61.16,No
100414,2024-01-18 05:00:00,Florida,Residential,567.89,580.33,646.1,52.73,28.29,18.46,No
103231,2024-05-14 14:00:00,Florida,Residential,847.54,935.13,910.41,56.87,27.04,58.37,No
101408,2024-02-28 15:00:00,California,Commercial,1126.73,1240.37,1279.33,57.06,29.27,57.66,No
104629,2024-07-11 20:00:00,Florida,Residential,998.88,1129.34,1141.53,47.97,39.42,40.18,No
100802,2024-02-03 09:00:00,Texas,Residential,1006.8,982.47,1087.71,66.91,29.28,63.14,No
101289,2024-02-23 16:00:00,Texas,Industrial,1619.2,1485.12,1670,71.33,30.47,63.42,Yes
101559,2024-03-05 22:00:00,California,Residential,722.31,683.77,740.65,58.1,17.63,60.4,No
102224,2024-04-02 15:00:00,California,Commercial,998,964.29,1102.4,51.49,25.78,57.26,No
102487,2024-04-13 14:00:00,New York,Commercial,770.16,776.14,788.51,49.91,28.51,58.94,No
104667,2024-07-13 10:00:00,Texas,Residential,1079.67,1052.87,1154.7,46.13,26.61,49.55,No
102362,2024-04-08 09:00:00,New York,Commercial,1024.17,1066.16,1086.86,43.28,28.7,36.1,No
100257,2024-01-11 16:00:00,New York,Residential,885.84,917.13,970.03,53.5,33.1,32.37,No
104047,2024-06-17 14:00:00,California,Commercial,1140.02,1225.21,1243.16,471.8835584,18.76,59.99,No
102652,2024-04-20 11:00:00,New York,Residential,677.44,632.73,696.95,57.88,24.28,45.41,No
101152,2024-02-17 23:00:00,California,Industrial,714.63,738.9,797.41,60.26,26.68,19.62,No
102345,2024-04-07 16:00:00,New York,Industrial,1157.9,1355.75,1242.76,55.32,14.96,55.29,Yes
100648,2024-01-27 23:00:00,Texas ,Residential,762.14,892.68,826.79,53.02,12.84,60.66,No
103481,2024-05-25 00:00:00,Texas,Residential,716.65,646.96,716.99,55.09,48.76,31.92,No
102895,2024-04-30 14:00:00,Texas,Industrial,1680.45,1593.97,1788.8,47.44,26.22,72.57,Yes
102665,2024-04-21 00:00:00,Florida,Commercial,755.64,876.2,772.09,56.35,32.56,36.04,No
102586,2024-04-17 17:00:00,Florida,Residential,954.66,1043.96,998.78,65.32,9.54,55.93,No
102196,2024-04-01 11:00:00,New York,Industrial,1299.94,1305.98,1478.15,46.08,21.08,69.01,No
103837,2024-06-08 20:00:00,New York,Industrial,1030.38,1177.68,1111.68,48.4,27.53,42.95,No
101316,2024-02-24 19:00:00,Florida,Industrial,1222.15,1140.62,1268.86,50.96,27.89,69.95,No
101089,2024-02-15 08:00:00,New York,Residential,973.09,1133.71,1013.23,49.53,19.46,40.94,No
104518,2024-07-07 05:00:00,New York,Residential,515.79,470.02,567.17,63.51,30.85,36.53,No
104855,2024-07-21 06:00:00,Florida,Commercial ,493,561.18,542.03,43.31,40.97,63.27,No
102283,2024-04-05 02:00:00,New York,Residential,621.23,617.54,704.55,52.87,28.4,52.02,No
101351,2024-02-26 06:00:00,California,Residential,601.94,582.68,610.5,55.94,21.83,70.03,No
103971,2024-06-14 10:00:00,New York,Residential,982.92,1036.31,1072.46,62.93,33.97,57.23,No
100113,2024-01-05 16:00:00,New York,Industrial,1188.62,1193.7,1268.69,45.08,35.16,71.6,No
103193,2024-05-13 00:00:00,New York,Commercial,629.68,628.66,685.06,51.91,23.59,46.04,No
100264,2024-01-11 23:00:00,Florida,Residential,621.77,665.11,689.98,49.18,39.06,35.27,No
101394,2024-02-28 01:00:00,Florida,Residential,649.66,732.66,739.1,57.04,20.81,21.64,No
102996,2024-05-04 19:00:00,California,Commercial,987.67,1082.11,1019.01,58.83,61.07,13.14,No
101187,2024-02-19 10:00:00,Texas ,Commercial ,1444.81,1673.03,1621.23,50.53,20.22,11.74,Yes
102396,2024-04-09 19:00:00,California,Residential,979.87,972.96,1014.49,58.4,21.99,73.94,No
100057,2024-01-03 08:00:00,Texas,Commercial,1309.82,1370.06,1024.52,60.87,9.73,59.36,Yes
101310,2024-02-24 13:00:00,California,Commercial ,1027.83,949.62,1070.89,66.92,42.4,51.3,No
100696,2024-01-29 23:00:00,Florida,Commercial,675.93,614.56,745.5,62.83,34.39,61.86,No
104242,2024-06-25 17:00:00,New York,Residential,801.93,866.69,892.52,52.86,33.55,42.14,No
102037,2024-03-25 20:00:00,Texas,Commercial,1332.78,1220.17,1436.21,68.41,16.72,104.04,No
101789,2024-03-15 12:00:00,Texas,Commercial ,1311.32,1442.31,1411.12,57.84,37.76,65.01,Yes
102727,2024-04-23 14:00:00,Texas,Residential,1271.99,1350.34,1418.73,57.17,34.93,49.39,Yes
102433,2024-04-11 08:00:00,New York,Residential,997.21,1040.47,1043.28,60.83,19.98,73.37,No
100320,2024-01-14 07:00:00,California,Industrial,1114.58,1183.25,1275.52,48.25,41.15,25.86,No
102330,2024-04-07 01:00:00,Texas,Industrial,884.83,878.31,982.71,48.9,47.19,66.32,No
101590,2024-03-07 05:00:00,Texas ,Commercial ,878.48,1021.4,915.93,59.17,21.96,42.56,No
100683,2024-01-29 10:00:00,Texas,Industrial,1519.75,1611.5,1702.47,47.97,34.31,50.86,Yes
103065,2024-05-07 16:00:00,Florida,Industrial,1318.81,1307.85,1350.19,61.88,16.52,32.33,No
103275,2024-05-16 10:00:00,California,Industrial,1407.97,1476.42,1466.12,61.94,22.54,54.05,Yes
100480,2024-01-20 23:00:00,Florida,Commercial,621.14,674.25,683.36,42.66,42.97,50.98,No
104721,2024-07-15 16:00:00,California,Residential,966.07,995.5,1083.43,56.48,41.32,58.21,No
102909,2024-05-01 04:00:00,California,Commercial,681.63,789.32,728.54,60.32,39.38,31.48,No
100287,2024-01-12 22:00:00,New York,Industrial,820.81,938.99,914.19,46.54,23.29,73.15,No
104960,2024-07-25 15:00:00,Texas ,Residential,1096.5,1264.13,1195.76,61.08,26.84,61.5,No
104425,2024-07-03 08:00:00,California,Industrial,1426.73,1530.07,1505.09,55.5,19.75,48.84,Yes
102459,2024-04-12 10:00:00,New York,Residential,850.52,933.49,949.33,48.66,55.33,64.81,No
104060,2024-06-18 03:00:00,New York,Residential,642.63,585.93,647.97,61.37,31.41,47.77,No
101778,2024-03-15 01:00:00,New York,Commercial,737.01,740.41,800.51,52.01,37.33,58.4,No
103652,2024-06-01 03:00:00,New York,Commercial,551.79,533.95,618.91,55.92,16.15,51.35,No
101599,2024-03-07 14:00:00,Texas,Industrial,1629.28,1850.67,1828.35,78.59,27.03,54.96,Yes
101663,2024-03-10 06:00:00,New York,Commercial,594.78,619.87,614.7,45.8,28.66,47.38,No
102124,2024-03-29 11:00:00,New York,Commercial ,970.21,913.37,1089.55,50.7,31.02,48.21,No
100737,2024-01-31 16:00:00,New York,Industrial,1278.85,1178.47,1294.64,52.44,27.3,38.75,No
103639,2024-05-31 14:00:00,California,Industrial,1405.69,1643.44,1452.33,66.49,34.23,45.12,Yes
100337,2024-01-15 00:00:00,California,Commercial,782.66,866.43,873.61,62.55,21.94,77.7,No
104944,2024-07-24 23:00:00,New York,Residential,561.52,642.94,612.22,50.24,22.07,58.35,No
104638,2024-07-12 05:00:00,Texas ,Residential,800.08,843.63,893.87,51.42,28.52,55.6,No
102693,2024-04-22 04:00:00,Texas,Commercial,855.72,921.11,950.56,55.49,39.75,58.32,No
104444,2024-07-04 03:00:00,California,Commercial,683.63,722.2,773.96,50.19,45.63,61.09,No
101072,2024-02-14 15:00:00,California,Commercial,1198.67,1392.3,1356.62,69.31,37.22,36.8,Yes
102334,2024-04-07 05:00:00,Texas ,Industrial,866.32,985.14,905.44,54.66,18.91,42.48,No
103208,2024-05-13 15:00:00,Texas ,Residential,1152.19,1099.25,1307.65,60.19,45.15,46.55,No
103821,2024-06-08 04:00:00,New York,Residential,490.65,538.93,516.9,49.61,43.35,40,No
103323,2024-05-18 10:00:00,Texas ,Residential,1040.04,954.58,1082.47,51.69,13.8,41.1,No
104151,2024-06-21 22:00:00,Texas,Industrial,1135.9,1330.5,1202.37,64.56,26.14,31.26,Yes
103998,2024-06-15 13:00:00,New York,Industrial,1070.63,1191.56,1188.65,56.6,11.59,59.83,No
103430,2024-05-22 21:00:00,Florida,Residential,920.2,880.48,1055.96,39.73,34.78,13.54,No
101489,2024-03-03 00:00:00,New York,Commercial,624.42,658.4,685.45,47.49,15.31,81.99,No
100499,2024-01-21 18:00:00,New York,Industrial,1096.44,1236.44,1180.19,45.21,35.82,29.43,No
104384,2024-07-01 15:00:00,Florida,Commercial,1100,1162.46,1191.87,58.77,41.46,21.13,No
103689,2024-06-02 16:00:00,Texas,Residential,1025.01,988.29,1169.36,58.22,32.96,38.07,No
102606,2024-04-18 13:00:00,Florida,Residential,999.65,1096.81,1098.26,55.85,39.91,40.06,No
102896,2024-04-30 15:00:00,California,Commercial ,1084.42,1020.15,1183.68,53.27,21.61,21.5,No
104843,2024-07-20 18:00:00,New York,Commercial,927.64,940.92,1037.21,58.59,36.72,65.69,No
102171,2024-03-31 10:00:00,Texas ,Industrial,1401.34,1376.14,1402.31,55.33,31,47.98,Yes
101611,2024-03-08 02:00:00,California,Commercial ,567.82,580.79,628.26,55.95,6.13,6.09,No
102198,2024-04-01 13:00:00,California,Residential,1017.33,1166.61,1119.25,53.92,36.74,60.22,No
102322,2024-04-06 17:00:00,Texas ,Industrial,1417.09,1417.03,1569.81,51.86,36.49,30.12,Yes
103928,2024-06-12 15:00:00,Texas ,Residential,1187.35,1120.71,1233.21,47.21,9.37,91.36,No
101023,2024-02-12 14:00:00,New York,Commercial ,955.95,994.69,896.07,61.49,43.17,46.54,No
104703,2024-07-14 22:00:00,Texas ,Residential,661.68,620.13,723.63,47.35,40.19,37.78,No
104932,2024-07-24 11:00:00,California,Residential,953.87,968.35,1021.09,43.1,25.57,86,No
103280,2024-05-16 15:00:00,California,Residential,1009.11,1143.72,1024.32,65.9,33.01,45.92,No
103122,2024-05-10 01:00:00,California,Industrial,789.89,763.9,904.89,52.41,18.87,23.43,No
104649,2024-07-12 16:00:00,California,Industrial,1344.44,1445.93,1447.76,63.74,25.31,55.34,Yes
100666,2024-01-28 17:00:00,Texas,Commercial ,1156.19,1315.14,1327.15,55.74,18.98,44.4,No
104005,2024-06-15 20:00:00,Texas,Industrial,1414.23,1585.64,1502.15,62.98,11.21,49.55,Yes
102690,2024-04-22 01:00:00,New York,Commercial ,609.64,560.43,615.45,47.47,30.68,25.41,No
104837,2024-07-20 12:00:00,New York,Commercial ,800.05,767.81,876.12,61.61,39.77,57.69,No
104305,2024-06-28 08:00:00,California,Residential,1093.78,990.29,1206.38,49.45,28.04,62.76,No
102956,2024-05-03 03:00:00,Texas ,Industrial,1015.97,921.85,1078.61,57.54,31.34,46.71,No
101018,2024-02-12 09:00:00,Florida,Industrial,1267,1414.14,1303.29,58.21,20.41,64.63,Yes
100558,2024-01-24 05:00:00,Texas,Residential,780.52,904.58,814.69,64.96,33.27,39.23,No
102639,2024-04-19 22:00:00,California,Residential,455.11,502.13,497,43.9,17.64,29.2,No
101208,2024-02-20 07:00:00,New York,Commercial,995.13,1115.07,1043.16,59.29,23.66,31.87,No
102064,2024-03-26 23:00:00,New York,Residential,558.1,619.57,599.69,52.12,38.03,65.76,No
102708,2024-04-22 19:00:00,California,Residential,990.4,1070.08,1002.1,36.92,46.71,65.32,No
103934,2024-06-12 21:00:00,California,Residential,893.26,877.29,955.01,38.96,30.94,51.92,No
101511,2024-03-03 22:00:00,California,Residential,573.57,595.09,635.92,50,22.62,49.55,No
103779,2024-06-06 10:00:00,Texas ,Residential,1115.73,1293.08,1152.5,70.5,26.65,28.12,No
100246,2024-01-11 05:00:00,New York,Industrial,782.94,715.08,884.11,62.47,41.08,49.27,No
101164,2024-02-18 11:00:00,Texas ,Commercial,1103.78,1115.24,1200.98,55.95,33.8,61.26,No
103334,2024-05-18 21:00:00,California,Commercial,960.84,990.29,1104.86,52.99,17.86,47.1,No
100267,2024-01-12 02:00:00,Texas ,Commercial,974.48,984.98,1014.07,70.34,39.43,51.42,No
102410,2024-04-10 09:00:00,New York,Industrial,1242.4,1389.32,1307.15,59.42,45.96,59.11,Yes
101115,2024-02-16 10:00:00,Florida,Commercial,1036.09,1135.57,1159.74,68.85,37.7,35.56,No
100064,2024-01-03 15:00:00,New York,Commercial,1013.79,1115.5,1147.62,48.23,35.95,59.52,No
102655,2024-04-20 14:00:00,Texas ,Residential,1110.62,1181.63,1256.24,71.91,32.11,53.44,No
102643,2024-04-20 02:00:00,California,Commercial,640.94,712.4,684.79,66.64,32.47,43.87,No
102211,2024-04-02 02:00:00,Texas ,Commercial,815.73,765.04,894.44,65.3,32.34,24.35,No
102810,2024-04-27 01:00:00,Texas ,Residential,649.47,594.22,732.97,59.8,21.95,76.07,No
104196,2024-06-23 19:00:00,California,Residential,892.63,1001.81,935.39,60.33,27.84,57.5,No
103135,2024-05-10 14:00:00,California,Residential,940.42,1012.67,1034.63,43.98,46,50.65,No
101933,2024-03-21 12:00:00,Florida,Commercial,1020.4,1100.11,1034.71,63.56,26.27,68.62,No
104803,2024-07-19 02:00:00,New York,Residential,507.82,591.35,514.39,63.87,53.06,49.55,No
103649,2024-06-01 00:00:00,Florida,Residential,642.79,712.02,728.34,59.81,18.44,18.65,No
102102,2024-03-28 13:00:00,Florida,Residential,930.14,900.34,965.33,53.41,32.28,57.19,No
104923,2024-07-24 02:00:00,Florida,Industrial,865.39,1010.68,965.89,44.74,25.52,33.91,No
102513,2024-04-14 16:00:00,New York,Residential,699.53,630.57,764.37,51.64,31.02,67.83,No
101238,2024-02-21 13:00:00,New York,Residential,942.27,951.36,1080.2,62.49,34,49.49,No
100104,2024-01-05 07:00:00,Florida,Commercial,1096.46,1161.02,1107.31,50.75,24.99,86.02,No
102695,2024-04-22 06:00:00,New York,Industrial,806.42,928.61,885.18,50.23,46.7,49.49,No
100273,2024-01-12 08:00:00,California,Commercial,1119.56,1210.87,1282.48,62.58,15.86,49.55,No
102269,2024-04-04 12:00:00,California,Industrial,1297.98,1396.2,1488.8,63.34,45.82,54.92,Yes
104979,2024-07-26 10:00:00,Texas,Industrial,1678.8,1900.83,1728.17,79.66,33.6,51.03,Yes
101715,2024-03-12 10:00:00,California,Commercial ,1283.23,990.29,1465.91,57.84,7.3,35.45,Yes
100866,2024-02-06 01:00:00,Florida,Commercial,659.21,733.8,747.66,52.69,45.23,38.7,No
103399,2024-05-21 14:00:00,California,Commercial ,1082.96,1094.31,1112.63,63.6,29.06,75.06,No
100909,2024-02-07 20:00:00,California,Residential,1029.17,1074.87,1075.11,75.78,41,43.54,No
102155,2024-03-30 18:00:00,Texas,Commercial,1083.21,1114.63,1233.88,53.9,31.02,61.51,No
103969,2024-06-14 08:00:00,Florida,Industrial,1321.9,1470.32,1476.67,60.68,20.33,61.33,Yes
101628,2024-03-08 19:00:00,Florida,Residential,978.71,1051.26,990.99,56.12,35.72,62.27,No
104508,2024-07-06 19:00:00,Texas,Industrial,1375.86,1363.48,1414.86,56.22,34,31.13,Yes
101523,2024-03-04 10:00:00,New York,Commercial ,984.99,984.19,1099.58,49.49,41.61,77.47,No
100836,2024-02-04 19:00:00,New York,Industrial,1011.08,1017.98,1137.85,50.84,32.81,45.27,No
100359,2024-01-15 22:00:00,New York,Commercial ,612.69,556.94,671.94,45.68,37.93,54.01,No
100139,2024-01-06 18:00:00,New York,Residential,763.67,813.92,865.02,45.76,22.73,47.17,No
100300,2024-01-13 11:00:00,Texas,Residential,1050.18,1210.05,1156.76,57.06,40.89,32.86,No
101557,2024-03-05 20:00:00,Florida,Commercial,1100.79,1104.04,1153.66,56.52,32.74,50.99,No
101004,2024-02-11 19:00:00,Texas ,Industrial,1440.42,1427.28,1639.17,54.53,39.26,64.07,Yes
100383,2024-01-16 22:00:00,Florida,Commercial,741.23,834.83,746.61,58.25,32.56,50.34,No
100942,2024-02-09 05:00:00,Florida,Residential,669.97,655.95,735.11,42.77,33.47,46.78,No
104421,2024-07-03 04:00:00,Texas,Industrial,1106.48,1063.61,1242.99,59.6,39.3,53.78,No
103817,2024-06-08 00:00:00,New York,Industrial,714.55,742.55,755.97,49.66,22.84,46.56,No
100762,2024-02-01 17:00:00,California,Industrial,1274.04,1434.95,1350.08,59.7,13.72,8.21,Yes
101768,2024-03-14 15:00:00,New York,Residential,849.13,942.24,919.12,48.82,26.62,61.37,No
101943,2024-03-21 22:00:00,California,Residential,618.79,619.87,623.95,57.17,18.78,66.63,No
102599,2024-04-18 06:00:00,California,Industrial,976.51,884.88,1009.47,60.33,39.17,64.73,No
104592,2024-07-10 07:00:00,California,Residential,1005.52,998.95,1117.44,56.84,39.24,61.46,No
104559,2024-07-08 22:00:00,New York,Residential,456.79,462.93,482.36,39.73,37.34,20.67,No
100899,2024-02-07 10:00:00,Texas,Industrial,1706.65,1675.69,1873.26,65.58,31.44,49.29,Yes
104074,2024-06-18 17:00:00,Florida,Industrial,1247.21,1215.99,1310.24,58.3,19.76,54.61,No
102060,2024-03-26 19:00:00,Florida,Industrial,1327.68,1333.99,1432.67,64.85,15.76,39.57,Yes
101403,2024-02-28 10:00:00,Texas,Residential,1222.23,1342.43,1304.96,54.55,29.59,83.13,Yes
102092,2024-03-28 03:00:00,New York,Industrial,797.02,828.77,889.18,63.19,40.21,58.43,No
103854,2024-06-09 13:00:00,New York,Residential,752.1,858.49,858.78,42.79,38.91,34.75,No
104426,2024-07-03 09:00:00,New York,Residential,891.84,881.37,980.46,56.19,26.01,32.05,No
103012,2024-05-05 11:00:00,California,Commercial,992.53,990.29,1095.96,59.53,21.31,67.07,No
101513,2024-03-04 00:00:00,New York,Commercial ,670.01,657.65,739.7,45.87,18.76,45.9,No
101189,2024-02-19 12:00:00,California,Residential,988.98,988.45,992.02,61.77,26.6,26.55,No
103047,2024-05-06 22:00:00,New York,Residential,531.42,557.84,594.71,52.35,44.76,57.04,No
103561,2024-05-28 08:00:00,California,Residential,1035.75,1195.74,1122.55,55.1,22.84,45.46,No
103948,2024-06-13 11:00:00,Florida,Industrial,1214.85,1094.59,1248.77,54.43,25.18,46.6,No
103695,2024-06-02 22:00:00,California,Industrial,788.8,874.6,876.56,52.3,34.42,62.78,No
100109,2024-01-05 12:00:00,California,Residential,977.17,990.29,1023.82,65.83,10.02,59.23,No
102352,2024-04-07 23:00:00,New York,Residential,569.18,659.16,577.51,52.15,25.6,60.49,No
104036,2024-06-17 03:00:00,New York,Residential,590.32,648.52,651.93,51.32,45.15,20.11,No
100059,2024-01-03 10:00:00,Texas,Industrial,1630.94,1590.88,1704.17,61.65,49.2,47.51,Yes
100077,2024-01-04 04:00:00,California,Industrial,831.23,769.79,893.12,52.47,46.91,49.07,No
100797,2024-02-03 04:00:00,New York,Residential,657.01,756.56,676.91,48.19,43.22,33.11,No
100369,2024-01-16 08:00:00,California,Residential,948.7,986.76,995.86,52.99,34.66,55.95,No
104951,2024-07-25 06:00:00,New York,Industrial,861.87,958.99,948.94,55.25,30.01,73.33,No
100786,2024-02-02 17:00:00,New York,Industrial,1217.27,1303.86,1247.4,44.53,20.86,66.81,No
102089,2024-03-28 00:00:00,California,Commercial,659.48,635.14,728.51,55.25,32.04,38.05,No
104399,2024-07-02 06:00:00,Texas,Industrial,1015.39,1178.65,1029.04,49.37,39.97,42.81,No
102365,2024-04-08 12:00:00,Florida,Industrial,1349.64,1447.54,1426.41,49.76,13.71,38.02,Yes
103510,2024-05-26 05:00:00,Texas,Commercial,857.14,859.36,870.68,48.15,40.88,66.17,No
104294,2024-06-27 21:00:00,New York,Industrial,1247.99,1311.22,1267.38,58.72,45.09,24.24,No
103746,2024-06-05 01:00:00,California,Industrial,942.09,1033.03,1030.77,69.96,25.36,75.73,No
101973,2024-03-23 04:00:00,California,Residential,555.04,594.8,559.62,36.18,23.82,46.07,No
101766,2024-03-14 13:00:00,California,Industrial,1447.83,1507.62,1489.76,63.24,17.37,49.03,Yes
100122,2024-01-06 01:00:00,New York,Industrial,653.69,643.64,664.48,46.21,15.08,39.98,No
101913,2024-03-20 16:00:00,New York,Residential,899.04,990.29,932.68,45.21,26.45,65.16,No
104740,2024-07-16 11:00:00,Florida,Industrial,1276.69,1335.5,1330.43,65.78,39.76,69.41,Yes
103711,2024-06-03 14:00:00,Texas,Commercial ,1355.61,1518.51,1427.09,43.55,26.28,46.74,Yes
100911,2024-02-07 22:00:00,Florida,Commercial,698.18,652.02,769.48,57.53,5.24,34.15,No
100125,2024-01-06 04:00:00,California,Industrial,583.98,590.19,647.57,48.89,25.34,41.93,No
102136,2024-03-29 23:00:00,New York,Residential,541.16,548.48,604.15,48.63,17.98,66.34,No
101587,2024-03-07 02:00:00,Texas ,Industrial,1055.47,1211.44,1102.01,61.56,23.64,89.59,No
101258,2024-02-22 09:00:00,New York,Residential,911.29,939.6,980.27,60.88,25.6,34.78,No
103505,2024-05-26 00:00:00,New York,Residential,529.25,529.03,536.36,53.78,25.54,40.49,No
103546,2024-05-27 17:00:00,Texas,Industrial,1663.55,1666.2,1681.49,60.74,26.89,42.09,Yes
104785,2024-07-18 08:00:00,New York,Residential,1137.92,1242.79,1175.48,58.25,37.02,30.54,No
101179,2024-02-19 02:00:00,Texas ,Residential,709.73,796.26,809.85,52.95,14.96,17.21,No
102772,2024-04-25 11:00:00,California,Residential,993.59,1139.94,1085.3,51.99,14.04,57.53,No
103535,2024-05-27 06:00:00,California,Industrial,786.27,736.37,795.92,60.13,17.07,34.04,No
102379,2024-04-09 02:00:00,New York,Industrial,793.5,715.03,1024.52,65.55,47.27,40.3,No
104029,2024-06-16 20:00:00,Texas ,Industrial,1390.27,1297.01,1526.55,45.72,28.11,43.45,No
100443,2024-01-19 10:00:00,New York,Residential,1041.93,1136.64,1043.69,47.44,40.66,69.95,No
101974,2024-03-23 05:00:00,Florida,Residential,696.55,718.2,756.52,58.75,30.67,59.94,No
104003,2024-06-15 18:00:00,Texas ,Residential,897.51,835.8,975.53,44.53,21.27,48.63,No
100926,2024-02-08 13:00:00,Texas,Residential,1098.7,990.29,1119.69,52.04,45.74,66.71,No
104883,2024-07-22 10:00:00,California,Commercial,1128.49,1264.92,1135.58,55.17,26.27,26.22,No
102570,2024-04-17 01:00:00,New York,Residential,635.05,732.3,674.06,58.23,39.27,21.04,No
104815,2024-07-19 14:00:00,Texas ,Industrial,1635.36,1501.06,1816.79,49.83,31.19,37.18,Yes
101412,2024-02-28 19:00:00,Texas,Commercial,1250.55,1385.6,1383.36,55.73,22.25,71.81,Yes
104371,2024-07-01 02:00:00,California,Commercial ,591.87,575.85,646.67,43.26,33.2,33.93,No
102111,2024-03-28 22:00:00,Texas,Residential,838.93,897.79,894.93,47.81,31.54,87.65,No
101510,2024-03-03 21:00:00,Texas ,Residential,1133.13,1103,1251.31,53.82,40.59,62.77,No
101228,2024-02-21 03:00:00,California,Industrial,842.5,925.25,847.51,66.77,25.63,37.39,No
103669,2024-06-01 20:00:00,Texas,Commercial,955.95,1266.3,1230.43,63.94,39.58,72.16,No
103972,2024-06-14 11:00:00,Florida,Industrial,1287.39,1508.14,1467.98,68.8,33.89,53.2,Yes
102304,2024-04-05 23:00:00,California,Commercial ,726.83,855.88,812.09,51.67,23.74,41.22,No
103467,2024-05-24 10:00:00,New York,Commercial,936.54,926.46,1035,49.82,34.87,42.23,No
100325,2024-01-14 12:00:00,New York,Residential,828.99,927.62,864.38,55.72,22.31,49.08,No
103138,2024-05-10 17:00:00,Texas ,Industrial,1653.14,1488.29,1684.3,63.84,29.7,45.94,Yes
103265,2024-05-16 00:00:00,California,Commercial ,870.72,1005.8,920.93,48.55,38.44,49.55,No
101972,2024-03-23 03:00:00,California,Industrial,708.18,745.23,762.54,43.01,37.29,64.03,No
103793,2024-06-07 00:00:00,Florida,Residential,719.65,771.32,764.35,56.84,44.47,47.5,No
1004863,2024-07-21 14:00:00,Texas,Industrial,1344.828154,1423.26,1562.62,63.48,55.41,44.45,Yes
101499,2024-03-03 10:00:00,New York,Residential,734.48,677.82,818.61,43.98,30.11,22.42,No
101503,2024-03-03 14:00:00,Texas,Industrial,1326.83,1210.8,1413.53,51.19,42.91,29.27,No
101007,2024-02-11 22:00:00,Texas ,Industrial,985.8,961.38,1112.5,61.84,45.35,62.44,No
103677,2024-06-02 04:00:00,Texas,Residential,650.59,596.83,657.63,57.82,34.93,21.87,No
103358,2024-05-19 21:00:00,New York,Industrial,1052.82,1154,1059.32,62.76,32.99,53.31,No
104887,2024-07-22 14:00:00,California,Commercial ,1115.37,1081.15,1152.91,62.67,15.35,46.92,No
101468,2024-03-02 03:00:00,New York,Residential,591.35,570.94,656.61,39.13,30.94,35.66,No
101226,2024-02-21 01:00:00,Florida,Industrial,856.99,990.29,885.24,43.61,34.89,53.88,No
102955,2024-05-03 02:00:00,New York,Commercial ,580.81,587.06,594.09,37.86,9.83,47.19,No
102310,2024-04-06 05:00:00,California,Residential,531.07,618.79,1024.52,50.91,29.16,49.55,No
102226,2024-04-02 17:00:00,New York,Industrial,1187.73,1332.9,1199.29,56.78,50.76,40.76,Yes
101217,2024-02-20 16:00:00,Texas,Residential,1292.34,1279.27,1401.53,46.93,22.38,60.98,No
104050,2024-06-17 17:00:00,California,Industrial,1286.95,1499.92,1466.02,68.86,22.73,40.78,Yes
103564,2024-05-28 11:00:00,New York,Commercial ,867.85,964.34,966.27,56.19,17.35,63.32,No
100421,2024-01-18 12:00:00,California,Residential,866.84,993.31,958.77,55.09,34.79,50.39,No
103486,2024-05-25 05:00:00,Florida,Residential,537.97,563.99,582.62,51.85,27.13,46.52,No
100007,2024-01-01 06:00:00,Texas,Residential,784.56,725.5,850.02,49.89,37.59,29.53,No
100933,2024-02-08 20:00:00,California,Commercial,934.37,954.3,973.79,52.41,25.66,60.01,No
101692,2024-03-11 11:00:00,Florida,Residential,929.73,952.05,946.86,48.35,16.07,67.97,No
100440,2024-01-19 07:00:00,California,Commercial ,1301.37,1517.52,1362.66,64.09,32.25,41.28,Yes
101314,2024-02-24 17:00:00,California,Commercial,1004.84,1121.93,1028.25,55.98,32.51,70.95,No
100679,2024-01-29 06:00:00,New York,Residential,426.72,452.24,437.12,41.78,24.27,40.99,No
102329,2024-04-07 00:00:00,Florida,Residential,513.78,586.4,573.66,52.23,23.02,45.26,No
104652,2024-07-12 19:00:00,Texas ,Residential,1084.1,1262.17,1109.68,59.56,26.63,36.59,No
103484,2024-05-25 03:00:00,New York,Industrial,598.07,578.62,678.94,51.82,23.38,58.84,No
102689,2024-04-22 00:00:00,New York,Commercial,659.61,718.07,713.32,42.96,50.4,45.49,No
104676,2024-07-13 19:00:00,California,Industrial,1128.91,1332.08,1244.44,56.38,30.37,77.94,Yes
103567,2024-05-28 14:00:00,Florida,Industrial,1278.83,990.29,1330.28,58.04,22.46,67.87,Yes
102844,2024-04-28 11:00:00,New York,Industrial,1026.99,1138.78,1161.69,57.92,20.02,37.61,No
102499,2024-04-14 02:00:00,New York,Residential,486.88,470.3,496.74,59.25,3.41,37.26,No
101087,2024-02-15 06:00:00,Florida,Residential,579.11,572.84,646.11,53.63,27.36,47.07,No
101963,2024-03-22 18:00:00,California,Industrial,1399.5,1564.85,1482.69,67.64,30.25,73.13,Yes
104284,2024-06-27 11:00:00,Texas,Residential,1096.87,1185.27,1226.02,53.49,32.72,51.61,No
104605,2024-07-10 20:00:00,Texas ,Residential,1178.5,1143.58,1228.46,45.36,21.1,49.56,No
102944,2024-05-02 15:00:00,Texas ,Residential,1225.95,1290.56,1316.01,58.7,44.63,70.82,No
100195,2024-01-09 02:00:00,California,Residential,657.08,728.78,698.92,59.49,14.68,42.29,No
101475,2024-03-02 10:00:00,California,Residential,825.19,965.97,902.72,42.7,46.32,38.67,No
104111,2024-06-20 06:00:00,Florida,Industrial,813.05,777.41,851,61.05,28.14,43.17,No
102182,2024-03-31 21:00:00,California,Commercial,885.2,809.12,944.93,58.32,28.26,66.73,No
101212,2024-02-20 11:00:00,New York,Residential,909.1,1004.27,979.7,63.85,39.11,75.47,No
102482,2024-04-13 09:00:00,California,Residential,939.54,1025.97,986.01,70.77,41.89,55.75,No
101658,2024-03-10 01:00:00,California,Residential,684.16,785.65,762.51,59.15,38.38,41.02,No
102752,2024-04-24 15:00:00,Texas ,Residential,1202.77,1366.32,1312.59,52.19,31.02,53.67,Yes
103077,2024-05-08 04:00:00,New York,Industrial,833.49,805.02,856.35,43.35,35.7,54.48,No
104968,2024-07-25 23:00:00,Texas ,Residential,789.05,855.73,885.7,52.5,32.05,30.19,No
104572,2024-07-09 11:00:00,Texas ,Residential,1119.47,1208.43,1148.22,44.54,19.9,33.4,No
102851,2024-04-28 18:00:00,California,Commercial,1176.16,990.29,1327.49,61.88,40.78,48.87,No
101920,2024-03-20 23:00:00,New York,Commercial,705.74,827.69,755.22,45.22,29.8,19.61,No
101131,2024-02-17 02:00:00,Texas ,Commercial,756.9,782.82,865.02,46.94,65.75,61.11,No
101462,2024-03-01 21:00:00,Texas ,Residential,1279.4,1385.48,1421.3,47.55,17.78,38.19,Yes
100277,2024-01-12 12:00:00,California,Residential,1101.51,1145.06,1137.71,71.06,19.84,31.83,No
104570,2024-07-09 09:00:00,California,Commercial ,1152.39,1087.12,1259.71,59.79,19.27,55.39,No
102265,2024-04-04 08:00:00,Florida,Commercial ,889.01,984.77,950.51,55.78,32.47,58.55,No
102375,2024-04-08 22:00:00,Texas ,Residential,729.56,792.01,762.71,58.26,43.65,40.2,No
102340,2024-04-07 11:00:00,New York,Industrial,1107.08,1249.52,1268.9,39.42,31.27,37.11,No
101303,2024-02-24 06:00:00,Texas,Industrial,906.19,820.32,1038.05,46.98,21.95,52.11,No
104304,2024-06-28 07:00:00,Florida,Industrial,1331.3,1347.67,1337.52,75.15,17.36,50.15,Yes
100223,2024-01-10 06:00:00,Texas,Residential,806.22,811.36,879.19,60.72,21.31,74.01,No
104816,2024-07-19 15:00:00,California,Residential,879.93,863.35,887.43,60.51,22.02,60.19,No
101996,2024-03-24 03:00:00,Texas ,Industrial,887.49,824.88,1016.86,65.61,35.79,36.91,No
100574,2024-01-24 21:00:00,Florida,Residential,911.36,829.33,1022.97,57.94,35.88,40.44,No
101237,2024-02-21 12:00:00,California,Residential,984.95,891.62,1070.85,48.12,29.15,39.15,No
103610,2024-05-30 09:00:00,New York,Commercial ,1035,1002.07,1122.4,48.16,31.81,26.92,No
102174,2024-03-31 13:00:00,California,Residential,907.65,1061.66,999.18,49.87,37.22,40.82,No
103825,2024-06-08 08:00:00,California,Commercial ,1063.4,1148.24,1099.65,48.35,34.54,33.77,No
101335,2024-02-25 14:00:00,New York,Commercial,926.59,932.79,1028.84,54.72,9.23,51.45,No
104537,2024-07-08 00:00:00,California,Industrial,804.68,918.11,882.06,53.32,31.13,17.23,No
102504,2024-04-14 07:00:00,New York,Residential,770.05,767.82,868.45,53.55,25.18,80.48,No
100419,2024-01-18 10:00:00,Texas ,Industrial,1571.36,1573.85,1710.58,51.07,14.15,52.13,Yes
100268,2024-01-12 03:00:00,Texas ,Industrial,1112.97,1162.1,1124.13,51.6,58.71,66.87,No
101105,2024-02-16 00:00:00,California,Residential,563.24,581.83,636.42,54.95,31.02,53.44,No
100258,2024-01-11 17:00:00,Texas ,Industrial,1557.66,1652.22,1601.47,56.3,29.73,57.41,Yes
100296,2024-01-13 07:00:00,Florida,Residential,900.88,973.07,1004.48,47.16,38.51,51.1,No
102405,2024-04-10 04:00:00,Texas ,Commercial,876.52,972.72,956.63,52.58,24.61,48,No
100387,2024-01-17 02:00:00,California,Commercial,733.1,799.76,773.55,57,32.77,67.63,No
104836,2024-07-20 11:00:00,Texas,Residential,1032.98,1098.73,1102.28,50.2,42.12,61.18,No
103149,2024-05-11 04:00:00,California,Commercial,624.32,709.65,669.62,55.62,28.91,67.14,No
103662,2024-06-01 13:00:00,Florida,Commercial,849.71,790.31,885.36,59.72,35.27,56.56,No
102898,2024-04-30 17:00:00,California,Industrial,1333.61,1529.62,1425.15,58.86,23.36,30.85,Yes
104375,2024-07-01 06:00:00,Florida,Residential,635.8,708.17,643.37,54.78,23.87,60.5,No
103581,2024-05-29 04:00:00,New York,Commercial,634.68,656.88,651.93,60.83,38.74,38.68,No
101908,2024-03-20 11:00:00,New York,Commercial ,1029.47,1120.1,1040.7,58.83,21.59,54.55,No
104424,2024-07-03 07:00:00,Texas ,Commercial,1285.63,990.29,1381.62,52.92,31.02,56.24,Yes
101564,2024-03-06 03:00:00,California,Industrial,912.27,953.14,921.36,52.5,42.41,39.19,No
101962,2024-03-22 17:00:00,New York,Commercial,996.72,1086.51,1059.25,56.05,19.03,42,No
101401,2024-02-28 08:00:00,Texas,Residential,1214.88,1229.8,1314.13,55.09,46.44,27.7,No
100713,2024-01-30 16:00:00,New York,Commercial,980.22,1007.82,1111.41,65.3,39.82,48.79,No
102706,2024-04-22 17:00:00,California,Residential,877.01,904.15,885.22,58.71,33.12,86.56,No
102578,2024-04-17 09:00:00,Florida,Residential,1024.94,1205.24,1141.66,43.47,31.84,52.52,No
100210,2024-01-09 17:00:00,Texas,Residential,1214.46,1382.23,1292.79,64.35,27.57,31.38,Yes
104016,2024-06-16 07:00:00,California,Residential,894.67,895.67,930.08,63.8,28.76,49.55,No
101290,2024-02-23 17:00:00,California,Commercial,1417.17,1640.09,1483.47,52.3,31.61,54.98,Yes
102776,2024-04-25 15:00:00,New York,Residential,840.83,888.36,869.24,-50.75,38.72,45.02,No
101843,2024-03-17 18:00:00,New York,Residential,674.2,660.14,688.95,49.17,29.41,53.44,No
100450,2024-01-19 17:00:00,Texas,Residential,1270.97,1166.02,1384.4,57.23,29.63,52.86,No
104130,2024-06-21 01:00:00,Texas,Industrial,1127.7,1022.92,1174.32,57.26,36.68,61.09,No
102618,2024-04-19 01:00:00,California,Residential,737.07,797.95,776.45,47.8,19.98,48.47,No
101821,2024-03-16 20:00:00,California,Industrial,1180.1,1116.37,1191.83,59.48,41.94,62.2,No
100959,2024-02-09 22:00:00,Texas,Residential,674.79,711.21,737.05,65.11,41.84,46.45,No
101794,2024-03-15 17:00:00,Texas , Commercial ,1297.69,1433.8,1359.21,57.31,29.9,22.54,Yes
103838,2024-06-08 21:00:00,Texas,Industrial,1556.94,1525.12,1559.52,62.78,22.24,69.47,Yes
100655,2024-01-28 06:00:00,New York,Residential,565.83,583.54,607.08,65.1,27.51,26.15,No
102451,2024-04-12 02:00:00,California,Industrial,904.61,870.92,997.59,68.54,17.62,37.03,No
103923,2024-06-12 10:00:00,California,Industrial,1411.99,1575.62,1419.91,49.54,39.93,49.91,Yes
100332,2024-01-14 19:00:00,Texas ,Commercial,1034.86,990.29,1168.49,39.7,26.92,50.57,No
101761,2024-03-14 08:00:00,New York,Commercial,962.62,992.33,1053.33,55.09,21.18,49.55,No
103956,2024-06-13 19:00:00,California,Commercial,951.35,1095.6,1018.98,64.04,34.25,36.79,No
103079,2024-05-08 06:00:00,Texas,Commercial,931.8,1080.78,993.23,54.84,35.14,49.62,No
102154,2024-03-30 17:00:00,California,Commercial ,898.97,892.59,1014.59,51.71,31.05,54.23,No
100412,2024-01-18 03:00:00,New York,Commercial,809.09,799.41,811.77,41.54,10.54,61.92,No
101775,2024-03-14 22:00:00,California,Commercial,763.9,842.96,821.76,57.66,46.72,53.99,No
102358,2024-04-08 05:00:00,Texas,Industrial,1048.95,990.29,1138.11,61.1,33.04,79.63,No
102228,2024-04-02 19:00:00,Florida,Residential,773.04,896.05,842.8,47.05,19.96,73.94,No
102423,2024-04-10 22:00:00,Texas ,Commercial,928.41,990.19,951.35,66.12,27.8,45.27,No
102678,2024-04-21 13:00:00,Texas,Industrial,1398.84,1312.62,1479.81,55.12,27.93,62.56,No
104351,2024-06-30 06:00:00,California,Residential,636.02,715.71,665.75,62.59,33.68,31.8,No
104819,2024-07-19 18:00:00,California,Commercial,1228.48,7653.80125,1333.86,62.15,21.84,65.92,No
103771,2024-06-06 02:00:00,Florida,Commercial,583.93,652.14,615.53,57.4,33.56,39.6,No
104087,2024-06-19 06:00:00,Texas,Commercial,866.03,930.99,898.93,44.93,35.13,42.66,No
102813,2024-04-27 04:00:00,Texas ,Residential,592.49,670.77,623.37,55.09,13.88,55.12,No
103624,2024-05-30 23:00:00,California,Commercial ,663.72,738.47,685.12,62.18,34.66,46.03,No
102312,2024-04-06 07:00:00,California,Industrial,1227.36,1378.81,1235.18,57.2,34.33,49.64,Yes
103700,2024-06-03 03:00:00,California,Industrial,887.61,957.82,1008.29,51.29,17.71,29.9,No
103050,2024-05-07 01:00:00,California,Residential,955.95,921.96,867.15,61,30.99,51.71,No
103636,2024-05-31 11:00:00,New York,Commercial ,1056.68,1147.26,1209.81,63.04,39.16,46.04,No
100431,2024-01-18 22:00:00,Texas,Industrial,1052.01,960.24,1162.8,69.93,48.62,27.79,No
102979,2024-05-04 02:00:00,Texas ,Residential,598.5,572.11,683.66,46.18,30.36,51.28,No
103740,2024-06-04 19:00:00,Florida,Industrial,1339.55,1516.37,1456.59,50.77,27.92,52.47,Yes
101367,2024-02-26 22:00:00,Texas ,Commercial,844.95,916.15,938.58,38.02,27.15,47.12,No
100174,2024-01-08 05:00:00,California,Residential,602.69,618.47,646.88,63.7,35.76,56.9,No
102907,2024-05-01 02:00:00,New York,Residential,535.96,541.87,570.78,41.35,5.12,54.76,No
101177,2024-02-19 00:00:00,California,Industrial,873.61,897.73,981.58,52.58,11.29,37.88,No
103606,2024-05-30 05:00:00,California,Commercial,731.34,836.16,738.4,54.77,50.08,57.77,No
101477,2024-03-02 12:00:00,California,Industrial,955.95,1256.17,1209.04,61.45,22.12,50.28,No
103723,2024-06-04 02:00:00,New York,Residential,562.52,617.61,609.98,46.92,31.31,49.23,No
102087,2024-03-27 22:00:00,California,Residential,754.85,863.49,837.38,58.67,30.13,27.45,No
100103,2024-01-05 06:00:00,California,Industrial,884.24,880.6,887.53,55.14,54.67,50.06,No
103097,2024-05-09 00:00:00,New York,Residential,594.49,676.94,629.01,55.09,12.71,36.01,No
103260,2024-05-15 19:00:00,New York,Commercial ,1083.37,1179.55,1114.1,55.21,33.33,71.42,No
101264,2024-02-22 15:00:00,New York,Industrial,1265.42,1314.93,1420.41,66.05,34.28,45.09,No
103335,2024-05-18 22:00:00,New York,Commercial ,551.52,548.37,621.93,57.23,42.26,44.34,No
103198,2024-05-13 05:00:00,California,Commercial,735.33,845.45,757.68,48.35,29.42,49.55,No
102415,2024-04-10 14:00:00,Florida,Industrial,1257.51,1166.87,1415.19,55.85,22.96,66.97,No
103120,2024-05-09 23:00:00,California,Industrial,980.46,931.49,1107.51,50.55,34.72,69.08,No
103059,2024-05-07 10:00:00,Texas,Industrial,1647.72,1486.7,1694.56,71.26,30.08,54.53,Yes
103361,2024-05-20 00:00:00,California,Commercial ,687.28,766.28,786.17,57.07,10.19,42.88,No
103232,2024-05-14 15:00:00,Florida,Commercial,1075.66,1176.93,1096.31,66.67,20.94,42.62,No
103742,2024-06-04 21:00:00,California,Commercial,1100.45,1131.66,1102.05,57.94,33.1,10.27,No
101644,2024-03-09 11:00:00,Florida,Commercial ,955.95,1044.39,957.1,58.42,27.52,94.04,No
104546,2024-07-08 09:00:00,California,Residential,1125.03,1017.8,1230.79,46.74,25.55,33.11,No
100001,2024-01-01 00:00:00,New York,Commercial,536.98,548.24,591.31,57.96,24.54,63.34,No
101581,2024-03-06 20:00:00,California,Commercial ,1140.45,1163.12,1197.95,51.19,38.66,75.05,No
104462,2024-07-04 21:00:00,Florida,Residential,1012.95,1193.42,1055.02,49.48,28.43,41.01,No
104154,2024-06-22 01:00:00,New York,Industrial,647.52,722.39,670.99,49.14,33.79,1.22,No
101357,2024-02-26 12:00:00,New York,Industrial,1141.67,1264.63,1262.65,50.47,2,33.5,No
103455,2024-05-23 22:00:00,New York,Industrial,832.31,967.78,900.12,39.1,42.11,51.75,No
104125,2024-06-20 20:00:00,California,Commercial,1165.3,1071.12,1319.15,62.17,38.4,50.3,No
102277,2024-04-04 20:00:00,Texas ,Commercial,1307.44,1481.04,1501.28,59.5,49.35,50.89,Yes
102651,2024-04-20 10:00:00,California,Residential,832.99,847.54,864.87,55.09,44.91,53.32,No
100397,2024-01-17 12:00:00,California,Residential,1125.82,1266.54,1226.49,67.34,21.08,58.39,No
103525,2024-05-26 20:00:00,Texas,Industrial,1355.02,1481.4,1384.37,58.86,34.66,73.43,Yes
101065,2024-02-14 08:00:00,New York,Residential,917.36,979.7,920.03,56.7,22.11,64.58,No
104519,2024-07-07 06:00:00,California,Industrial,871.45,1009.33,910.14,44.8,54.67,45.08,No
104409,2024-07-02 16:00:00,New York,Residential,909.86,912.2,1022.97,53.64,25.87,15.37,No
102195,2024-04-01 10:00:00,Texas,Commercial ,1305.11,1217.29,1381.06,67.08,32.49,74.33,No
100819,2024-02-04 02:00:00,Texas,Industrial,972.1,986.26,1031.49,53.49,20.1,54.42,No
101813,2024-03-16 12:00:00,California,Residential,794.29,909.95,865.49,58.81,47.05,49.55,No
102601,2024-04-18 08:00:00,Florida,Residential,1050.19,1102.89,1156.63,64.88,37.72,40.5,No
101553,2024-03-05 16:00:00,California,Industrial,1324.32,1212.27,1489.1,72.64,26.4,47.2,No
103180,2024-05-12 11:00:00,California,Residential,1146.55,1166.77,1260.98,54.94,26.73,49.55,No
100817,2024-02-04 00:00:00,Florida,Residential,590.3,568.01,667.94,53.92,31.37,48.52,No
101573,2024-03-06 12:00:00,Texas ,Residential,1066.71,1152.52,1118.52,69.83,39.87,39.91,No
103805,2024-06-07 12:00:00,California,Residential,1030.88,940.9,1038.33,48.11,31.97,45.38,No
101801,2024-03-16 00:00:00,New York,Residential,488.55,467.44,500.84,46.48,33.06,61.68,No
104327,2024-06-29 06:00:00,Texas,Residential,597.23,653.27,621.95,59.15,20.6,60.53,No
100382,2024-01-16 21:00:00,Texas ,Industrial,1714.34,1630.74,1781.36,51.84,28.29,38.46,Yes
102930,2024-05-02 01:00:00,New York,Residential,534.65,568.1,572.93,50.11,27.01,63.59,No
103893,2024-06-11 04:00:00,Texas ,Industrial,1168.42,1326.19,1260.89,53.32,26.85,57.17,No
102338,2024-04-07 09:00:00,New York,Commercial,838.06,844.73,959.22,47.71,20.71,63.66,No
103569,2024-05-28 16:00:00,California,Commercial,1086.72,1195.88,1204.9,45.29,43.9,52.21,No
102355,2024-04-08 02:00:00,Texas ,Residential,782.19,919,812.39,54.24,19.17,67.6,No
104422,2024-07-03 05:00:00,New York,Industrial,838.09,958.75,863.98,47.5,38.86,73.89,No
101781,2024-03-15 04:00:00,California,Commercial,835.16,898.86,957.38,64.71,11.48,27.99,No
102779,2024-04-25 18:00:00,New York,Commercial ,931.57,913.91,1031.16,51.83,3.45,34.17,No
102481,2024-04-13 08:00:00,California,Commercial,1122.89,1319.43,1262.97,47.63,23.12,37.29,No
104048,2024-06-17 15:00:00,Florida,Industrial,1205.69,1155.44,1243.64,55.41,30.42,51.55,No
100865,2024-02-06 00:00:00,New York,Residential,569.16,628.38,584.8,59.63,21.95,60.31,No
103078,2024-05-08 05:00:00,Texas,Industrial,1027.77,1048.95,1151.63,62.7,37.58,65.2,No
103379,2024-05-20 18:00:00,Texas,Industrial,1652.7,1903.29,1662.82,67.86,21.97,73.83,Yes
100555,2024-01-24 02:00:00,California,Commercial ,651.66,720.48,696.69,55.89,36.23,34.21,No
101160,2024-02-18 07:00:00,Texas,Commercial ,1229.86,1418.17,1361.95,58.75,33.22,42.87,Yes
101214,2024-02-20 13:00:00,California,Commercial,1081.47,1085.03,1206.19,45.85,22.46,61.85,No
103642,2024-05-31 17:00:00,New York,Commercial,1038.19,1001.33,1044.98,55.09,31.02,31.37,No
103667,2024-06-01 18:00:00,California,Residential,889.81,819.11,996,62.92,38.96,69.53,No
100049,2024-01-03 00:00:00,Florida,Commercial,752.23,990.29,754.42,52.2,33.32,59.23,No
103527,2024-05-26 22:00:00,New York,Commercial,341.78,318.65,348.52,46.64,41.47,1.68,No
100701,2024-01-30 04:00:00,Florida,Commercial,663.83,736.41,755.5,57.73,34.25,46.25,No
100653,2024-01-28 04:00:00,Florida,Residential,582.67,570.97,647.75,47.05,39.29,58.3,No
103622,2024-05-30 21:00:00,California,Residential,808.44,942.37,920.03,55.64,22.51,34.72,No
103127,2024-05-10 06:00:00,Texas ,Residential,793.09,803.38,815.4,43.32,20.28,60.13,No
103373,2024-05-20 12:00:00,California,Commercial,1055.8,1072.47,1101.38,62.67,14.26,42.27,No
100749,2024-02-01 04:00:00,New York,Residential,800.62,739.27,908.51,54.2,31.71,36.1,No
101456,2024-03-01 15:00:00,New York,Residential,905.36,924,1007.03,45.47,13.64,43.57,No
104234,2024-06-25 09:00:00,New York,Commercial,989.99,978.47,1080.43,42.9,38.56,33.43,No
102381,2024-04-09 04:00:00,California,Commercial,745.71,706.34,849.84,60.73,29.12,49.71,No
103348,2024-05-19 11:00:00,California,Residential,871.53,810.18,873.81,60.8,18.29,36.35,No
100867,2024-02-06 02:00:00,Texas,Residential,845.02,990.29,863.79,48.18,20.28,57.62,No
100753,2024-02-01 08:00:00,Florida,Residential,986.59,949.04,1110.48,62.68,36.93,53.25,No
101645,2024-03-09 12:00:00,Texas,Commercial,1246.56,1409.32,1300.42,67.61,38.61,43.32,Yes
100093,2024-01-04 20:00:00,Texas ,Commercial ,1419.03,1294.3,1572.34,55.89,33.02,60.21,No
104358,2024-06-30 13:00:00,Florida,Residential,912.46,1044.11,931.48,64.43,22.69,53.9,No
103160,2024-05-11 15:00:00,California,Commercial ,1023.2,1004.38,1029.29,51.43,8.87,24.07,No
102843,2024-04-28 10:00:00,New York,Residential,715.41,650.96,774.72,53.57,14.44,49.55,No
102681,2024-04-21 16:00:00,California,Industrial,1130.44,1146.79,1204.85,55.85,29.33,73.48,No
101491,2024-03-03 02:00:00,California,Industrial,780.21,791.04,797.29,51.71,24.72,64.99,No
104723,2024-07-15 18:00:00,California,Residential,950.99,1034.63,994,40.84,31.02,48.85,No
102219,2024-04-02 10:00:00,California,Industrial,1316.05,1449.45,1413.82,57.63,38.42,44.35,Yes
100730,2024-01-31 09:00:00,Texas,Industrial,1580.51,1524.83,1725.32,66.54,48.81,59.68,Yes
103739,2024-06-04 18:00:00,Texas ,Residential,1173.87,1346.5,1187.81,60.47,18.91,41.73,Yes
102518,2024-04-14 21:00:00,New York,Residential,783.25,862.09,887.1,42.65,32.54,33.58,No
102285,2024-04-05 04:00:00,Texas,Residential,738.1,861.97,788.89,53.21,23.38,47.87,No
101937,2024-03-21 16:00:00,California,Commercial,1169.11,1189.59,1024.52,60.79,23.09,52.49,No
101746,2024-03-13 17:00:00,New York,Industrial,1176.97,1230.59,1328.33,52.76,35.37,55.01,No
102532,2024-04-15 11:00:00,California,Residential,1064.3,1100.01,1222.04,44.29,49.4,70.13,No
103340,2024-05-19 03:00:00,Texas ,Commercial ,766.06,789.03,849.27,51.42,32,27.32,No
101958,2024-03-22 13:00:00,New York,Residential,848.99,837.1,873.27,54.4,32.9,23.41,No
101111,2024-02-16 06:00:00,California,Industrial,917.65,1003.28,1010.94,42.19,38.62,48.56,No
103401,2024-05-21 16:00:00,Texas,Industrial,1639.26,1825.06,1725.95,65.53,35.47,50.97,Yes
104106,2024-06-20 01:00:00,Texas ,Commercial,872.73,798.17,914.43,44.33,28.54,27.3,No
104512,2024-07-06 23:00:00,New York,Industrial,643.62,624.33,702.43,58.36,34.78,65.31,No
104195,2024-06-23 18:00:00,Florida,Commercial ,967.01,1016.88,1013.22,52.72,19.05,35.56,No
100347,2024-01-15 10:00:00,Florida,Residential,951.3,1110.72,1062.89,48.29,28.78,82.89,No
101186,2024-02-19 09:00:00,New York,Commercial ,939.73,1038.88,1010.42,52.91,34.72,30.86,No
104662,2024-07-13 05:00:00,Florida,Commercial,590.99,646.05,669.95,58.29,29.78,16.08,No
104081,2024-06-19 00:00:00,Texas ,Commercial,774.59,807.49,775.24,57.91,31.42,66.22,No
101516,2024-03-04 03:00:00,Texas,Residential,720.97,781.07,814.83,60.56,35.31,24.01,No
104712,2024-07-15 07:00:00,New York,Commercial ,1074.47,1098.42,1225.11,47.96,41.34,65.91,No
100579,2024-01-25 02:00:00,New York,Industrial,928.51,1061.92,1058.28,54.54,26.94,49.59,No
100076,2024-01-04 03:00:00,Texas ,Industrial,1086.86,1188.94,1171.37,56.83,19.89,62.99,No
101430,2024-02-29 13:00:00,California,Industrial,1404.44,1504.18,1406.35,49.46,29.17,42.51,Yes
103659,2024-06-01 10:00:00,Florida,Residential,955.95,794.54,900.03,50.25,15.61,49.55,No
104470,2024-07-05 05:00:00,California,Commercial,766.78,763.96,818.28,63.92,51.46,49.55,No
102804,2024-04-26 19:00:00,New York,Commercial,1048.69,1208.68,1130.33,55.09,22.76,61.49,No
104998,2024-07-27 05:00:00,California,Industrial,775.89,771.52,872.12,66.09,20.85,42.62,No
101847,2024-03-17 22:00:00,Texas,Commercial,750.01,819.62,806.23,54.92,41.65,56.88,No
100132,2024-01-06 11:00:00,California,Industrial,1298.83,1491.32,1475.12,52,40.35,49.55,Yes
100179,2024-01-08 10:00:00,New York,Industrial,1219.34,1436.05,1348.88,56.06,19.28,64.69,Yes
104507,2024-07-06 18:00:00,Texas ,Residential,1100.94,995.05,1221.27,46.93,38.22,25.2,No
102747,2024-04-24 10:00:00,Florida,Residential,1077.63,1078.47,1125.82,45.07,38.43,51.71,No
104961,2024-07-25 16:00:00,Florida,Industrial,1406.6,1467.59,1452.89,52.19,43.03,60.77,Yes
102417,2024-04-10 16:00:00,New York,Commercial,1045.48,1200.37,1082.19,51.02,12.24,72.03,No
102679,2024-04-21 14:00:00,Texas,Residential,1070.26,1023.74,1101.56,64.37,31.87,36.54,No
100659,2024-01-28 10:00:00,Florida,Industrial,1137.9,1296.12,1226.7,58.2,25.6,45.07,No
101897,2024-03-20 00:00:00,Florida,Commercial ,685.45,722.19,762.05,44.78,30.3,45.13,No
103380,2024-05-20 19:00:00,Texas ,Commercial,1248.77,1371.85,1391.66,66.49,28.73,41.46,Yes
103159,2024-05-11 14:00:00,California,Commercial,933.02,998.31,962.61,56.78,30.25,44.21,No
100343,2024-01-15 06:00:00,Texas,Residential,767.7,850.3,857.36,54.78,31.02,66.79,No
102595,2024-04-18 02:00:00,Texas,Residential,733.13,793.17,780.9,57.08,31.68,55.66,No
100728,2024-01-31 07:00:00,California,Residential,1059.96,1231.06,1154.85,57.01,41.44,26.26,No
104585,2024-07-10 00:00:00,Texas ,Industrial,996.95,1119.15,1023.15,51.33,35.53,69.53,No
100977,2024-02-10 16:00:00,Florida,Residential,818.07,838.04,850.07,54.94,25.9,54.07,No
102079,2024-03-27 14:00:00,New York,Industrial,1130.18,1121.27,1218.03,65.25,34.07,51.3,No
103751,2024-06-05 06:00:00,New York,Industrial,881.5,812.63,948.14,57.53,25.88,49.55,No
101929,2024-03-21 08:00:00,Florida,Residential,983.96,901.89,1078.38,59.68,18.09,41.16,No
102664,2024-04-20 23:00:00,Texas ,Residential,928.2,979.59,952.87,58.15,36.33,49.63,No
103781,2024-06-06 12:00:00,New York,Residential,809.61,840.57,828.27,54.03,35.44,22.6,No
101300,2024-02-24 03:00:00,Texas ,Commercial,727.9,762.96,824.13,51.61,47.43,39.39,No
103048,2024-05-06 23:00:00,California,Residential,955.95,718.85,735.13,54.76,18.35,45.52,No
104641,2024-07-12 08:00:00,New York,Residential,1140.16,1039.9,1140.18,41.74,16.38,39.99,No
100661,2024-01-28 12:00:00,New York,Residential,743.04,806.34,831.89,65.59,14.43,44.23,No
104386,2024-07-01 17:00:00,Florida,Commercial ,1089.44,1207.03,1118.22,53.3,31.02,46.59,No
102438,2024-04-11 13:00:00,California,Residential,1103.03,1245.44,1223.1,58.32,26.24,46.5,No
102838,2024-04-28 05:00:00,Texas,Residential,620.5,690.88,677.41,54.69,41.84,65.12,No
103033,2024-05-06 08:00:00,Texas ,Commercial,1236.71,1363.77,1386.17,47.76,39.69,44.63,Yes
102233,2024-04-03 00:00:00,New York,Residential,517.74,514.39,559.76,50.3,15.17,64.3,No
104828,2024-07-20 03:00:00,Texas,Industrial,918.21,875.32,1035.91,45.72,18.47,63.46,No
102755,2024-04-24 18:00:00,New York,Commercial,910.71,882.58,996.07,47.97,18.95,65.78,No
103814,2024-06-07 21:00:00,Florida,Commercial,1069.05,1162.54,1143.66,73.04,10.47,36.23,No
104653,2024-07-12 20:00:00,New York,Commercial,1000.04,995.53,1094.22,61.9,34.88,49.18,No
101279,2024-02-23 06:00:00,Texas,Commercial ,794.27,732.3,910.24,45.47,18.81,59.02,No
103129,2024-05-10 08:00:00,New York,Commercial ,989.74,1137.61,1022.81,53.21,37.37,76.69,No
101622,2024-03-08 13:00:00,Texas,Commercial,1441.36,1310.51,1618.62,51.92,29.92,36.55,No
103072,2024-05-07 23:00:00,Florida,Commercial,676.97,776.99,717.8,66.86,31.06,46.8,No
103936,2024-06-12 23:00:00,Florida,Residential,624.45,569.02,645.03,70.3,9.21,78.78,No
100068,2024-01-03 19:00:00,California,Commercial,1077.8,1169.54,1121.05,54.37,17.82,51.18,No
102631,2024-04-19 14:00:00,Florida,Industrial,1400.15,1411.73,1448.73,59.38,29.99,62.18,Yes
103110,2024-05-09 13:00:00,Florida,Residential,944.89,862.27,1060.28,49.99,37.97,35.12,No
103859,2024-06-09 18:00:00,New York,Industrial,1079.37,1040.37,1156.7,54.13,26.58,30.35,No
100821,2024-02-04 04:00:00,California,Commercial ,616.33,554.85,701.6,54.03,35.66,39.61,No
101227,2024-02-21 02:00:00,New York,Residential,610.46,683.15,656.92,45.42,28.11,31.14,No
103049,2024-05-07 00:00:00,New York,Commercial ,584.59,572.66,629.14,49.59,39.35,57.05,No
102188,2024-04-01 03:00:00,Texas ,Commercial,771.19,908.74,847.17,62.69,41.61,48.79,No
103425,2024-05-22 16:00:00,California,Residential,1027.38,1067.68,1140.13,53.79,46.41,47.1,No
104498,2024-07-06 09:00:00,Texas,Commercial,1144.25,1058.52,1170.4,50.39,49.97,70.02,No
104309,2024-06-28 12:00:00,California,Residential,1081.89,1084.92,1119.3,60.46,42.37,24.47,No
103413,2024-05-22 04:00:00,Texas,Commercial,805.82,746.22,881.95,53.64,32.54,36.32,No
101144,2024-02-17 15:00:00,Florida,Commercial ,805.33,815.18,849.4,46.52,22.08,45.72,No
100398,2024-01-17 13:00:00,New York,Residential,990.52,951.23,1135.86,57.11,42.1,64.18,No
103248,2024-05-15 07:00:00,New York,Industrial,1218.26,1155.36,1325.21,52.35,42.4,47.58,No
104341,2024-06-29 20:00:00,New York,Residential,698.49,732.5,742.22,62.84,46.42,37.53,No
104576,2024-07-09 15:00:00,California,Commercial,1191.96,1294.99,1343.8,43,23.57,31.45,No
101399,2024-02-28 06:00:00,Florida,Commercial,697.25,631.48,697.97,48,31.02,58.12,No
101660,2024-03-10 03:00:00,New York,Commercial,535.83,598.01,589.08,49.62,31.05,40.42,No
100980,2024-02-10 19:00:00,Florida,Industrial,1101.85,1206.8,1174.59,45.49,25.13,73.44,No
101299,2024-02-24 02:00:00,Florida,Residential,386.73,402.87,430.46,56.37,36.5,63.56,No
102306,2024-04-06 01:00:00,New York,Industrial,768.21,874.62,882.05,45.81,30.98,43.33,No
100083,2024-01-04 10:00:00,California,Commercial ,1097.76,1248.24,1242.77,60.22,33.17,41.75,No
102225,2024-04-02 16:00:00,Texas,Commercial ,1294.33,1297.49,1360.34,61.15,44.8,53.41,No
104594,2024-07-10 09:00:00,California,Commercial,1009.25,950.67,1143.02,59.25,32.34,17.99,No
103808,2024-06-07 15:00:00,California,Residential,1037.95,972.24,1175.36,55.09,15.57,46.33,No
103850,2024-06-09 09:00:00,Texas,Residential,937.38,958.98,1043.65,56.61,31.92,53.74,No
102332,2024-04-07 03:00:00,Texas,Commercial ,679.84,753.35,700.71,51.33,21.72,56.6,No
100424,2024-01-18 15:00:00,New York,Commercial,1072.69,978.22,1092.26,42.4,31.13,27.21,No
104379,2024-07-01 10:00:00,Texas,Commercial ,1330.27,1313.36,1349.5,68.75,34.66,31.75,No
101905,2024-03-20 08:00:00,Texas ,Commercial,1365.97,1469.99,1481.4,49.03,30.45,81.12,Yes
104579,2024-07-09 18:00:00,New York,Residential,908.71,1070.5,1008.96,53.58,39.78,49.55,No
103666,2024-06-01 17:00:00,New York,Industrial,1052.21,1060.61,1200.83,62.88,38.2,54.34,No
103614,2024-05-30 13:00:00,California,Residential,906.86,934.89,945.9,58.61,23.31,64.42,No
101566,2024-03-06 05:00:00,New York,Commercial,552.47,517.32,1024.52,53.97,18.07,48.12,No
103419,2024-05-22 10:00:00,California,Residential,992.96,1012.26,1059.41,44.52,23.67,61.2,No
100840,2024-02-04 23:00:00,Florida,Industrial,654.11,674.43,681.44,48.92,21.44,67.64,No
100501,2024-01-21 20:00:00,Texas ,Industrial,1445.2,1387.16,1547.19,67.73,32.98,42.89,Yes
100142,2024-01-06 21:00:00,California,Residential,865.89,807.54,913.34,51.67,14.29,68.29,No
101378,2024-02-27 09:00:00,Florida,Commercial ,1075.85,982.13,1143.51,64.8,23.69,50.09,No
103766,2024-06-05 21:00:00,California,Commercial ,1053.51,1039.7,1159,56.95,42.55,27.7,No
102378,2024-04-09 01:00:00,California,Commercial,748.69,862.46,769.41,48.42,40.77,60.19,No
101139,2024-02-17 10:00:00,New York,Industrial,1102.79,1148.61,1212.95,50.22,22.57,50.2,No
104695,2024-07-14 14:00:00,New York,Commercial,945.46,924.7,1037.43,46.06,45.48,24.81,No
101788,2024-03-15 11:00:00,Florida,Commercial ,950.97,970.94,1072.42,62.27,47.51,32.79,No
102615,2024-04-18 22:00:00,California,Commercial,734,685.92,815.19,63.91,26.65,41.48,No
100551,2024-01-23 22:00:00,Florida,Commercial,574.69,671.32,639.35,43.65,34.61,45.43,No
103786,2024-06-06 17:00:00,Texas,Industrial,1657.95,1786.02,1893.93,63.44,41.07,48.52,Yes
102020,2024-03-25 03:00:00,Texas ,Residential,785.21,709.58,901.54,45.59,18.57,31.57,No
100949,2024-02-09 12:00:00,California,Residential,965.04,1003.27,1069.59,54.24,41.07,47.32,No
102303,2024-04-05 22:00:00,Florida,Commercial,720.59,718.83,773.89,58.27,39.46,73.54,No
100533,2024-01-23 04:00:00,New York,Residential,531.95,521.28,575.63,57.66,34.79,44.7,No
101830,2024-03-17 05:00:00,California,Commercial,661.65,990.29,733.96,52.51,9.22,69.67,No
104069,2024-06-18 12:00:00,Texas ,Residential,1212.53,1191.95,1252.09,48.14,29.86,58.62,No
104458,2024-07-04 17:00:00,Texas,Commercial ,1315.55,1295.46,1422.42,60.76,29.47,49.55,No
104067,2024-06-18 10:00:00,Texas,Commercial,1317.56,1410.57,1467.14,54.81,39.04,34.21,Yes
101603,2024-03-07 18:00:00,California,Commercial,1113.91,1017.35,1203.92,41.01,27.32,28.97,No
100640,2024-01-27 15:00:00,New York,Residential,811.12,816.57,921.46,62.11,14.11,53.07,No
104877,2024-07-22 04:00:00,Florida,Residential,552.66,574.6,561.92,47.51,20.02,55.1,No
100968,2024-02-10 07:00:00,California,Residential,822.71,968.4,940.09,51.54,55.32,62.97,No
104759,2024-07-17 06:00:00,New York,Residential,604.1,600.96,625.51,49.13,21.61,37.87,No
104090,2024-06-19 09:00:00,Texas,Industrial,1736.3,1827.02,1969.78,61.41,31.02,67.78,Yes
101684,2024-03-11 03:00:00,California,Commercial,740.74,834.6,767.56,50.96,17.46,45.35,No
104511,2024-07-06 22:00:00,Texas,Residential,1041.42,1211.33,1124.3,55.51,33.83,37.37,No
102647,2024-04-20 06:00:00,New York,Industrial,713.46,644.53,807.72,60.96,8.78,25.13,No
100156,2024-07-01 11:00:00,California,Commercial,1000.52,1053.2,1017.08,67.33,33.95,60.19,No
102534,2024-04-15 13:00:00,Texas,Industrial,1621.89,1682.7,1848.51,59.1,36.85,34.87,Yes
102894,2024-04-30 13:00:00,Texas ,Commercial,1341.19,1581.48,1024.52,62.69,33.44,64.39,Yes
101090,2024-02-15 09:00:00,California,Residential,968.58,977.82,1104.86,56.05,22.21,89.37,No
102707,2024-04-22 18:00:00,Texas,Industrial,1655.04,1688.42,1811.49,61.59,51.15,68.51,Yes
104280,2024-06-27 07:00:00,New York,Residential,898.97,884.26,921.02,51.93,37.82,59.45,No
100289,2024-01-13 00:00:00,California,Residential,620.19,656.32,1024.52,62.47,38.84,75,No
100931,2024-02-08 18:00:00,Texas,Residential,1162.62,1242.18,1198.16,53.1,17.47,52.7,No
102584,2024-04-17 15:00:00,New York,Residential,913.79,855.58,1021.85,47.57,35.85,77.13,No
102305,2024-04-06 00:00:00,New York,Residential,504.5,518.39,557.07,55.92,28.38,36.86,No
103435,2024-05-23 02:00:00,Texas ,Industrial,973.38,1008.55,1094.79,55.19,15.23,49.55,No
103929,2024-06-12 16:00:00,Texas ,Residential,1134.33,1246,1273.31,67.49,26.79,52.03,No
103353,2024-05-19 16:00:00,New York,Commercial ,794.22,834.72,850.19,58.05,31.02,33.61,No
100943,2024-02-09 06:00:00,Texas ,Residential,774.44,823.64,824.68,57.8,39.34,50.13,No
103930,2024-06-12 17:00:00,Texas, Industrial ,1633,1716.31,1024.52,66.07,15.26,64.26,Yes
101699,2024-03-11 18:00:00,New York,Commercial ,1003.03,959.65,1085.22,47.19,61.41,45.49,No
104752,2024-07-16 23:00:00,New York,Residential,484.54,520.97,505.39,52.86,24.3,46.73,No
103013,2024-05-05 12:00:00,California,Industrial,1107.84,1179.8,1146.23,61.21,22.58,44.06,No
102553,2024-04-16 08:00:00,California,Residential,1057.02,1086.61,1173.22,48.7,36.49,64.3,No
102866,2024-04-29 09:00:00,Florida,Industrial,955.95,1439.32,1400.24,55.15,32.09,45.87,Yes
100986,2024-02-11 01:00:00,New York,Residential,532.43,502.3,605,48.92,42.35,51.28,No
104257,2024-06-26 08:00:00,New York,Commercial,972.89,981.69,1001.05,58.02,37.82,44.28,No
103107,2024-05-09 10:00:00,Texas ,Residential,1157.17,1144.91,1314.13,58.78,30.43,59.23,No
102267,2024-04-04 10:00:00,Florida,Residential,1048.76,1030.42,1198.32,63.49,50.27,32.57,No
104822,2024-07-19 21:00:00,California,Residential,983.66,1142.44,1054.57,62.77,47.01,52.08,No
100982,2024-02-10 21:00:00,California,Residential,853.67,795.71,951.56,61.06,15.93,63.8,No
104023,2024-06-16 14:00:00,Texas ,Industrial,1438.71,1432.85,1480.91,59.41,27.34,52.5,Yes
102474,2024-04-13 01:00:00,Texas ,Industrial,901.33,1051.94,912.13,47.89,41.34,45.55,No
103221,2024-05-14 04:00:00,Florida,Commercial ,715.67,990.29,775.43,45.16,24.11,62.71,No
102998,2024-05-04 21:00:00,California,Commercial,925.49,931.39,931.08,57.46,12.54,74.71,No
103593,2024-05-29 16:00:00,Florida,Commercial,1064.73,1113.9,1078.78,55.09,42.96,62.36,No
103915,2024-06-12 02:00:00,New York,Residential,615.31,664.02,658.85,61.37,38.78,37.01,No
101458,2024-03-01 17:00:00,Texas ,Commercial,1361.09,1497.19,1553.33,61.12,38.61,52.77,Yes
101396,2024-02-28 03:00:00,California,Commercial,658.57,702.49,741.75,49,31.02,47.54,No
100265,2024-01-12 00:00:00,California,Industrial,780.51,809.37,866.45,44.21,44.45,63.23,No
102440,2024-04-11 15:00:00,Texas,Residential,1114.23,1082.78,1138.58,51.03,41.31,39.03,No
100930,2024-02-08 17:00:00,California,Commercial ,1021.57,1153.28,1130.5,54.84,29.83,49.36,No
104437,2024-07-03 20:00:00,California,Residential,977.7,1027.29,1052.39,39.82,26.6,81.03,No
102179,2024-03-31 18:00:00,Texas ,Residential,1068.33,1100.11,1160.21,53.82,39.71,41.12,No
102744,2024-04-24 07:00:00,Texas,Commercial,1298.97,1308.63,1347.48,49.33,46.36,58.34,No
100247,2024-01-11 06:00:00,New York,Commercial ,674.5,715.18,754.73,53.34,26.72,49.55,No
103658,2024-06-01 09:00:00,Florida,Residential,705.1,710.68,749.38,42.17,23.47,49.97,No
101759,2024-03-14 06:00:00,Texas,Industrial,1150.81,1256.99,1166.65,47.1,15.84,38.85,No
104910,2024-07-23 13:00:00,Florida,Residential,964.48,1028.69,1102.35,55.63,26.41,10.87,No
104035,2024-06-17 02:00:00,Texas,Commercial,836.56,974.12,843.85,42.74,30.63,60.8,No
100924,2024-02-08 11:00:00,California,Residential,955.32,1076.39,1076.04,58.6,7.75,67.54,No
102389,2024-04-09 12:00:00,Texas ,Commercial,1274.36,1226.74,1024.52,61.67,36.41,39.34,No
100269,2024-01-12 04:00:00,New York,Commercial ,584.74,661.65,585.5,56.5,24.68,67.93,No
100670,2024-01-28 21:00:00,California,Residential,765.85,719.51,784.41,52.34,31.02,38.22,No
102788,2024-04-26 03:00:00,California,Industrial,878.57,856.18,922.34,55.09,41.27,55.5,No
101911,2024-03-20 14:00:00,California,Commercial,1065.89,972.11,1160.49,54.95,42.22,52.21,No
103759,2024-06-05 14:00:00,New York,Residential,907.96,993.93,1033.37,50.01,27.91,36.43,No
101153,2024-02-18 00:00:00,Texas ,Residential,680.91,719.82,727.53,44.23,36.28,41.5,No
104862,2024-07-21 13:00:00,California,Industrial,1289.71,1394.58,1301.11,73.79,46.57,54.99,Yes
103519,2024-05-26 14:00:00,Texas,Commercial,1135.35,1334.14,1174.49,62.49,19.31,33.7,Yes
104281,2024-06-27 08:00:00,Texas,Commercial,1312.54,1185.02,1480.46,48.67,35.59,48.1,No
103949,2024-06-13 12:00:00,Texas,Commercial,1164.09,1302.47,1186.26,50.43,19.29,49.55,No
102214,2024-04-02 05:00:00,New York,Industrial,790.37,866.34,908.18,60.31,38.07,41.21,No
103040,2024-05-06 15:00:00,Florida,Industrial,1342.89,1318.32,1539.54,54.1,20.62,30.66,No
101916,2024-03-20 19:00:00,Texas ,Residential,1200.86,1240.68,1244.2,58.55,30.81,35.01,No
100613,2024-01-26 12:00:00,Florida,Commercial ,1065.46,1194.92,1096,55.09,31.55,55.85,No
104226,2024-06-25 01:00:00,Texas ,Industrial,1026.49,1119.73,1108.56,50.32,28.12,43.64,No
103596,2024-05-29 19:00:00,Florida,Industrial,1296.26,1494.37,1468.49,72.26,31.43,54.92,Yes
101899,2024-03-20 02:00:00,New York,Commercial,626.21,679.02,648.74,47.04,33.22,66.17,No
101650,2024-03-09 17:00:00,Texas ,Commercial ,1021.52,1173.73,1087.97,44.37,53.43,45.85,No
102498,2024-04-14 01:00:00,California,Commercial ,733.86,698.79,766.79,50.05,32.14,66.15,No
100259,2024-01-11 18:00:00,Florida,Commercial,1078.34,1118.99,1212.37,51.76,44.29,70.18,No
100848,2024-02-05 07:00:00,New York,Residential,856.29,862.21,977.56,47.46,38.77,39.73,No
104291,2024-06-27 18:00:00,Florida,Industrial,1329.45,1289.09,1348.05,55.09,38.56,49.83,No
101234,2024-02-21 09:00:00,Texas,Residential,1205.3,1306.91,1385.51,41.26,13.28,37.46,No
101128,2024-02-16 23:00:00,New York,Commercial,703.36,734.44,778.32,50.96,16.16,49.55,No
101968,2024-03-22 23:00:00,New York,Commercial,641.27,749.51,733.2,68.51,27.73,46.75,No
100559,2024-01-24 06:00:00,California,Commercial,804.81,761.96,810.71,69.21,33.81,67.93,No
103978,2024-06-14 17:00:00,Florida,Residential,930.15,985.22,970.51,-60.87,26.08,77.89,No
100485,2024-01-21 04:00:00,Florida,Residential,556.44,609.67,607.6,61.54,40.97,29.83,No
102212,2024-04-02 03:00:00,California,Residential,775.53,766.34,835.8,42.59,32.3,40.48,No
101321,2024-02-25 00:00:00,California,Industrial,806.6,884.61,825.94,52.6,37.14,43.33,No
103568,2024-05-28 15:00:00,Texas ,Commercial ,1319.87,1279.24,1482.32,70.08,27.66,62.24,No
100008,2024-01-01 07:00:00,California,Commercial ,1084.41,1037.28,1188.36,45.29,17.45,64.31,No
103341,2024-05-19 04:00:00,California,Commercial ,622.42,573.46,681.38,61.53,34.7,45.73,No
103250,2024-05-15 09:00:00,Florida,Commercial ,1109.21,1087.99,1114.8,38.6,36.38,44.25,No
101451,2024-03-01 10:00:00,New York,Commercial ,987.11,1122.98,1062.3,56.34,20.16,54.51,No
104054,2024-06-17 21:00:00,Florida,Commercial,855.41,963.49,976.55,44.17,47.44,57.72,No
101815,2024-03-16 14:00:00,Texas,Industrial,1459.56,1329.12,1495.02,60.65,38.17,65.02,No
100774,2024-02-02 05:00:00,New York,Residential,650.93,760.54,680.02,60.66,21.48,63.19,No
101012,2024-02-12 03:00:00,New York,Commercial ,580.37,561.69,658.64,35.91,31.02,56.09,No
104468,2024-07-05 03:00:00,Texas,Industrial,1103.94,1118.92,1115.03,58.62,35.81,45.21,No
102814,2024-04-27 05:00:00,Texas,Commercial,632.67,617.55,693.37,49.76,17.28,51.93,No
101992,2024-03-23 23:00:00,Texas,Commercial,817.21,764.79,939.4,60.11,25.76,35.59,No
101278,2024-02-23 05:00:00,New York,Commercial,599.02,682.47,600.82,58.74,26.44,78.27,No
101784,2024-03-15 07:00:00,Florida,Commercial,999.59,1150.72,1067.04,78.45,39.55,31.99,No
103164,2024-05-11 19:00:00,Florida,Industrial,1209.46,1161.09,1364.57,55.72,20.01,42.62,No
100447,2024-01-19 14:00:00,New York,Commercial,941.53,1001.58,1027.39,62.24,43.59,82.37,No
100881,2024-02-06 16:00:00,California,Residential,949.75,1072.8,1072.49,43.67,17.44,51.35,No
104821,2024-07-19 20:00:00,California,Industrial,1276.6,1256.52,1437.22,53.6,30.65,33.67,No
100782,2024-02-02 13:00:00,Florida,Commercial,1056.67,994.58,1128.85,53.41,31.18,31.8,No
101750,2024-03-13 21:00:00,Texas,Commercial,1326.47,1533.72,1455.54,79.95,15.51,67.67,Yes
103672,2024-06-01 23:00:00,Texas,Residential,669.07,610.64,753.17,49.65,49.46,55.04,No
104927,2024-07-24 06:00:00,New York,Commercial,644.31,725.44,698.67,44.58,46.96,40.16,No
100884,2024-02-06 19:00:00,California,Industrial,1549.3,1652.29,1559.37,59.73,41.51,48.24,Yes
102419,2024-04-10 18:00:00,Texas,Residential,1261.14,1185.93,1386.9,59.96,9.96,46.75,No
101092,2024-02-15 11:00:00,Florida,Residential,1007.97,1016.72,1154.7,70.15,36.17,69.76,No
104545,2024-07-08 08:00:00,New York,Commercial,910.5,1007.27,936.45,55.09,26.22,72.19,No
100532,2024-01-23 03:00:00,New York,Residential,568.22,648.64,575.67,54.89,55.15,56.62,No
104097,2024-06-19 16:00:00,Texas,Commercial,1307.77,1535.72,1456.84,70.45,46.73,37.72,Yes
103387,2024-05-21 02:00:00,California,Industrial,861.4,1012.47,954.81,43.18,19.97,49.64,No
104520,2024-07-07 07:00:00,Texas,Commercial,1143.94,1092.42,1197.66,62.18,27.37,42.46,No
101728,2024-03-12 23:00:00,New York,Residential,729.45,765.34,732.9,76.12,39.55,66.75,No
100611,2024-01-26 10:00:00,Texas,Residential,1187.7,1102.02,1357.46,47.87,20.89,75.11,No
100571,2024-01-24 18:00:00,Florida,Industrial,1295.08,1483.08,1440.15,63.93,19.42,63.15,Yes
102723,2024-04-23 10:00:00,California,Residential,1027.22,935.06,1058.04,52.13,26.86,56.13,No
103086,2024-05-08 13:00:00,Texas ,Residential,1200.19,1212.05,1272.94,55.09,40.35,49.55,No
100344,2024-01-15 07:00:00,New York,Residential,961.01,953.26,1017.73,47.8,26.09,43.31,No
104082,2024-06-19 01:00:00,California,Industrial,876.95,1015.62,1007.59,44.65,26.12,37.83,No
103271,2024-05-16 06:00:00,California,Commercial,781.38,791.97,879.41,56.96,43.01,48.58,No
100435,2024-01-19 02:00:00,Texas,Industrial,1133.04,1282.45,1212.13,50.01,34.7,34.53,No
101904,2024-03-20 07:00:00,Texas,Residential,1121.49,1139.46,1131.29,52.39,44.87,51.62,No
103873,2024-06-10 08:00:00,California,Residential,1225.14,1200.46,1355.05,56.1,36.49,50.58,No
104483,2024-07-05 18:00:00,Florida,Industrial,1255.61,1221.34,1302.56,54.6,25.84,49.32,No
102070,2024-03-27 05:00:00,California,Residential,607.01,649.44,636.68,53.46,27.31,30.75,No
101538,2024-03-05 01:00:00,Texas ,Commercial ,853.95,991.2,957.6,65.25,22.01,52.25,No
104669,2024-07-13 12:00:00,Texas ,Residential,936.32,975.95,963.58,42.11,22.52,56.99,No
102390,2024-04-09 13:00:00,Texas ,Commercial,1263.67,1234.64,1271.93,43.87,5.46,50.94,No
101518,2024-03-04 05:00:00,New York,Residential,598.32,627.86,1024.52,55.09,45.1,52.78,No
100966,2024-02-10 05:00:00,New York,Commercial ,955.95,738.58,714.34,63.01,21.76,58.25,No
104446,2024-04-07 05:00:00,New York,Residential,628.6,630.1,654.24,55.09,42.03,68.73,No
100529,2024-01-23 00:00:00,Texas,Commercial,5147.613509,685.16,753.46,44.35,24.29,60.24,No
100177,2024-01-08 08:00:00,Texas ,Commercial ,1307.12,1414.85,1485.54,55.24,26.76,28.89,Yes
104369,2024-07-01 00:00:00,Texas,Commercial ,803.45,824.92,882.06,59.42,14.8,29.46,No
102592,2024-04-17 23:00:00,California,Commercial ,728.76,829.52,778.68,59.37,30.2,27.02,No
104337,2024-06-29 16:00:00,Florida,Industrial,1293.61,1438.39,1369.62,48.48,42.74,8.46,Yes
100573,2024-01-24 20:00:00,California,Commercial ,923.21,1019.39,938.19,58.37,44.28,43.48,No
102343,2024-04-07 14:00:00,Texas,Residential,1013.89,1146.67,1081.44,61.82,34.88,54.64,No
103574,2024-05-28 21:00:00,New York,Commercial,955.49,1013.88,978.57,50.08,39.64,44.35,No
102506,2024-04-14 09:00:00,Texas,Industrial,1497.93,1385.93,1597.41,67.5,41.69,66.53,Yes
103950,2024-06-13 13:00:00,California,Industrial,1351.13,1480.56,1403.77,61.61,23.2,34.43,Yes
104417,2024-07-03 00:00:00,California,Industrial,903.31,987.22,905.53,52.39,2,28.6,No
102209,2024-04-02 00:00:00,California,Commercial,718.24,785.64,745.58,48.96,33.06,50.28,No
104986,2024-07-26 17:00:00,Texas,Residential,1610.52,1545.01,1763.13,69.15,49.36,20.4,Yes
102808,2024-04-26 23:00:00,Texas,Commercial ,802.9,806.07,915.26,42.78,27.3,39.61,No
100384,2024-01-16 23:00:00,California,Residential,463.06,496.1,501.92,59.59,20.51,48.76,No
100853,2024-02-05 12:00:00,California,Commercial ,1142.74,1038.3,1186.09,45.03,48.34,57.54,No
101881,2024-03-19 08:00:00,Texas ,Residential,1157.75,1080.84,1315.55,45.05,22.2,76.73,No
100371,2024-01-16 10:00:00,Texas,Commercial,1216.52,1378.62,1258.45,64.49,46.32,47.47,Yes
104321,2024-06-29 00:00:00,Florida,Residential,584.7,662.15,589.17,29.06,32.96,54.03,No
104363,2024-06-30 18:00:00,Texas ,Commercial,1227.28,1431.38,1318.55,66.96,39.44,30.81,Yes
101106,2024-02-16 01:00:00,Texas,Residential,703.88,710.05,767.55,58.97,41.22,53.48,No
102621,2024-04-19 04:00:00,California,Commercial ,696.51,710.71,732.51,44.21,26.63,57.43,No
104210,2024-06-24 09:00:00,California,Industrial,1603.72,1745.46,1619.47,54.6,17.45,81.08,Yes
101337,2024-02-25 16:00:00,California,Residential,912.67,928.05,1017.92,66.83,35.79,63.28,No
102190,2024-04-01 05:00:00,Texas ,Industrial,1163.9,1239.86,1204.25,66.29,17.56,67.67,No
104635,2024-07-12 02:00:00,Texas,Commercial,815.29,913.87,875.37,64.26,27.41,45.53,No
104314,2024-06-28 17:00:00,California,Commercial,1182.49,1196.93,1228.54,71.29,17.61,57.65,No
104879,2024-07-22 06:00:00,New York,Residential,392.45,456.61,440.57,50.98,11.69,26.87,No
102986,2024-05-04 09:00:00,New York,Commercial ,920.37,930.99,942.1,44.89,28.49,33.67,No
104893,2024-07-22 20:00:00,Florida,Commercial ,1159.37,1083.79,1292.99,48.42,30.34,59.26,No
101172,2024-02-18 19:00:00,New York,Industrial,1018.64,1019.81,1020.3,45.31,51.08,43.93,No
102644,2024-04-20 03:00:00,Florida,Commercial,423.45,990.29,475.44,50.36,44.62,77.09,No
103566,2024-05-28 13:00:00,Texas ,Industrial,1615.83,1787.96,1708.76,55.09,18.76,37.5,Yes
101423,2024-02-29 06:00:00,Texas,Residential,785.29,904.27,877.65,59.91,31.17,59.48,No
102385,2024-04-09 08:00:00,California,Residential,1005.4,987.88,1141.38,59.95,50.98,49.55,No
102703,2024-04-22 14:00:00,Texas,Residential,1131.88,1071.53,1296.13,69.65,16.06,55.88,No
104193,2024-06-23 16:00:00,New York,Industrial,1052.01,987.96,1175.1,47.39,49.9,53.43,No
101465,2024-03-02 00:00:00,New York,Commercial ,629.86,568.63,666.14,46.73,31.02,51.09,No
100875,2024-02-06 10:00:00,Texas,Commercial,1405.7,1388.14,1600.19,58.75,19.25,60.42,Yes
102298,2024-04-05 17:00:00,Texas,Industrial,1691.98,1778.66,1909.37,74.81,35.73,78.14,Yes
102368,2024-04-08 15:00:00,Florida,Industrial,1291.89,1484.3,1446.59,53.51,37.99,55.41,Yes
104380,2024-07-01 11:00:00,Florida,Commercial,971.72,925.23,1088.17,53.64,42.76,55.95,No
101252,2024-02-22 03:00:00,New York,Residential,588.44,547.53,611.92,51.65,27.98,38.71,No
1002246,2024-04-03 13:00:00,Florida,Residential,1047.177019,1036.05,1039.61,56.19,23.41,28.21,No
100841,2024-02-05 00:00:00,Texas,Commercial,812.16,899.34,882.58,48.99,35.07,72.8,No
103128,2024-05-10 07:00:00,Texas,Industrial,1532.91,1483.62,1709.41,41.76,43.56,46.68,Yes
100582,2024-01-25 05:00:00,New York,Commercial,631.58,630.15,694.55,49.73,25.58,49.55,No
100205,2024-01-09 12:00:00,Florida,Industrial,1224.77,1409.52,1344.55,55.29,19.86,36.49,Yes
101642,2024-03-09 09:00:00,California,Residential,932.9,886.36,1064.28,50.79,42.7,61.82,No
102015,2024-03-24 22:00:00,Florida,Industrial,793,927.18,902.62,59.43,27.5,35.03,No
100906,2024-02-07 17:00:00,New York,Industrial,1065.09,1066.67,1214.21,37.71,22.45,45.12,No
100632,2024-01-27 07:00:00,New York,Residential,958.7,899.54,1024.52,46.75,34.31,61.21,No
103152,2024-05-11 07:00:00,California,Commercial ,861.49,935.88,983.18,47.84,36.33,59.17,No
101975,2024-03-23 06:00:00,California,Industrial,808.71,911.28,917.96,45.44,35.89,72.42,No
100163,2024-01-07 18:00:00,Florida,Commercial,826.3,917.23,875.2,65.07,34.6,35.59,No
103738,2024-06-04 17:00:00,Texas ,Residential,955.95,1097.05,1338.27,42.55,22.67,38.41,No
104173,2024-06-22 20:00:00,California,Residential,788.23,850.81,863.39,39.68,46.73,79.78,No
104536,2024-07-07 23:00:00,Florida,Commercial,590.01,648.51,591,51.87,40.26,59.99,No
100618,2024-01-26 17:00:00,California,Commercial,1186.25,1070.13,1350.06,58.61,56.58,44.35,No
100876,2024-02-06 11:00:00,Texas,Commercial,1222.98,1177.86,1353.06,56.2,22.7,33.53,No
101432,2024-02-29 15:00:00,Florida,Industrial,1279.87,1428.68,1334.6,69.84,26.52,65.04,Yes
100548,2024-01-23 19:00:00,Texas ,Residential,1331.12,1379.98,1418.8,56.32,21.91,42.03,Yes
104856,2024-07-21 07:00:00,California,Industrial,1175.26,1280.95,1302.31,64.26,35.39,33.28,No
104587,2024-07-10 02:00:00,New York,Residential,592.4,619.42,620.64,47.94,37.09,72.09,No
104402,2024-07-02 09:00:00,Florida,Commercial,1044.98,980.5,1099.59,53.33,42.29,58.63,No
103957,2024-06-13 20:00:00,New York,Residential,858.57,831.37,931.39,52.02,31.83,49.55,No
103990,2024-06-15 05:00:00,California,Industrial,741.53,838.99,803.2,46.97,31.13,32.82,No
102524,2024-04-15 03:00:00,New York,Residential,572.48,589.5,609.47,66.09,27.08,88.87,No
1000289,2024-01-13 00:00:00,California,Residential,623.7402416,656.32,1024.52,62.47,38.84,75,No
101862,2024-03-18 13:00:00,Texas ,Industrial,1569.27,1512.6,1587.87,55.21,37.24,36.82,Yes
100641,2024-01-27 16:00:00,California,Industrial,1409.15,1636.29,1528.87,61.04,28.68,38.68,Yes
103045,2024-05-06 20:00:00,Texas ,Commercial,1372.16,1430.79,1538.13,73.77,23.44,42.18,Yes
104861,2024-07-21 12:00:00,California,Commercial ,999.41,930.18,1096.56,55.49,49.62,31.92,No
103983,2024-06-14 22:00:00,California,Industrial,873.89,855.73,962.89,53.81,45.6,58.47,No
103044,2024-05-06 19:00:00,New York,Residential,851.43,779.04,889.66,56.91,32.38,23.47,No
102097,2024-03-28 08:00:00,Florida,Commercial ,920.11,924.45,947.8,69.87,12.29,50.23,No
102526,2024-04-15 05:00:00,California,Industrial,928.39,976.49,971.32,40.91,28.64,43.57,No
103134,2024-05-10 13:00:00,Florida,Commercial,1114.39,1138.66,1024.52,66.33,27.24,65.88,No
103743,2024-06-04 22:00:00,Texas ,Commercial,959.12,1113.76,1049.89,59.75,31.02,63.9,No
103426,2024-05-22 17:00:00,Florida,Residential,1109.38,1017.21,1187.65,53.07,38.48,65.55,No
100922,2024-02-08 09:00:00,New York,Industrial,1283.28,1351.54,1357.82,53.74,22.99,51.89,Yes
100547,2024-01-23 18:00:00,Texas,Residential,1230.75,1121.7,1359.82,70.65,29.32,38.72,No
103735,2024-06-04 14:00:00,California,Commercial,1166.02,1150.1,1271.28,67.47,21.09,34.18,No
101901,2024-03-20 04:00:00,California,Residential,683.9,632.68,1024.52,46.75,29.97,52.3,No
102029,2024-03-25 12:00:00,California,Commercial,1147.24,1153.12,1216.35,50.56,44.21,30.58,No
102302,2024-04-05 21:00:00,Florida,Commercial,1063.92,1245.41,1168.19,53.85,44.56,27.23,No
101886,2024-03-19 13:00:00,New York,Industrial,1209.26,1245.24,1290.01,47.53,35.25,32.66,No
101643,2024-03-09 10:00:00,Florida,Industrial,1194.91,1297.47,1372.6,47.54,51.96,58.34,No
103575,2024-05-28 22:00:00,California,Commercial ,693.05,813.55,748.47,43.8,40.32,46.57,No
104854,2024-07-21 05:00:00,California,Industrial,802.3,890.73,849.54,48.58,26.26,60.77,No
102098,2024-03-28 09:00:00,Florida,Residential,904.15,1018.9,913,57.44,31.33,58.56,No
104397,2024-07-02 04:00:00,California,Residential,631.96,632.51,710.31,52.17,23.65,72.6,No
103629,2024-05-31 04:00:00,California,Commercial,761.99,695.77,845.08,45.91,50.92,22.63,No
104535,2024-07-07 22:00:00,Florida,Commercial,555.65,585.29,626.31,55.77,42.92,21.81,No
100837,2024-02-04 20:00:00,New York,Commercial ,863.54,800.94,948.76,81.9,43.53,43.31,No
100602,2024-01-26 01:00:00,California,Commercial,693.88,716.48,765.01,56.22,9.13,60.68,No
102185,2024-04-01 00:00:00,Texas ,Residential,817.94,852.12,863.56,58.13,38.84,51.64,No
103937,2024-06-13 00:00:00,New York,Residential,571.89,612.32,635.5,38.35,32.59,40.76,No
102528,2024-04-15 07:00:00,New York,Industrial,1163.37,1264.39,1231.09,63.96,13.33,40.39,No
104347,2024-06-30 02:00:00,California,Residential,592.12,548.94,625.27,66.29,21.62,59.28,No
101583,2024-03-06 22:00:00,Florida,Residential,531.62,591.73,562.44,40.08,32.59,42.13,No
104306,2024-06-28 09:00:00,Texas,Residential,1236.83,1212.58,1327.21,55.09,38.31,27.53,No
102582,2024-04-17 13:00:00,California,Commercial,1086.52,1130.14,1234.42,53.73,24.12,38.93,No
104874,2024-07-22 01:00:00,California,Residential,701.36,707.89,765.54,68.8,28.91,57.6,No
101071,2024-02-14 14:00:00,California,Industrial,1339.58,1370.23,1400.3,58.43,38.59,62.09,Yes
101776,2024-03-14 23:00:00,California,Commercial,819.74,807.7,929.5,50.7,36.16,56.19,No
104853,2024-07-21 04:00:00,California,Residential,499.03,491.35,556.81,46.91,37.96,49.55,No
101284,2024-02-23 11:00:00,Texas,Residential,1209.21,1169.12,1294.85,39.69,23.41,47.38,No
103108,2024-05-09 11:00:00,Texas,Industrial,1577.1,1452.37,1681.4,59.08,12.24,26.03,Yes
104798,2024-07-18 21:00:00,California,Residential,988.83,979.84,1028.16,59.41,35.46,53.61,No
101837,2024-03-17 12:00:00,Texas,Commercial,1182.2,1078.65,1310.97,67.58,30.28,37.98,No
104282,2024-06-27 09:00:00,Texas ,Industrial,1644.69,1800.57,1763.54,54.32,33.8,47.46,Yes
101020,2024-02-12 11:00:00,Texas,Residential,1241.19,1282.49,1286.4,66.03,28.81,55.91,No
104376,2024-07-01 07:00:00,New York,Commercial,1032.76,1206.17,1086.81,42.89,28.71,39.34,No
101327,2024-02-25 06:00:00,California,Industrial,756.04,693.77,840.85,61.38,31.82,49.37,No
100476,2024-01-20 19:00:00,New York,Commercial,836.7,927.56,873.8,46.18,12.03,52.98,No
103707,2024-06-03 10:00:00,Texas ,Residential,1135.22,1275.76,1272.83,71.36,38.51,55.5,No
101652,2024-03-09 19:00:00,California,Commercial ,974.9,894.35,1070.12,55.96,41.62,58.73,No
104073,2024-06-18 16:00:00,Florida,Commercial,987.21,941.45,1057.04,58.48,28.75,49.91,No
104325,2024-06-29 04:00:00,California,Residential,536.38,609.67,614.01,70.33,44.7,25.73,No
104319,2024-06-28 22:00:00,New York,Residential,576.73,601.25,633.42,50.21,11.52,53.27,No
102523,2024-04-15 02:00:00,California,Industrial,896.31,883.5,1005.95,53.43,42.23,50.73,No
102634,2024-04-19 17:00:00,Texas,Industrial,1678.01,1606.37,1795.7,70.8,32.1,59.93,Yes
101374,2024-02-27 05:00:00,New York,Industrial,851.73,772.07,864.37,62.88,22.89,43.94,No
100740,2024-01-31 19:00:00,New York,Commercial,925.96,1069.97,998.49,55.12,34.5,63.76,No
103687,2024-06-02 14:00:00,New York,Commercial,810.69,898.52,926.56,50.41,32.81,49.19,No
102485,2024-04-13 12:00:00,New York,Commercial,828.3,777.69,886.54,38.65,28.78,45.56,No
100868,2024-02-06 03:00:00,California,Residential,666.54,723.71,730.11,45.24,23.99,51.7,No
101141,2024-02-17 12:00:00,California,Industrial,1215.28,1152.54,1248.61,67.32,31.12,47.98,No
100998,2024-02-11 13:00:00,Texas,Residential,1064.79,1246.52,1139.22,49.1,44.1,39.4,No
101338,2024-02-25 17:00:00,Texas ,Residential,936.38,1097.68,990.11,60.83,36.77,53.07,No
100542,2024-01-23 13:00:00,Florida,Residential,1040.96,947.93,1165.36,53.11,30.48,53.73,No
101100,2024-02-15 19:00:00,New York,Commercial ,1018.08,921.72,1165.53,55.85,14.87,54.47,No
101133,2024-02-17 04:00:00,Texas,Industrial,969.88,938.21,1031.23,52.71,29.66,82.38,No
104897,2024-07-23 00:00:00,Texas,Residential,716.43,723.87,775.43,56.82,19.88,47.54,No
102768,2024-04-25 07:00:00,California,Commercial,1161.97,990.29,1209.65,72.95,2,60.43,No
102259,2024-04-04 02:00:00,California,Residential,687.03,639.6,759.45,59.71,15.15,57.71,No
104061,2024-06-18 04:00:00,California,Industrial,896.6,824.37,943.52,37.25,26.58,56.24,No
100060,2024-01-03 11:00:00,California,Commercial,1077.77,1150.67,1111.89,67.33,47.52,49.55,No
103167,2024-05-11 22:00:00,New York,Residential,485.18,443.47,486.93,34.46,23.95,51.33,No
101939,2024-03-21 18:00:00,New York,Industrial,1131.08,1177.61,1298.71,63.7,29.02,64.75,No
104037,2024-06-17 04:00:00,New York,Residential,624.81,636.12,691.09,32,12.52,67.05,No
104982,2024-07-26 13:00:00,California,Industrial,1226.35,1295.14,1235.89,60.23,35.83,53.39,No
101079,2024-02-14 22:00:00,California,Industrial,936.1,879.09,960.73,42.56,32.73,61.66,No
104109,2024-06-20 04:00:00,New York,Residential,549.42,584.62,556.78,45.92,8.46,61.57,No
103958,2024-06-13 21:00:00,New York,Commercial ,1032.82,1012.18,1142.13,42.97,38.25,43.19,No
102535,2024-04-15 14:00:00,Texas ,Commercial ,1328.82,1538.93,1352.32,64.35,36.56,42.14,Yes
100941,2024-02-09 04:00:00,California,Commercial,677.31,609.79,776.34,60.27,42.72,39.35,No
101081,2024-02-15 00:00:00,California,Commercial,703.27,696.19,806.33,54.18,31.28,39.96,No
100188,2024-01-08 19:00:00,Florida,Commercial,1032.64,1026.55,1076.13,53.09,18.67,49.55,No
102686,2024-04-21 21:00:00,Texas,Residential,962.63,1120.67,971.05,60.61,41.1,56.19,No
102086,2024-03-27 21:00:00,New York,Residential,848.47,778.46,972.79,52.33,37.2,39.22,No
102250,2024-04-03 17:00:00,California,Commercial ,1286.94,1487.24,1375.95,62.93,26.69,32.14,Yes
104936,2024-07-24 15:00:00,California,Residential,803.83,903.13,834.14,64.51,23.48,78.64,No
102024,2024-03-25 07:00:00,Texas,Residential,1380.55,1612.3,1435.28,75.63,40.28,59.55,Yes
104742,2024-07-16 13:00:00,Texas,Residential,1174.43,1233,1299.81,59.8,7.74,40.9,No
101493,2024-03-03 04:00:00,California,Commercial,622.28,724.29,664.33,46.42,27.64,51.65,No
103675,2024-06-02 02:00:00,Florida,Residential,509.99,990.29,550.3,46.66,18.79,17.82,No
100227,2024-01-10 10:00:00,New York,Industrial,1253.14,1356.63,1376.3,60.36,42.05,27.79,Yes
103366,2024-05-20 05:00:00,Florida,Residential,712,727.93,725.4,47.69,27.31,69.74,No
101930,2024-03-21 09:00:00,Texas,Industrial,1582.55,1848.62,1583.25,70,39.61,51.15,Yes
103114,2024-05-09 17:00:00,Texas,Residential,1137.01,1062.69,1176.39,52.49,26.38,40.3,No
104530,2024-07-07 17:00:00,California,Industrial,1183.45,1100.18,1337.73,50.48,43.03,35.76,No
101405,2024-02-28 12:00:00,Texas ,Residential,1252.19,990.29,1424.56,65.2,43.05,43.23,No
102180,2024-03-31 19:00:00,Florida,Industrial,1076.41,1100.68,1232.63,53.86,29.27,24.81,No
100698,2024-01-30 01:00:00,Florida,Commercial,756.93,800.31,788.14,49.43,19.9,41.31,No
101125,2024-02-16 20:00:00,Texas ,Commercial ,1315.57,1523.6,1487.21,64.03,30.99,77.06,Yes
104648,2024-07-12 15:00:00,California,Industrial,1375.9,1353.9,1423.27,60.17,23.96,49.55,Yes
102975,2024-05-03 22:00:00,New York,Industrial,876.82,985.86,978.13,54.3,24.77,86.32,No
101779,2024-03-15 02:00:00,California,Industrial,913.89,1007.12,944.3,57.42,28.06,59.42,No
103211,2024-05-13 18:00:00,Texas,Residential,1132.14,1129.27,1148.02,58.78,16.2,58.03,No
101038,2024-02-13 05:00:00,Texas ,Commercial ,1006.66,990.29,1043.67,48.57,18.63,66.22,No
104213,2024-06-24 12:00:00,Florida,Residential,920.35,1040.68,934.27,53.11,46.89,37.26,No
102257,2024-04-04 00:00:00,Florida,Residential,551.89,644.97,580.82,49.08,39.37,46.9,No
100314,2024-01-14 01:00:00,New York,Residential,626.84,674.08,703.91,62.42,33.54,47.34,No
102282,2024-04-05 01:00:00,New York,Residential,587.9,642.96,613.14,55.09,27.06,36.95,No
101417,2024-02-29 00:00:00,Texas,Commercial,842.49,813.91,879.73,51.13,43.2,20.92,No
101037,2024-02-13 04:00:00,California,Residential,590.11,659.1,616.76,56.28,27.03,33.77,No
102160,2024-03-30 23:00:00,Texas ,Industrial,844.51,805.21,898.45,54.78,30.1,40.17,No
104201,2024-06-24 00:00:00,California,Industrial,789.15,790.21,832.68,63.69,34.08,46.77,No
101755,2024-03-14 02:00:00,New York,Residential,600.66,668.96,616.83,55.69,38.42,66.53,No
1001942,2024-03-21 21:00:00,California,Commercial ,1198.186945,1166.01,1304.67,41.47,25.34,46.47,No
102868,2024-04-29 11:00:00,Texas ,Commercial,1415.13,1464.56,1619.29,68.49,27.6,51.3,Yes
102750,2024-04-24 13:00:00,Florida,Residential,850.72,808.53,922.02,59.26,36.95,49.55,No
103269,2024-05-16 04:00:00,Florida,Industrial,845.78,806.86,869.27,53.08,15.67,38.09,No
103409,2024-05-22 00:00:00,California,Industrial,863.54,871.37,958.39,44.15,32.47,45.79,No
103495,2024-05-25 14:00:00,California,Residential,990.77,949.69,1076.6,43.35,32.42,40.84,No
101507,2024-03-03 18:00:00,Florida,Residential,758.13,837.61,841.03,55.88,33.02,47.07,No
101924,2024-03-21 03:00:00,California,Industrial,754.73,774.5,783.76,57.79,50.49,44.74,No
100449,2024-01-19 16:00:00,New York,Industrial,1233.95,1225.29,1251.91,53.22,26.48,63.71,No
102488,2024-04-13 15:00:00,California,Industrial,1174.42,1314.38,1341.35,47.56,32.26,58.77,No
102576,2024-04-17 07:00:00,Florida,Residential,873.71,1016.83,878.84,45.68,22,66.93,No
105000,2024-07-27 07:00:00,Florida,Residential,887.06,990.47,918.03,64,31.02,50.73,No
100362,2024-01-16 01:00:00,Florida,Residential,734.89,771.1,739.9,45.11,29.2,49.55,No
102184,2024-03-31 23:00:00,California,Residential,677.68,771.6,708.38,41.82,25.21,27.78,No
101135,2024-02-17 06:00:00,Texas ,Residential,683.61,791.49,709,55.09,41.75,50.4,No
103952,2024-06-13 15:00:00,California,Commercial ,1112.4,990.29,1198.06,63.12,41.52,39.25,No
102156,2024-03-30 19:00:00,California,Commercial ,998.38,1165.64,1012.22,36.95,28.63,68.95,No
101831,2024-03-17 06:00:00,New York,Industrial,607.39,660.72,663.06,33.19,39,59.33,No
101054,2024-02-13 21:00:00,California,Commercial,1066.98,1013.67,1217.37,372.1984254,31.3,40.17,No
102461,2024-04-12 12:00:00,New York,Industrial,1201.68,1376.82,1338.67,48.6,32.04,52.52,Yes
100023,2024-01-01 22:00:00,California,Industrial,813.76,789.66,904.52,54.28,39.75,53.33,No
102067,2024-03-27 02:00:00,California,Residential,622.73,689.45,661.66,59.65,37.61,60.04,No
101654,2024-03-09 21:00:00,New York,Residential,754.4,735.95,768.55,51.83,19.96,38.88,No
102882,2024-04-30 01:00:00,California,Commercial,617.22,661.38,683.58,39.03,34.07,18.46,No
103272,2024-05-16 07:00:00,Texas,Residential,1209.23,1165.24,1367.51,55.09,55.93,35.81,No
102852,2024-04-28 19:00:00,California,Residential,949.27,896.55,1081.83,52.96,19.12,65.19,No
104175,2024-06-22 22:00:00,California,Commercial,568.55,665.27,624.4,42.21,21.99,49.55,No
102469,2024-04-12 20:00:00,New York,Industrial,1106.98,1008.74,1158.4,65.82,43.34,59.76,No
102326,2024-04-06 21:00:00,New York,Residential,829.23,866,950.35,62.48,37.5,42.18,No
100461,2024-01-20 04:00:00,Texas,Commercial ,800.27,744.16,890.19,47.89,33.89,76.19,No
101068,2024-02-14 11:00:00,Texas,Commercial,1331.78,1378.18,1511.6,67.79,38.6,50.32,Yes
100088,2024-01-04 15:00:00,Florida,Residential,927.11,1091.02,931.61,61.86,17.09,40.6,No
101431,2024-02-29 14:00:00,New York,Residential,965.7,955.26,1080.5,58.76,31.88,49.83,No
102699,2024-04-22 10:00:00,California,Commercial,1121.23,1030.01,1144.22,64.86,37.34,44.44,No
100283,2024-01-12 18:00:00,New York,Residential,873.88,793.95,884.68,67.25,36.71,48.76,No
102484,2024-04-13 11:00:00,Texas,Industrial,1436.5,1315.93,1466.44,63.94,29.02,54.82,No
100463,2024-01-20 06:00:00,Texas ,Residential,599.48,638.81,628.42,45.92,39.34,29.65,No
100213,2024-01-09 20:00:00,Texas ,Commercial,1198.3,1312.87,1365.47,69.81,37.04,41.04,No
104788,2024-07-18 11:00:00,New York,Residential,864.89,907.99,889.87,54.47,35.97,59.74,No
101369,2024-02-27 00:00:00,Texas,Industrial,1182.17,1288.86,1280.54,54.3,25.04,56.64,No
100235,2024-01-10 18:00:00,California,Industrial,1265.53,1381.35,1403.65,72.19,37.52,43.85,Yes
102823,2024-04-27 14:00:00,Florida,Commercial,925.7,1017.87,1004.81,49.33,42.22,83.7,No
100598,2024-01-25 21:00:00,Texas,Residential,1266.09,1382.46,1449.6,46.23,19.03,33.76,Yes
104460,2024-07-04 19:00:00,Florida,Commercial,1059.67,990.29,1179.36,-63.16,41.41,67.76,No
102251,2024-04-03 18:00:00,Texas,Commercial ,1314.72,1322.08,1405.66,48.41,28.95,64.73,No
104105,2024-06-20 00:00:00,California,Residential,655.39,626.6,739.7,70.53,23.34,52.56,No
102284,2024-04-05 03:00:00,Texas,Industrial,1106.23,1076.34,1136.31,53.5,39.17,56.1,No
100663,2024-01-28 14:00:00,Florida,Commercial ,984.32,990.29,992.49,66.88,26.31,42.97,No
102286,2024-04-05 05:00:00,California,Industrial,1084.86,1212.36,1180.55,53.69,17.78,44.15,No
104760,2024-07-17 07:00:00,New York,Industrial,1236.07,1387.07,1246.76,74.61,25.5,57.74,Yes
103254,2024-05-15 13:00:00,Texas,Industrial,1463.96,1532.7,1642.92,62.49,18.68,77.68,Yes
104590,2024-07-10 05:00:00,Texas ,Commercial ,921.85,1073.52,993.04,56.18,22.47,34.94,No
104089,2024-06-19 08:00:00,California,Residential,955.95,1094.6,1308.84,42.73,35.99,31.69,No
100780,2024-02-02 11:00:00,Florida,Residential,845.69,816.57,922,50.35,17.71,71.62,No
103440,2024-05-23 07:00:00,New York,Commercial,999.52,904.64,1038.37,58.16,54.68,43.41,No
104031,2024-06-16 22:00:00,Texas ,Commercial,725.72,823.6,829.26,48.28,28.31,40.95,No
104598,2024-07-10 13:00:00,California,Commercial,1150.98,1144.42,1311.63,61.67,35.97,43.02,No
103258,2024-05-15 17:00:00,California,Industrial,1353.99,1328.45,1365.56,64.99,28.87,64.57,No
104880,2024-07-22 07:00:00,California,Industrial,1359.34,1292.24,1501.12,55.68,36.89,56.52,No
100686,2024-01-29 13:00:00,Florida,Residential,986.2,896.17,1121.69,46.05,39.19,29.36,No
103966,2024-06-14 05:00:00,California,Residential,580.97,581.09,662.82,43.97,33.48,53.73,No
103986,2024-06-15 01:00:00,New York, Residential ,554.02,591.97,622.81,46.64,29.39,44.38,No
103498,2024-05-25 17:00:00,California,Industrial,1148.98,1267.83,1024.52,45.27,8.63,48.14,No
102172,2024-03-31 11:00:00,Texas,Commercial ,1082.43,1195.78,1186.29,64.22,29.53,54.68,No
102719,2024-04-23 06:00:00,California,Commercial,806.53,749.79,818.84,51.39,34.91,19.76,No
101851,2024-03-18 02:00:00,California,Residential,622.86,577.89,623.29,56.54,30.19,56.8,No
100488,2024-01-21 07:00:00,California,Residential,901.87,1062.67,1023.09,52.92,45.17,29.62,No
101689,2024-03-11 08:00:00,Florida,Industrial,1166.15,1339.85,1324.56,57.28,43.45,82.56,Yes
102231,2024-04-02 22:00:00,Texas ,Residential,800.08,876.7,824.96,46.99,31.21,51.5,No
104174,2024-06-22 21:00:00,Florida,Residential,738.29,677.42,814.74,41.38,30.24,51.44,No
102321,2024-04-06 16:00:00,New York,Commercial,935.63,964.6,943.68,47.34,18.07,50.04,No
100783,2024-02-02 14:00:00,California,Industrial,1255.33,1307.57,1373.97,50.79,31.02,36.8,No
100522,2024-01-22 17:00:00,New York,Industrial,1257.34,1212.61,1291.39,47.19,40.02,68.64,No
100523,2024-01-22 18:00:00,New York,Residential,835.11,894.55,954.31,66.69,25.71,49.55,No
102893,2024-04-30 12:00:00,California,Commercial ,1106.06,1120.28,1199.5,50.24,36.87,44.73,No
104026,2024-06-16 17:00:00,California,Commercial,975,1112.83,1115.7,54.39,25.9,48.1,No
102399,2024-04-09 22:00:00,Florida,Residential,693.82,746.03,783.26,40.31,37.81,29.75,No
102208,2024-04-01 23:00:00,California,Commercial,716.26,785.44,814.49,60.37,30.07,54.12,No
103543,2024-05-27 14:00:00,Texas,Commercial ,1277.14,1339.18,1396.45,38.96,24.94,35.75,Yes
103618,2024-05-30 17:00:00,California,Residential,1048.53,1206.61,1178.53,69.1,29.39,74,No
103806,2024-06-07 13:00:00,New York,Commercial ,1014.73,955.76,1076.49,52.22,23.74,49.55,No
102877,2024-04-29 20:00:00,New York,Residential,771.81,909.57,816.57,52.72,38.44,68.19,No
101512,2024-03-03 23:00:00,Texas ,Commercial ,698.7,710.85,802.83,34.42,26.05,27.21,No
101883,2024-03-19 10:00:00,Florida,Commercial,977.87,927.23,1119.8,39.9,18.69,48.68,No
100652,2024-01-28 03:00:00,Florida,Residential,500.16,552.94,520.56,61.03,18.77,24.02,No
103903,2024-06-11 14:00:00,New York,Commercial ,932.66,945.08,976.15,59.3,39.53,53.3,No
104668,2024-07-13 11:00:00,California,Residential,855.05,815.29,960.48,60.19,45.64,60.89,No
100370,2024-01-16 09:00:00,Texas,Residential,1239.03,1304.36,1361.24,48.46,31.9,52.08,No
104941,2024-07-24 20:00:00,California,Industrial,1310.2,1526.91,1363.31,53.02,26.7,14.93,Yes
100119,2024-01-05 22:00:00,New York,Residential,711.21,832.51,777.14,60.95,23.88,42.2,No
103383,2024-05-20 22:00:00,Texas,Residential,758.97,887.83,825.82,51.9,21.42,49.12,No
103092,2024-05-08 19:00:00,New York,Commercial,1016.62,941.03,1119.38,70.51,5.68,59.22,No
102217,2024-04-02 08:00:00,California,Industrial,1393.9,1551.52,1523.15,78.11,50.42,42.21,Yes
103608,2024-05-30 07:00:00,California,Commercial,1079.64,1234.25,1099.96,57.75,32.58,77.83,No
101614,2024-03-08 05:00:00,California,Residential,638.13,600.89,716.64,59.7,9.42,49.55,No
102969,2024-05-03 16:00:00,New York,Commercial,919.76,959.1,952.43,57.47,26.78,76.79,No
100963,2024-02-10 02:00:00,California,Commercial,608.77,672.85,684.29,47.69,17.81,67.36,No
102511,2024-04-14 14:00:00,Texas,Commercial ,1155.19,1135.91,1273.63,55.02,32.71,35.11,No
103613,2024-05-30 12:00:00,New York,Industrial,1152.56,1324.51,1251.88,68.94,32.49,33.2,No
102878,2024-04-29 21:00:00,California,Commercial,1082.52,1276.18,1024.52,55.83,30.63,60.96,No
103526,2024-05-26 21:00:00,Texas,Residential,1020.95,946.96,1112.06,43.92,19.63,46.54,No
103090,2024-05-08 17:00:00,California,Commercial ,1154.82,1047.23,1223.26,63.53,25.25,50.58,No
102416,2024-04-10 15:00:00,New York,Industrial,1255.5,1391.27,1391.44,51.54,30.37,55.51,Yes
104697,2024-07-14 16:00:00,Florida,Residential,837.3,893.89,945.01,54.22,26.08,51.23,No
104276,2024-06-27 03:00:00,Florida,Commercial,667.36,622.88,731.64,50.98,49.63,32.82,No
102186,2024-04-01 01:00:00,New York,Industrial,795.99,825.65,815.67,57.25,30.75,38.66,No
103016,2024-05-05 15:00:00,California,Residential,876.63,922.9,946.41,54.18,37.31,33.99,No
102568,2024-04-16 23:00:00,California,Residential,729.66,812.17,763.4,42.11,30.73,38.76,No
102038,2024-03-25 21:00:00,Texas,Commercial,1368.29,1250.86,1415.65,59.27,39.94,47.38,No
104866,2024-07-21 17:00:00,Florida,Residential,876.26,984.75,1004.35,56.73,20.95,83.34,No
100773,2024-02-02 04:00:00,Texas,Commercial,856.62,938.81,922,58.19,23.82,51.72,No
101285,2024-02-23 12:00:00,California,Residential,955.95,1044.58,1062.83,60.1,2,39.82,No
104645,2024-07-12 12:00:00,Texas ,Commercial,1270.2,1436.79,1297.82,58.1,28.03,61.7,Yes
104781,2024-07-18 04:00:00,Texas,Commercial,892.11,1046.29,935.26,66.38,44.94,56.42,No
104617,2024-07-11 08:00:00,California,Residential,1029.07,1189.25,1177.17,65.21,40.82,51.66,No
101415,2024-02-28 22:00:00,Florida,Residential,614.77,627.15,639.19,43.53,35.65,45.31,No
101235,2024-02-21 10:00:00,Texas ,Commercial,1213.49,1134.33,1264.1,44.64,27.09,76.28,No
102751,2024-04-24 14:00:00,New York,Residential,859.74,907.75,982.22,46.49,38.39,65.51,No
100436,2024-01-19 03:00:00,Texas ,Residential,804.23,902.05,911.21,55.05,25.7,67.13,No
101675,2024-03-10 18:00:00,California,Residential,904.13,927.36,999.69,48.1,54.17,41.58,No
100366,2024-01-16 05:00:00,New York,Industrial,771.87,832.65,884.13,42.45,22.22,26.66,No
102701,2024-04-22 12:00:00,Florida,Industrial,1377.27,1397.86,1572.03,61.87,15.7,63.21,Yes
100232,2024-01-10 15:00:00,Florida,Commercial,1088.03,1215.06,1214.07,55.09,37.99,50.69,No
104307,2024-06-28 10:00:00,New York,Commercial,1020.14,1160.34,1141.18,48.35,37.09,34.91,No
100148,2024-01-07 03:00:00,Florida,Commercial ,560.21,589.98,600.73,57.03,18.19,27.25,No
104439,2024-07-03 22:00:00,New York,Residential,605.14,698.46,695.45,63.62,29.06,29.99,No
100408,2024-01-17 23:00:00,Texas,Commercial,985.25,992.78,1062.18,55.24,15.35,36.36,No
102091,2024-03-28 02:00:00,California,Residential,747.55,770.91,775.06,60.92,11.87,52.25,No
100087,2024-01-04 14:00:00,Texas ,Residential,1201.84,1106.83,1324.82,49.58,36.11,49.21,No
100845,2024-02-05 04:00:00,Texas,Commercial ,994.33,990.29,1014.88,47.14,59.89,57.42,No
101032,2024-02-12 23:00:00,Florida,Commercial,700.29,822.51,765.88,52.83,19.54,54.99,No
103605,2024-05-30 04:00:00,California,Commercial,844.33,889.92,950.3,60.68,43.44,42.69,No
103263,2024-05-15 22:00:00,New York,Residential,447.08,454.39,474.75,34.1,42.2,69.82,No
102777,2024-04-25 16:00:00,Texas,Commercial,1384.17,1294.57,1417.77,47.56,33.61,63.01,No
103291,2024-05-17 02:00:00,Texas,Industrial,1055.57,1206.99,1070.94,52.82,18.51,52.71,No
104308,2024-06-28 11:00:00,Florida,Residential,988.2,990.29,1109.06,58.35,44.82,60.23,No
100856,2024-02-05 15:00:00,California, Residential ,1080,1152.35,1182.26,61.28,32.2,53.01,No
100079,2024-01-04 06:00:00,New York,Industrial,790.13,894.02,897.36,47.26,43.01,22.37,No
102248,2024-04-03 15:00:00,California,Commercial ,1092.74,1168.85,1242.77,53.91,37.02,65.81,No
104611,2024-07-11 02:00:00,California,Residential,603.63,591.63,674.82,56.92,33.61,64.23,No
103725,2024-06-04 04:00:00,New York,Commercial ,775.22,855.68,816.57,52.85,38.66,51.88,No
104636,2024-07-12 03:00:00,New York,Residential,473.67,436.06,499.83,36.7,31.26,49.55,No
102965,2024-05-03 12:00:00,California,Industrial,1361.74,1450.94,1520.2,65.73,53.12,58.07,Yes
102280,2024-04-04 23:00:00,Texas,Industrial,1138.69,1186.58,1159.02,48.42,47.39,79.91,No
102649,2024-04-20 08:00:00,New York,Commercial,824.89,744.53,847.57,56.75,53.6,63.99,No
104197,2024-06-23 20:00:00,Texas,Residential,1132.43,1212.74,1188.45,61.82,12.81,74.88,No
103942,2024-06-13 05:00:00,New York,Commercial,570.29,646.3,632.24,50.29,28.62,40.97,No
103492,2024-05-25 11:00:00,Florida,Residential,862.78,949.51,944.89,54.62,39.19,48.7,No
102177,2024-03-31 16:00:00,California,Industrial,1158.51,1151.28,1313.78,62.24,36.77,41.51,No
100425,2024-01-18 16:00:00,Texas,Commercial,1316.78,1542.45,1369.26,67.56,23.93,33.96,Yes
100393,2024-01-17 08:00:00,New York,Commercial ,1018.32,934.24,1164.24,64.23,49.91,38.93,No
103479,2024-05-24 22:00:00,New York,Residential,611.37,577.21,690.04,55.88,40.92,24.05,No
100105,2024-01-05 08:00:00,New York,Commercial,1049.06,1027.86,1151.13,58.46,47,62.16,No
103787,2024-06-06 18:00:00,Florida,Industrial,1372.4,1335.03,1483.27,67.87,58.62,74.2,Yes
104231,2024-06-25 06:00:00,Texas ,Industrial,1193.38,1396.74,1243.44,62.47,2,44.83,Yes
103640,2024-05-31 15:00:00,California,Industrial,1454.04,1356.09,1507.43,63.81,40.39,25.39,Yes
102999,2024-05-04 22:00:00,California,Industrial,743.98,869.17,751.68,53.63,44.35,50.52,No
101949,2024-03-22 04:00:00,California,Commercial ,669.41,612.9,738.01,57.33,33.26,48.51,No
101460,2024-03-01 19:00:00,Texas ,Commercial,1332.59,1265.23,1501.91,51.07,32.3,43.9,No
103319,2024-05-18 06:00:00,California,Commercial ,678.17,696.99,724.19,42.32,31.9,51.71,No
102858,2024-04-29 01:00:00,Texas,Residential,771.09,729.51,790.05,61.81,21.68,36.66,No
102758,2024-04-24 21:00:00,New York,Commercial ,908.37,969.09,994.83,53.32,14.77,69.29,No
104834,2024-07-20 09:00:00,Texas,Industrial,1562.62,1666.26,1682.91,63.35,55.5,35.97,Yes
101588,2024-03-07 03:00:00,New York,Residential,651.03,723.6,697.44,51.71,40.38,78.38,No
103728,2024-06-04 07:00:00,Texas,Residential,1146.74,1217.32,1182.54,47.82,31.02,74.29,No
101732,2024-03-13 03:00:00,Florida,Residential,616.87,557.98,659.44,41.76,41.91,60.24,No
104809,2024-07-19 08:00:00,California,Industrial,1578.47,1442.4,1746.33,67.99,36.23,22.17,Yes
103782,2024-06-06 13:00:00,California,Commercial ,1083.86,1243.75,1089.87,56.46,19.97,66.49,No
103750,2024-06-05 05:00:00,California,Residential,718.45,739.56,751.52,43.61,16.43,61.45,No
101792,2024-03-15 15:00:00,Texas ,Commercial,1292.88,1445.9,1327.23,75.38,35.37,42.33,Yes
102356,2024-04-08 03:00:00,California,Residential,691.14,778.11,783.21,49.5,22.05,15.93,No
101941,2024-03-21 20:00:00,Texas,Commercial ,1240.55,1282.97,1329.14,53.75,12.76,83.05,No
100703,2024-01-30 06:00:00,California,Industrial,1063.53,1062.59,1112.01,52.59,3.47,42.58,No
102443,2024-04-11 18:00:00,Texas ,Residential,1145.17,1229.52,1212.21,43.3,34.94,52.89,No
103908,2024-06-11 19:00:00,California,Industrial,1378.98,1346.75,1578.27,56.5,26.86,69.25,Yes
100497,2024-01-21 16:00:00,Florida,Residential,1204.14,1211.43,1298.26,60.58,42.89,29.67,No
100465,2024-01-20 08:00:00,New York,Commercial,907.12,962.04,956.48,43.32,8.1,62.78,No
103102,2024-05-09 05:00:00,Texas ,Industrial,1094.14,1108.9,1206.93,46.5,17.57,74.62,No
104373,2024-07-01 04:00:00,Texas,Residential,768.54,878.35,782.42,38.28,44.43,58.03,No
100173,2024-01-08 04:00:00,Florida,Residential,583.01,529,646.51,48.22,51.04,32.69,No
103132,2024-05-10 11:00:00,California,Industrial,1402.28,1519.83,1547.95,51.77,40.49,54.18,Yes
104841,2024-07-20 16:00:00,New York,Commercial ,749.38,710.65,769.67,39.73,40.11,57.52,No
102541,2024-04-15 20:00:00,Texas ,Residential,1166.81,1217.86,1267.46,47.92,58.55,40.95,No
103324,2024-05-18 11:00:00,Florida,Commercial,816,749.44,888.64,58.82,30.97,55.83,No
103007,2024-05-05 06:00:00,New York,Residential,450.28,494.47,513.07,41.52,2,67.51,No
102261,2024-04-04 04:00:00,California,Commercial,626.18,734.61,668.79,60.43,34.28,32.37,No
102113,2024-03-29 00:00:00,California,Commercial,637.71,644.8,640.66,57.97,25.72,71.05,No
100901,2024-02-07 12:00:00,California,Industrial,1311.97,1298.03,1397.42,56.93,2,65.53,No
101447,2024-03-01 06:00:00,Texas ,Industrial,1087.51,1163.57,1163.35,51.02,36.39,68.44,No
103818,2024-06-08 01:00:00,California,Commercial,588.68,990.29,635.13,55.45,44.34,39.49,No
100742,2024-01-31 21:00:00,California,Industrial,1314.92,1488.54,1348.74,61.93,30.31,29.47,Yes
102294,2024-04-05 13:00:00,Florida,Industrial,1298.84,1512.04,1304.58,59.35,13.6,45.28,Yes
102453,2024-04-12 04:00:00,Florida,Commercial,680.1,793.75,718.71,45.29,49.57,58.34,No
102674,2024-04-21 09:00:00,California,Industrial,1227.99,1218.77,1293.65,59.44,29.03,37.37,No
104348,2024-06-30 03:00:00,Florida,Commercial ,563.04,623.99,638.59,52.61,33.73,54.48,No
101207,2024-02-20 06:00:00,Texas ,Commercial,910.33,936.33,948.41,49.68,36.46,45.43,No
100510,2024-01-22 05:00:00,Texas ,Industrial,1063.34,1085.81,1189.4,59.03,37.73,48.9,No
104929,2024-07-24 08:00:00,Texas ,Commercial ,1342.35,1332.24,1458.01,53.45,5.1,53.83,Yes
102672,2024-04-21 07:00:00,New York,Industrial,1018.57,923.96,1164.9,54.92,32.94,34.88,No
102857,2024-04-29 00:00:00,California,Commercial,713.81,701.56,766.16,54.22,37.42,58.61,No
103376,2024-05-20 15:00:00,California,Commercial,1152.92,1183.98,1283.75,66.57,29.94,83.18,No
101550,2024-03-05 13:00:00,Florida,Commercial,1098.11,1236.96,1252.58,57.42,44.09,68.53,No
103415,2024-05-22 06:00:00,California,Residential,644.38,629.62,708.74,38.67,31.02,42.53,No
102203,2024-04-01 18:00:00,New York,Industrial,1059.33,997.88,1101.65,59.82,33.95,42.65,No
102567,2024-04-16 22:00:00,California,Industrial,842.18,809.58,847.15,67.28,27.03,48.52,No
104158,2024-06-22 05:00:00,California,Industrial,891.66,833.68,1024.52,57.89,46.31,29.93,No
102045,2024-03-26 04:00:00,California,Industrial,955.95,1029.45,1003.31,58.97,50.74,54.08,No
100768,2024-02-01 23:00:00,California,Residential,609.72,711.3,637.86,43.6,34.53,38.88,No
104918,2024-07-23 21:00:00,New York,Residential,909.59,1050.92,1031.71,70.39,34.97,46.96,No
103807,2024-06-07 14:00:00,New York,Commercial,916.69,923.68,1002.37,52.91,21.96,61.46,No
100422,2024-01-18 13:00:00,California,Commercial,1016.44,5616.810724,1080.31,61.08,44.45,56.67,No
100124,2024-01-06 03:00:00,Texas,Industrial,876.29,829.3,978.73,53.84,24.32,39.56,No
104813,2024-07-19 12:00:00,Texas,Commercial,1304.41,1230.24,1428.27,38.05,36.09,52.02,No
103965,2024-06-14 04:00:00,Texas,Industrial,1054.77,1175.36,1090.05,53.6,32.36,45.79,No
100820,2024-02-04 03:00:00,California,Industrial,735.95,866.73,783.77,50,33.51,59.68,No
101404,2024-02-28 11:00:00,Texas ,Commercial ,1197.55,1355.69,1269.48,43.67,29.52,66.92,Yes
101383,2024-02-27 14:00:00,New York,Residential,819.19,906.67,913.95,43.15,18.77,32.79,No
102149,2024-03-30 12:00:00,New York,Commercial,955.95,968.54,957.14,62.49,38.16,73.58,No
101576,2024-03-06 15:00:00,Texas,Residential,1189.56,1262.27,1303.27,66.88,27.31,40.32,No
101639,2024-03-09 06:00:00,New York,Residential,420.73,418.95,439.45,63.31,40.81,36.68,No
101796,2024-03-15 19:00:00,Texas,Commercial,1260.7,1411.1,1395.97,58.25,55.93,28.39,Yes
104967,2024-07-25 22:00:00,New York,Residential,594.6,618.57,641.05,53.35,37.9,60.96,No
100400,2024-01-17 15:00:00,Texas ,Commercial ,1379.62,1334.64,1539.94,53.91,51.79,57.09,Yes
102311,2024-04-06 06:00:00,Florida,Industrial,730.25,797.03,825.86,30.67,39.72,62.19,No
100883,2024-02-06 18:00:00,California,Commercial,1389.43,990.29,1585.17,62.92,16.69,62.59,No
103290,2024-05-17 01:00:00,California,Industrial,783.24,894.18,832.8,45.04,24.58,49.55,No
102953,2024-05-03 00:00:00,Texas ,Industrial,1052.69,1087.9,1138.96,40.03,13.26,44.15,No
101353,2024-02-26 08:00:00,New York,Residential,845.72,974.36,920.27,58.56,38.2,75.37,No
102795,2024-04-26 10:00:00,New York,Residential,918.51,969.07,1025.81,48.93,36.99,44.02,No
104591,2024-07-10 06:00:00,Florida,Industrial,8481.665471,888.13,1013.53,53.25,37.93,60.94,No
102131,2024-03-29 18:00:00,Texas,Commercial,1366.02,1279.13,1024.52,62.95,25.59,60.01,No
100983,2024-02-10 22:00:00,Texas,Industrial,1001.85,1120.77,1017.89,53.52,37.26,46.82,No
100457,2024-01-20 00:00:00,Texas,Commercial,753.99,786.47,787.46,48.76,44.86,59.79,No
104976,2024-07-26 07:00:00,New York,Residential,788.34,838.81,812.96,55.62,24.55,42.11,No
101080,2024-02-14 23:00:00,New York,Commercial,619.18,646.13,683.85,42.72,21.58,65.94,No
101951,2024-03-22 06:00:00,Texas,Residential,737.45,807.2,798.9,51.56,24.55,40.97,No
104354,2024-06-30 09:00:00,New York,Residential,824.76,821.24,849.08,52.95,47.1,67.29,No
100690,2024-01-29 17:00:00,California,Residential,983.89,1142.52,1119.73,55.14,34.48,81.17,No
102430,2024-04-11 05:00:00,California,Residential,723.61,831.6,771.8,66.65,33.56,59.25,No
100642,2024-01-27 17:00:00,California,Commercial ,881.67,970.05,987.44,55.37,41.78,28.38,No
102393,2024-04-09 16:00:00,New York,Commercial ,908.82,822.42,940.99,55.24,34.18,26.97,No
101954,2024-03-22 09:00:00,Texas ,Residential,1145.78,1253.35,1216.27,67.9,49.29,56.39,No
104238,2024-06-25 13:00:00,Texas ,Residential,1192.33,1307.35,1330.69,50.5,39.18,67.29,No
102819,2024-04-27 10:00:00,Texas,Industrial,1527.12,1721.77,1538.23,68.96,58.71,88.13,Yes
104625,2024-07-11 16:00:00,New York,Commercial,915.81,990.29,1024.52,63.56,35.45,46.46,No
103400,2024-05-21 15:00:00,Florida,Industrial,1270.95,1179.55,1401.81,55.09,53.53,55.21,No
104811,2024-07-19 10:00:00,Texas,Residential,1170.14,1188.17,1268.95,67.83,45.04,59.31,No
102987,2024-05-04 10:00:00,Texas,Commercial ,1100.54,1243.66,1131.33,55.79,48.63,41.36,No
101885,2024-03-19 12:00:00,Texas,Industrial,1524.41,1658.51,1730.81,66.03,16.72,39.18,Yes
100390,2024-01-17 05:00:00,California,Commercial ,599.33,690.33,669.45,55.73,34.54,59.73,No
102495,2024-04-13 22:00:00,Florida,Commercial ,652.77,598.21,715.83,64.39,33.63,63.83,No
103177,2024-05-12 08:00:00,Texas ,Residential,1009.06,1190.36,1053.46,58.93,24.97,34.96,No
103382,2024-05-20 21:00:00,New York,Residential,852.12,918.6,975.33,52.58,45.33,60.13,No
100846,2024-02-05 05:00:00,New York,Residential,528.25,487.3,587.07,54.19,29.98,71.83,No
100543,2024-01-23 14:00:00,California,Commercial ,1087.13,1268.43,1182.73,55,22.9,28.51,No
100092,2024-01-04 19:00:00,Texas ,Residential,1185.92,1291.09,1318.74,57.7,27.81,60.4,No
103962,2024-06-14 01:00:00,New York,Industrial,718.58,769.27,764.19,48.6,36.85,55.14,No
101980,2024-03-23 11:00:00,California,Residential,989.13,1105.85,1023.73,71.85,23.98,81.73,No
101656,2024-03-09 23:00:00,New York,Commercial,688.2,803.81,711.05,53.56,33.8,50.43,No
104127,2024-06-20 22:00:00,California,Commercial,787.71,868.34,796.45,59.99,26.57,43.89,No
102958,2024-05-03 05:00:00,California,Commercial ,637.74,742.76,722.84,44.52,31.56,62.49,No
102530,2024-04-15 09:00:00,New York,Commercial,884.74,939.4,971.92,43.75,17.46,58.49,No
101677,2024-03-10 20:00:00,Texas,Industrial,1325.33,1506.21,1432.65,71.74,54.56,45.67,Yes
101049,2024-02-13 16:00:00,California,Commercial ,1124.13,1178.67,1291.66,44.04,28.31,48.94,No
101961,2024-03-22 16:00:00,Texas,Industrial,1664.35,1546.5,1821.88,56.16,13.8,35.13,Yes
102531,2024-04-15 10:00:00,Texas ,Residential,1160.04,1080.99,1260.65,57.64,39.65,63.13,No
102836,2024-04-28 03:00:00,New York,Commercial,347.54,317.01,385.95,58.28,16.24,78.09,No
100238,2024-01-10 21:00:00,Texas,Residential,1226.77,1293.59,1380.9,37.57,41.84,24.01,No
103023,2024-05-05 22:00:00,California,Commercial ,867.68,998.39,974.95,50.59,41.88,42.51,No
103554,2024-05-28 01:00:00,Florida,Commercial,621.69,621.28,664.23,53.73,48.56,55.17,No
101134,2024-02-17 05:00:00,California,Residential,499.15,487.53,507.35,47.23,37.8,51.91,No
101806,2024-03-16 05:00:00,California,Residential,583.87,538.94,652.05,60.23,11.14,39.96,No
104181,2024-06-23 04:00:00,New York,Commercial,639.48,737.83,712.32,38.48,37.35,54.75,No
100164,2024-01-07 19:00:00,Florida,Industrial,1208.72,1301.46,1237.64,56.46,14.61,38.29,No
103558,2024-05-28 05:00:00,New York,Industrial,838.47,893.92,907.63,56.2,24.27,37.75,No
104753,2024-07-17 00:00:00,Texas ,Industrial,1164.1,1181.71,1277.23,45.06,2.56,62.68,No
103407,2024-05-21 22:00:00,California,Residential,638.3,701.37,642.56,60.06,37.99,30.33,No
103517,2024-05-26 12:00:00,Texas,Industrial,1427.75,1526.36,1592.88,53.65,34.07,50.39,Yes
103261,2024-05-15 20:00:00,California,Residential,1083.63,1183.48,1235.99,62.64,22.46,43.21,No
103703,2024-06-03 06:00:00,California,Commercial,651.33,662.79,674.59,53.48,34.31,63.77,No
104012,2024-06-16 03:00:00,New York,Commercial,472.19,533.61,485.37,50.3,24.97,14.28,No
101812,2024-03-16 11:00:00,Texas ,Residential,1089.07,1080.77,1164.7,62.82,13.39,61.56,No
103169,2024-05-12 00:00:00,Texas ,Commercial,853.52,883.29,909.38,56.52,34.19,43,No
103209,2024-05-13 16:00:00,New York,Commercial,953.47,1008.25,1000.71,64,19.28,49.55,No
101429,2024-02-29 12:00:00,Florida,Commercial,1064.64,990.29,1136.81,52.63,49.52,41.46,No
103682,2024-06-02 09:00:00,Texas,Commercial ,1184.99,1368.5,1298.27,59.43,27.11,34.09,Yes
104188,2024-06-23 11:00:00,Florida,Residential,869.83,971.07,973.85,48.31,35.7,64.45,No
103460,2024-05-24 03:00:00,Florida,Commercial,707.8,701.39,713.36,53.19,19.67,54.3,No
104501,2024-07-06 12:00:00,Florida,Industrial,1193.21,1365.13,1296.93,55.09,29.05,64.14,Yes
104692,2024-07-14 11:00:00,New York,Commercial,941.52,931.68,991.5,57.72,31.02,66.31,No
102875,2024-04-29 18:00:00,California,Industrial,1494.62,990.29,1586.7,66.85,43.08,64.15,Yes
101453,2024-03-01 12:00:00,California,Commercial,1037.03,1170.66,1061.83,57.51,34.44,14.04,No
100594,2024-01-25 17:00:00,California,Industrial,1328.91,1481.11,1414.34,57.32,25.83,36.75,Yes
102726,2024-04-23 13:00:00,California,Residential,978.94,942,1045.24,58.88,23.45,54.44,No
100042,2024-01-02 17:00:00,New York,Industrial,1214.72,1399.45,1277.92,58.32,18.01,48.31,Yes
100561,2024-01-24 08:00:00,Texas ,Commercial,1263.72,1159.72,1355.3,52.28,32.67,46.75,No
102992,2024-05-04 15:00:00,California,Residential,908.57,840.14,981.36,61.87,27.63,57.74,No
103099,2024-05-09 02:00:00,Texas,Commercial,912.42,1047.29,992.29,47.56,32.71,39.59,No
100244,2024-01-11 03:00:00,California,Industrial,754.35,789.99,857.92,53.73,46.2,27.16,No
101340,2024-02-25 19:00:00,Texas,Commercial,1076.18,973.23,1135.35,50.83,31.2,51.94,No
102834,2024-04-28 01:00:00,California,Commercial ,601.47,598.07,614.92,65.35,32.51,64,No
103018,2024-05-05 17:00:00,New York,Industrial,1018.22,1168.07,1137.27,44.42,19.21,53.98,No
103868,2024-06-10 03:00:00,Texas ,Industrial,998.48,902.63,1073.48,55.95,35.3,36.95,No
101443,2024-03-01 02:00:00,California,Residential,869.79,996.94,928.37,57.85,40.98,38.5,No
100262,2024-01-11 21:00:00,New York,Commercial ,1023.06,998.55,1163.1,60.41,29.93,67.41,No
104772,2024-07-17 19:00:00,New York,Commercial,974.55,882.7,982.85,51.24,23.29,83.86,No
101690,2024-03-11 09:00:00,Texas ,Residential,1239.4,1263.14,1344.85,61.54,21.33,51.03,No
101726,2024-03-12 21:00:00,Texas,Residential,1143.31,1141.92,1297.88,64.87,34.69,28.83,No
101204,2024-02-20 03:00:00,California,Residential,743.94,875.75,853.77,59.85,49.86,38.15,No
100835,2024-02-04 18:00:00,New York,Commercial ,748.07,760.92,762.2,55.09,28.29,52.21,No
101867,2024-03-18 18:00:00,Texas,Commercial,1373.15,1276.09,1538.73,67.82,23.74,43.06,No
102497,2024-04-14 00:00:00,Florida,Residential,517.85,574.2,579.3,32.78,18.99,84.52,No
102011,2024-03-24 18:00:00,California,Commercial,1169.19,1269.12,1271.77,61.91,31.26,63.1,No
100341,2024-01-15 04:00:00,New York,Commercial ,647.53,692.64,692.75,59.8,23.85,45.44,No
104812,2024-07-19 11:00:00,California,Commercial ,1158.99,1142.78,1288.14,59.35,28.88,45.38,No
101602,2024-03-07 17:00:00,California,Industrial,1450.98,1366.08,1539.08,50.01,22.58,45.63,Yes
104917,2024-07-23 20:00:00,California,Residential,1003.76,986.48,1046,58.3,40.83,65.35,No
104839,2024-07-20 14:00:00,Texas,Residential,1192.82,1307.19,1302.03,67.53,34.42,61.36,No
100481,2024-01-21 00:00:00,Florida,Commercial ,612.76,607.71,618.17,45.21,26.2,70.42,No
102880,2024-04-29 23:00:00,California,Residential,659.23,605.09,734.55,48.99,16.89,48.17,No
103973,2024-06-14 12:00:00,California,Commercial,1129.05,1326.35,1200.56,63.83,38.34,40.93,No
104886,2024-07-22 13:00:00,California,Residential,1058.99,1112.6,1163.07,67.59,34.48,78.15,No
104681,2024-07-14 00:00:00,California,Industrial,810.61,946.69,840.84,55.09,30.38,56.13,No
103104,2024-05-09 07:00:00,California,Residential,923.09,6683.321506,1044.35,64.54,15.84,38.41,No
104065,2024-06-18 08:00:00,California,Industrial,1311.37,1352.28,1405.1,69.13,24.01,46.68,Yes
101767,2024-03-14 14:00:00,Texas ,Industrial,1617.62,1622.03,1853.22,59.08,18.53,42.58,Yes
104514,2024-07-07 01:00:00,Florida,Residential,587.67,632.31,651.71,53.44,45.1,71.39,No
102454,2024-04-12 05:00:00,California,Industrial,839.51,821.04,933.56,46.15,38.24,63.36,No
104963,2024-07-25 18:00:00,California,Industrial,1399.69,1418.17,1508.92,61.45,31.78,55.86,Yes
104827,2024-07-20 02:00:00,Texas ,Industrial,991.04,1116.34,1013.15,48.47,28.65,61.13,No
104720,2024-07-15 15:00:00,New York,Residential,889.75,1017.52,997.16,62.56,25.66,72.87,No
103748,2024-06-05 03:00:00,New York,Residential,569.13,605.91,633.42,57.5,31.02,56.72,No
101272,2024-02-22 23:00:00,California,Industrial,898.34,1015.43,914.31,41.05,22.18,46.92,No
103136,2024-05-10 15:00:00,Florida,Residential,885.98,892.99,1000.86,48.8,35.43,59.43,No
104542,2024-07-08 05:00:00,Florida,Commercial,646.76,602.38,667.39,45.04,28.26,76.16,No
103809,2024-06-07 16:00:00,Texas,Residential,1260.72,1441.99,1447.87,45.32,47.7,54.89,Yes
104180,2024-06-23 03:00:00,California,Residential,623.03,566.71,708.98,49.52,30.87,44.9,No
100348,2024-01-15 11:00:00,Texas,Commercial,1286.51,1491.81,1326.41,59.1,16.76,54.55,Yes
104580,2024-07-09 19:00:00,Florida,Residential,834.42,793.77,947.49,51.43,26.32,29.62,No
104666,2024-07-13 09:00:00,Texas ,Residential,1016.74,919.28,1030.44,55.5,19.86,49.16,No
102563,2024-04-16 18:00:00,Texas,Residential,1142.87,1160.24,1024.52,50.11,8.6,37.96,No
104631,2024-07-11 22:00:00,Texas,Residential,779.02,800.17,867.24,44.82,30.75,54.04,No
101424,2024-02-29 07:00:00,Texas,Commercial,1207.54,1244.73,1339.38,48.28,42.03,69.69,No
100657,2024-01-28 08:00:00,California,Residential,854.89,958.34,892.88,49.56,29.13,40,No
102103,2024-03-28 14:00:00,Texas,Industrial,1586.17,1657.37,1694.01,60.84,33.14,73.06,Yes
100633,2024-01-27 08:00:00,Florida,Residential,867.2,977.88,966.67,55.85,32.47,24.47,No
104622,2024-07-11 13:00:00,Texas ,Residential,1153.38,1197.21,1164.9,69.53,41.62,50.08,No
102494,2024-04-13 21:00:00,California,Industrial,1029.13,1093.16,1141,58.6,28.97,68.1,No
102666,2024-04-21 01:00:00,California,Commercial,542.76,539.22,577.05,59.5,18.73,64.11,No
103277,2024-05-16 12:00:00,California,Residential,1382.03,1510.63,1456.87,80.81,20.03,36.25,Yes
104646,2024-07-12 13:00:00,Texas ,Residential,1138.22,1047.32,1232.91,61.58,31.75,49.48,No
104146,2024-06-21 17:00:00,Florida,Commercial,1066.35,1154.42,1178.62,59.96,31.02,58.01,No
103155,2024-05-11 10:00:00,New York,Commercial ,903.8,918.06,1013.89,51.26,41.38,32.39,No
103663,2024-06-01 14:00:00,Texas,Residential,967.98,1084.06,1046.03,46.46,37.03,44.9,No
102501,2024-04-14 04:00:00,California,Industrial,783.87,725.96,794.57,64.49,42.8,46.03,No
101466,2024-03-02 01:00:00,Texas,Residential,587.97,606.82,645.98,44.77,39.5,65.7,No
100116,2024-01-05 19:00:00,California,Industrial,1452.42,1482.76,1608.78,48.93,57.05,49.55,Yes
101822,2024-03-16 21:00:00,Texas,Industrial,1445.45,1670.8,1544.64,61.04,17.87,25.48,Yes
101495,2024-03-03 06:00:00,Florida,Industrial,761.51,747.7,798.79,37.7,46.35,38.78,No
102402,2024-04-10 01:00:00,Texas,Residential,715.47,812.93,751.98,43.29,14.79,73.44,No
101233,2024-02-21 08:00:00,California,Industrial,1380.87,1369.31,1500.97,61.05,39.46,23.12,Yes
102662,2024-04-20 21:00:00,California,Industrial,1240.95,1117.58,1420.12,55.09,42.41,44.37,No
102818,2024-04-27 09:00:00,Texas,Industrial,1478.68,1652.88,1699.17,53.91,30.5,38.21,Yes
102928,2024-05-01 23:00:00,New York,Commercial ,651.95,614.35,723.1,53.38,28.46,72.85,No
104614,2024-07-11 05:00:00,Texas,Residential,833.48,938.12,881.81,55.09,27.33,69.67,No
101154,2024-02-18 01:00:00,Texas ,Residential,663.73,708.14,674.44,53.64,35.38,17.94,No
103919,2024-06-12 06:00:00,Texas ,Commercial,868.84,999.38,960.08,63.24,30.3,45.88,No
100058,2024-01-03 09:00:00,California,Commercial,1242.84,1356.34,1387.99,66.15,14.56,52.97,Yes
103459,2024-05-24 02:00:00,Texas ,Industrial,1021.75,994.31,1087.83,67.03,24.1,46.32,No
104328,2024-06-29 07:00:00,New York,Residential,763.13,767.63,785.26,52.03,35.72,43.54,No
104991,2024-07-26 22:00:00,New York,Commercial,697.53,640.02,735.59,41.9,30.63,58.22,No
101736,2024-03-13 07:00:00,California,Industrial,1273.56,1161.09,1302.81,65.99,30.02,62.02,No
102824,2024-04-27 15:00:00,California,Residential,882.43,1037.66,976.09,62.1,30.45,41.56,No
102197,2024-04-01 12:00:00,New York,Residential,917.75,861.66,964.92,50.48,17.37,44.49,No
103619,2024-05-30 18:00:00,California,Residential,1052.36,1072.59,1167.23,68.71,26.6,61.3,No
102476,2024-04-13 03:00:00,California,Industrial,825.39,873.11,927.97,48.21,39.42,54.16,No
102565,2024-04-16 20:00:00,New York,Industrial,1178.59,1225.59,1024.52,52.31,49.14,49.55,No
103257,2024-05-15 16:00:00,Texas ,Commercial,1286.32,1224.71,1316.11,64.6,41.41,63.86,No
102609,2024-04-18 16:00:00,Texas ,Commercial,1344.48,1452.48,1406.64,54.9,19.34,67.88,Yes
104830,2024-07-20 05:00:00,Florida,Residential,574.93,639.39,627.49,52.01,26.57,56.21,No
100708,2024-01-30 11:00:00,California,Residential,1111.4,1073.9,1165.82,66.57,24.09,39.54,No
104320,2024-06-28 23:00:00,Florida,Residential,631.47,624.22,657.34,59.81,36.7,32.84,No
101094,2024-02-15 13:00:00,Florida,Industrial,1182.14,1140.05,1327.75,61.66,29.52,73.95,No
104499,2024-07-06 10:00:00,California,Industrial,1114.91,1278.33,1144.98,61.15,39.79,19.99,No
101377,2024-02-27 08:00:00,New York,Residential,846.4,845.8,906.5,62.52,27.55,64.43,No
104959,2024-07-25 14:00:00,California,Residential,955.95,1169.15,1048.95,60.87,39.86,37.8,No
100073,2024-01-04 00:00:00,Texas,Industrial,1023.44,1034.25,1096.43,57.91,29.06,61.74,No
101923,2024-03-21 02:00:00,Florida,Residential,570.78,661.02,644.7,41.93,40.14,60,No
103412,2024-05-22 03:00:00,Texas,Industrial,996.25,990.29,1076.68,43.97,32.17,44.52,No
101765,2024-03-14 12:00:00,Texas,Commercial ,1274.03,1292.99,1299.65,50.65,37.83,62.13,No
100744,2024-01-31 23:00:00,Florida,Industrial,864.82,931.05,985.49,54.11,31.94,30.27,No
104452,2024-07-04 11:00:00,Florida,Industrial,1278.55,990.29,1383.83,58.6,26.6,3.78,No
101006,2024-02-11 21:00:00,Texas ,Industrial,1380.24,1505.66,1560.06,64.28,41.73,45.59,Yes
102669,2024-04-21 04:00:00,Texas ,Commercial ,726.51,797.48,734.96,52.08,39.36,36.61,No
101191,2024-02-19 14:00:00,Texas,Residential,1232.82,1347.97,1313.55,55.09,29.81,52.67,Yes
103251,2024-05-15 10:00:00,Florida,Industrial,1295.19,1454.7,1360.83,60.23,40.95,55.22,Yes
102602,2024-04-18 09:00:00,Texas,Residential,1274.21,1318.6,1315.24,55.94,25.52,29.15,No
101126,2024-02-16 21:00:00,Florida,Commercial ,1095.15,1002.32,1217.96,64.89,38.38,23.4,No
101242,2024-02-21 17:00:00,California,Residential,985.98,1010.07,1016.24,52.28,29.57,45.03,No
1003635,2024-05-31 10:00:00,Texas,Commercial,1333.833754,1371.59,1024.52,54.17,34.49,44.8,Yes
104168,2024-06-22 15:00:00,Texas,Residential,1023.09,1110.97,1127.92,53.89,25.97,53.88,No
103506,2024-05-26 01:00:00,Florida,Residential,585.54,598.14,611.92,44.97,27,69.59,No
100999,2024-02-11 14:00:00,New York,Industrial,983.74,1085.64,1024.52,48.25,29.34,41.18,No
104150,2024-06-21 21:00:00,California,Industrial,1334.91,1541.96,1452.98,61.52,20.26,66.18,Yes
102685,2024-04-21 20:00:00,California,Residential,823.06,964.36,885.87,62.64,33.2,54.41,No
101578,2024-03-06 17:00:00,Florida,Commercial,1153.4,1137.1,1302.33,50.71,30.36,51.52,No
104835,2024-07-20 10:00:00,Florida,Residential,809.71,924.42,900.9,47.35,39.34,52.19,No
101827,2024-03-17 02:00:00,Texas,Residential,685.66,727.43,726.7,52.28,18.25,55.46,No
103354,2024-05-19 17:00:00,Florida,Industrial,1188.16,1161.82,1240.1,63.58,42.76,34.8,No
1001368,2024-02-26 23:00:00,New York,Residential,463.2004549,457.64,450.01,38.66,45.29,60.78,No
103602,2024-05-30 01:00:00,Florida,Residential,650.52,712.2,680.19,55.09,24.71,46.65,No
100441,2024-01-19 08:00:00,Texas,Industrial,955.95,1797.86,1666.74,55.51,23.56,77.34,Yes
104997,2024-07-27 04:00:00,California,Commercial ,754.93,775.72,792.37,48.14,29.64,48.2,No
101101,2024-02-15 20:00:00,Texas,Commercial,1362.25,1601.93,1431.5,68.41,32.55,71.87,Yes
104085,2024-06-19 04:00:00,California,Commercial,765.02,827.85,811.53,55.15,38.29,28.64,No
103117,2024-05-09 20:00:00,Texas ,Residential,1176.16,1135.06,1327.79,51.83,32.86,35.57,No
100650,2024-01-28 01:00:00,California,Residential,670.17,620.65,714.21,38.92,25.74,43.16,No
101547,2024-03-05 10:00:00,California,Industrial,1312.99,1220.79,1447.81,50.22,41.31,61.76,No
103604,2024-05-30 03:00:00,California,Residential,736.21,830.63,741.7,62.3,19.64,32.95,No
103626,2024-05-31 01:00:00,California,Industrial,917.3,952.1,943.37,55.09,16.03,47.65,No
103760,2024-06-05 15:00:00,California,Industrial,1335.84,1228.69,1417.84,58.62,27.25,72.76,No
104083,2024-06-19 02:00:00,Florida,Commercial,524.78,598.6,584.32,47.65,11.86,38.6,No
103810,2024-06-07 17:00:00,Texas,Residential,1181.09,1070.64,1324.25,54.62,28.54,50.11,No
100631,2024-01-27 06:00:00,Texas ,Residential,628.19,689.11,701.58,43.21,46.23,32.21,No
100673,2024-01-29 00:00:00,Texas,Residential,805.67,840.11,893.32,45.58,28.98,39.27,No
101250,2024-02-22 01:00:00,Florida,Residential,650.3,687.94,665.21,52.98,38.63,32.93,No
100483,2024-01-21 02:00:00,New York,Commercial,563.67,648.89,567.48,64.68,36.79,66.03,No
101585,2024-03-07 00:00:00,New York,Residential,476.36,437.75,522.73,51.96,47.08,49.16,No
103133,2024-05-10 12:00:00,New York,Industrial,1087.6,1029.26,1123.14,50.9,37.04,81.97,No
104670,2024-07-13 13:00:00,Texas ,Commercial ,1124.28,1075.97,1139.66,55.09,37.72,64.78,No
103096,2024-05-08 23:00:00,Texas ,Industrial,1081.69,1158.56,1167.62,47.73,34.79,40.8,No
101463,2024-03-01 22:00:00,Texas,Industrial,1064.1,1027.41,1188.77,69.5,26.44,44.56,No
104002,2024-06-15 17:00:00,California,Industrial,1120.41,1126.03,1264.19,56.74,30.82,78.77,No
103690,2024-06-02 17:00:00,Texas,Residential,982.1,923.39,1027.95,66.23,43.19,49.23,No
102579,2024-04-17 10:00:00,New York,Industrial,1319.54,1208.59,1428.87,62.01,30.1,38.09,No
103870,2024-06-10 05:00:00,Texas,Commercial,790.62,905.77,864.64,57.46,35.81,60.9,No
100050,2024-01-03 01:00:00,California,Industrial,896.02,959.79,1030.03,65.22,23.45,44.25,No
104329,2024-06-29 08:00:00,Texas,Commercial,1217.85,1191.84,1344.72,62.99,26.94,49.55,No
103115,2024-05-09 18:00:00,California,Commercial,1163.71,1257.73,1208.56,53.14,21.09,50.67,No
100859,2024-02-05 18:00:00,Florida,Residential,960.62,1017.41,1085.01,56.96,54.34,48.8,No
101073,2024-02-14 16:00:00,Texas,Residential,1144.66,1201.58,1248.21,48.15,42.9,52.18,No
100720,2024-01-30 23:00:00,Texas ,Residential,881.99,857.13,1002.45,47.12,31.02,42.68,No
103935,2024-06-12 22:00:00,California,Industrial,801.58,868.4,909.77,52.44,31.65,43.1,No
102632,2024-04-19 15:00:00,Texas ,Industrial,1590.78,1789.31,1742.48,51.51,48.64,63.79,Yes
104919,2024-07-23 22:00:00,Texas ,Residential,705.66,782.04,740.82,56.58,48.36,63.66,No
101661,2024-03-10 04:00:00,Florida,Industrial,729.85,829.15,730.54,70.28,10.92,70.43,No
101657,2024-03-10 00:00:00,Florida,Commercial,510.44,558.15,539.52,58.86,23.98,50.14,No
102426,2024-04-11 01:00:00,New York,Commercial,548.27,642.02,607.48,37.64,34.18,49.55,No
103590,2024-05-29 13:00:00,California,Residential,1075.99,1232.67,1233.32,57.26,31.02,34.39,No
104268,2024-06-26 19:00:00,Texas,Commercial,1306.92,1319.39,1499.44,60.73,31.35,73.82,No
103371,2024-05-20 10:00:00,California,Residential,1119.06,1230,1282.16,54.93,31.02,65.43,No
104517,2024-07-07 04:00:00,Florida,Industrial,715.4,820.56,764.48,46.6,29.74,57.07,No
103367,2024-05-20 06:00:00,California,Commercial,741.5,748.92,834.7,52.32,33.49,63.09,No
104796,2024-07-18 19:00:00,California,Industrial,1437.06,1348.22,1538.69,62.99,31.81,52.58,Yes
104164,2024-06-22 11:00:00,New York,Commercial,864.33,918.75,942.88,52.17,36.11,30.73,No
102607,2024-04-18 14:00:00,Texas,Residential,1162.04,1162.31,1210.01,69.33,22.64,44.97,No
101386,2024-02-27 17:00:00,California,Industrial,1201.1,990.29,1344.81,48.72,29.59,31.31,No
103905,2024-06-11 16:00:00,California,Industrial,1369.7,1460.33,1443.66,35.68,3.6,25.14,Yes
101400,2024-02-28 07:00:00,Texas ,Commercial ,1243.4,1386.54,1245.46,61.41,13.21,42.58,Yes
101196,2024-02-19 19:00:00,California,Residential,1007.61,931.8,1115.34,49.04,21.12,43.22,No
101409,2024-02-28 16:00:00,Florida,Industrial,1314.31,1489.81,1412.79,62.32,18.64,37.19,Yes
103894,2024-06-11 05:00:00,New York,Industrial,785.8,897.71,1024.52,54.39,38.66,23.33,No
101799,2024-03-15 22:00:00,Texas,Residential,857.23,1007.6,937.39,62.68,31.02,41.58,No
101476,2024-03-02 11:00:00,Texas ,Industrial,1363.33,1357.32,1530.82,49.47,27.09,30.72,Yes
103278,2024-05-16 13:00:00,New York,Commercial,1026.67,1197.55,1156.66,47.57,37.85,50.12,No
100036,2024-01-02 11:00:00,California,Commercial,1157.72,1189.07,1249.53,55.09,16.81,32.97,No
103607,2024-05-30 06:00:00,California,Residential,725.83,808.37,822.44,53.36,32.01,18.84,No
102346,2024-04-07 17:00:00,Texas ,Commercial,1121.21,1263.73,1213.78,61.79,20.41,57.01,No
103312,2024-05-17 23:00:00,Texas ,Commercial,855.71,998.6,950.41,58.02,26.78,12.66,No
102360,2024-04-08 07:00:00,Texas,Commercial ,1310.36,1213.86,1324.91,67.24,31.03,38.99,No
102207,2024-04-01 22:00:00,California,Commercial,759.83,717.94,866.7,55.67,36.72,49.55,No
103836,2024-06-08 19:00:00,California,Residential,870.39,819.05,899.03,64.49,24.01,40.4,No
101287,2024-02-23 14:00:00,Texas,Commercial ,1201.4,1146.02,1333.38,48.63,13.51,31.13,No
100350,2024-01-15 13:00:00,Florida,Residential,993.97,959.27,1067.51,58.51,28.57,38.49,No
102138,2024-03-30 01:00:00,Texas ,Industrial,917.74,1023.79,945.95,49.74,31.02,71.8,No
102692,2024-04-22 03:00:00,Florida,Commercial ,664.69,768.72,670.85,57.38,48.9,47.45,No
103037,2024-05-06 12:00:00,New York,Commercial,1010.64,1129.62,1132.38,60.83,14.56,54.94,No
103185,2024-05-12 16:00:00,Florida,Commercial,1010.02,1157.83,1107.95,49.87,25.17,55.69,No
101682,2024-03-11 01:00:00,New York,Residential,481.74,559.61,548.94,52.74,26.35,57.5,No
104096,2024-06-19 15:00:00,California,Commercial ,889.22,816.1,945.61,60.61,39.58,79.26,No
101444,2024-03-01 03:00:00,New York,Residential,602.27,569.44,617.04,31.3,49.03,78.74,No
104915,2024-07-23 18:00:00,Texas,Commercial,1348.52,1442.58,1444.44,47.75,31.7,50.2,Yes
101672,2024-03-10 15:00:00,California,Commercial ,933.73,1013.5,1058.39,72.79,27.84,62.29,No
104791,2024-07-18 14:00:00,Texas,Commercial,1286.17,1516.54,1478.6,58.27,35.78,45.45,Yes
101180,2024-02-19 03:00:00,Florida,Commercial,579.36,601.57,618.22,43.77,27.98,79.07,No
102799,2024-04-26 14:00:00,New York,Residential,907.88,822.58,1029.78,56.38,15.71,38.7,No
101693,2024-03-11 12:00:00,New York,Residential,955.4,881.87,1029.67,53.76,41.94,40.83,No
103946,2024-06-13 09:00:00,Texas,Commercial ,1305.42,1521.81,1485.54,69.06,30.05,43.4,Yes
100373,2024-01-16 12:00:00,Texas,Residential,1277.91,1335.06,1283.13,53.29,17.11,66.63,Yes
103679,2024-06-02 06:00:00,California,Industrial,867.03,856.48,874.15,55.09,8.67,34.78,No
101917,2024-03-20 20:00:00,California,Commercial,1109.93,1265.18,1260.04,63.72,28.7,35.58,No
101358,2024-02-26 13:00:00,New York,Commercial,894.77,1038.5,1005.7,49.56,18.36,54.47,No
101826,2024-03-17 01:00:00,Florida,Commercial ,586.67,567.48,607.09,58.95,39.66,38.37,No
100787,2024-02-02 18:00:00,Florida,Commercial,977.13,1094.58,1123.31,56.41,36.7,67.98,No
100470,2024-01-20 13:00:00,New York,Commercial,865.42,941.78,918.16,54.56,50.5,58.84,No
100141,2024-01-06 20:00:00,New York,Industrial,1039.33,997.93,1143.19,60.09,37.13,46.83,No
100789,2024-02-02 20:00:00,New York,Industrial,1328.42,1504.88,1472.53,49.96,41.78,52.75,Yes
100324,2024-01-14 11:00:00,California,Industrial,1230.41,1216.42,1367.1,47.37,42.85,21.12,No
100051,2024-01-03 02:00:00,New York,Residential,481.33,531.39,490.16,52.65,33.44,42.58,No
100715,2024-01-30 18:00:00,California,Residential,996.72,925.8,1075.55,61.95,21.23,55.63,No
104529,2024-07-07 16:00:00,Florida,Industrial,1128.44,1272.84,1193.86,57.97,25.26,56.43,No
102841,2024-04-28 08:00:00,New York,Industrial,1115.66,1135.91,1127.98,40.32,10.45,32.77,No
102447,2024-04-11 22:00:00,California,Industrial,953.15,989.26,980.19,69.47,43.41,59.4,No
104858,2024-07-21 09:00:00,New York,Industrial,998.87,1165.76,1013.35,66.68,15.94,19.87,No
104459,2024-07-04 18:00:00,New York,Residential,837.85,980.85,865.53,53.9,26.25,31.67,No
104925,2024-07-24 04:00:00,Texas,Industrial,1030.54,1022.67,1135.89,57.53,23.56,66.26,No
103718,2024-06-03 21:00:00,Texas,Residential,1246.2,1304.73,1387.48,59.38,29.9,31.01,No
102667,2024-04-21 02:00:00,Texas,Residential,769.31,762.99,775.05,56.21,31.19,53.76,No
100407,2024-01-17 22:00:00,New York,Industrial,692.01,729.22,693.26,51.04,33.88,23.79,No
103423,2024-05-22 14:00:00,Texas ,Residential,1196.77,1115.87,1241.92,60.91,23.37,30.91,No
101005,2024-02-11 20:00:00,California,Residential,850.25,766.92,912.66,60.2,25.55,59.92,No
103063,2024-05-07 14:00:00,Florida,Industrial,1251.37,1455.01,1366.83,52.52,27.9,42.19,Yes
100891,2024-02-07 02:00:00,Texas ,Residential,641.54,722.87,651.85,59.6,35.23,62.16,No
102412,2024-04-10 11:00:00,Texas,Commercial,1278.54,1445.01,1385.51,50.89,13.23,57.2,Yes
102546,2024-04-16 01:00:00,New York,Residential,586.17,633.28,615.93,60.23,21.55,48.83,No
103500,2024-05-25 19:00:00,Texas ,Commercial,1141.32,1201.6,1309.62,49.31,42.17,60.24,No
102391,2024-04-09 14:00:00,New York,Residential,809.09,861.11,846.63,52.9,26.77,62.84,No
104013,2024-06-16 04:00:00,Texas ,Residential,676.75,716.31,679.9,52.14,36.35,51.21,No
100043,2024-01-02 18:00:00,Texas,Residential,1093.64,1082.99,1024.52,66.57,25.79,55.48,No
102831,2024-04-27 22:00:00,New York,Residential,402.47,423.29,405.77,42.51,20.15,85.23,No
103372,2024-05-20 11:00:00,Florida,Commercial,1017.55,1023.39,1117.52,54.25,43.36,45.44,No
100304,2024-01-13 15:00:00,Florida,Commercial ,871.9,860.58,950.98,51.45,17.01,27.38,No
103816,2024-06-07 23:00:00,Florida,Residential,514.56,603.2,551.82,41.16,21.36,69.1,No
100665,2024-01-28 16:00:00,Texas,Industrial,1276.96,1270.43,1407.45,60.1,30.69,57.89,No
101178,2024-02-19 01:00:00,Texas,Residential,703.95,774.28,798.13,55.09,20.49,40.91,No
102677,2024-04-21 12:00:00,New York,Residential,757,788.36,799.61,45.83,25.95,66.14,No
101948,2024-03-22 03:00:00,Texas,Residential,795.31,893.17,906.13,44.38,21.62,66.66,No
102502,2024-04-14 05:00:00,Texas ,Commercial ,752.57,769.5,782.29,56.32,23.01,80.97,No
101474,2024-03-02 09:00:00,New York,Industrial,1074,969.48,1213.9,64.89,3.44,56.61,No
103549,2024-05-27 20:00:00,California,Commercial,1164.97,1158.8,1272.92,57.77,48.52,37.3,No
103586,2024-05-29 09:00:00,California,Industrial,1363.48,1458.4,1425.39,60.05,17.25,36.04,Yes
102133,2024-03-29 20:00:00,Florida,Residential,982.78,1071.95,1098.35,58.91,41.74,45.09,No
101027,2024-02-12 18:00:00,California,Commercial ,1014.67,1029.12,1089.93,49.36,7.14,40.02,No
102990,2024-05-04 13:00:00,California,Commercial ,1012.24,1165.21,1050.27,59.11,32.02,31.22,No
100962,2024-02-10 01:00:00,Florida,Industrial,759.27,740.68,861.78,46.95,9.78,35.17,No
102890,2024-04-30 09:00:00,California,Commercial,1072.91,977.02,1086.53,59.96,27.88,8.38,No
103194,2024-05-13 01:00:00,California,Residential,664.98,620.58,752.14,60.02,39.51,65.46,No
102010,2024-03-24 17:00:00,New York,Residential,861.03,916.92,960.06,68.68,38.98,21.7,No
102150,2024-03-30 13:00:00,California,Industrial,1229.39,1242.52,1273.64,52.6,30.29,44.4,No
1004159,2024-06-22 06:00:00,California,Residential,497.4118028,591.16,520.26,53.12,10.68,51.84,No
102339,2024-04-07 10:00:00,Texas,Residential,947.13,943.44,967.8,53.48,40.2,40.89,No
103961,2024-06-14 00:00:00,Florida,Commercial,716.19,764,722.73,54.59,31.79,36.9,No
100305,2024-01-13 16:00:00,Texas ,Commercial,1129.1,1332.07,1242.35,69.35,28.49,28.44,Yes
101441,2024-03-01 00:00:00,New York,Commercial,572.95,561.28,599.18,59.55,20.12,72.7,No
101497,2024-03-03 08:00:00,Florida, Commercial ,965.4,1083,981.06,62.52,24.57,66.21,No
102653,2024-04-20 12:00:00,New York,Residential,684.77,636.28,723.59,53.37,27.94,57.44,No
102876,2024-04-29 19:00:00,New York,Industrial,1210.08,1302.26,1252.37,54.35,25.28,42.12,No
100917,2024-02-08 04:00:00,California,Industrial,878,869.89,986.45,49.27,42.5,38.29,No
104220,2024-06-24 19:00:00,California,Residential,944.12,948.7,988.79,54.47,32.65,46.17,No
103790,2024-06-06 21:00:00,New York,Residential,958.96,1027.82,997.02,55.63,44.85,53.04,No
102773,2024-04-25 12:00:00,California,Commercial,1045.77,1225.46,1138.89,51.67,14.89,58.78,No
101625,2024-03-08 16:00:00,Texas,Commercial ,1252.55,1133.72,1253.23,63.91,41.88,69.08,No
103907,2024-06-11 18:00:00,Florida,Industrial,955.95,1352.87,1292.72,55.4,54.46,77.34,Yes
100822,2024-02-04 05:00:00,Texas,Commercial,770.16,735.67,850.17,55.09,25,21.24,No
103362,2024-05-20 01:00:00,California,Residential,617.07,670.42,633.51,56.48,49.43,28.95,No
101355,2024-02-26 10:00:00,New York,Industrial,955.95,1152.48,1308.89,57.75,13.64,69.76,No
104538,2024-07-08 01:00:00,Florida,Residential,609.37,708.07,621.38,37.33,47.59,56.89,No
100851,2024-02-05 10:00:00,Texas,Residential,1244.77,1334.3,1380.42,61.2,36.31,60.29,Yes
101001,2024-02-11 16:00:00,California,Residential,870.22,941.84,985.6,59.89,36.43,60.27,No
104504,2024-07-06 15:00:00,Texas,Industrial,1474.42,1559.56,1581.83,68.02,23.88,26.48,Yes
100019,2024-01-01 18:00:00,New York,Industrial,1151.21,1049.23,1297.05,68.11,39.71,59.04,No
101638,2024-03-09 05:00:00,Texas,Industrial,1004.28,980.4,1018.54,59.05,30.57,47.13,No
101668,2024-03-10 11:00:00,New York,Residential,802.71,936.04,893.02,65.82,8.79,21.49,No
100494,2024-01-21 13:00:00,California,Commercial,947.72,935.76,1034.36,57.74,29.52,69.37,No
101348,2024-02-26 03:00:00,New York,Industrial,720.16,718.98,728.79,42.07,32.26,48.38,No
103019,2024-05-05 18:00:00,Texas,Commercial,1088.46,1115.23,1193.39,56.28,35.17,79.07,No
103796,2024-06-07 03:00:00,Texas ,Commercial,795.12,889.9,808.73,59.68,39.95,30.57,No
103317,2024-05-18 04:00:00,New York,Commercial ,629.44,583.42,647.86,48.93,23.1,51.39,No
103683,2024-06-02 10:00:00,California,Residential,849.47,774.88,917.72,50.31,22.59,67.23,No
104634,2024-07-12 01:00:00,California,Residential,725.09,750.26,747.19,51.93,28.17,28.89,No
100688,2024-01-29 15:00:00,California,Industrial,1225.81,1132.24,1264.44,53.24,28.52,49.67,No
103800,2024-06-07 07:00:00,Florida,Industrial,1205.36,1357.23,1246.78,62.44,26.22,41.82,Yes
101609,2024-03-08 00:00:00,California,Industrial,869.2,990.29,974.44,47.76,31.34,63.89,No
104128,2024-06-20 23:00:00,New York,Industrial,943.73,1103.27,1018.67,53.15,27.98,73.34,No
103529,2024-05-27 00:00:00,New York,Residential,568.02,554.25,616.5,56.64,38.62,58.3,No
101010,2024-02-12 01:00:00,New York,Commercial,678.19,701.51,703.32,42.52,30,52.4,No
102409,2024-04-10 08:00:00,New York,Residential,863.95,827.58,954.79,59.25,33.23,64.83,No
101093,2024-02-15 12:00:00,Florida,Commercial,1039.95,978.39,1130.44,66.92,32.76,38.88,No
101328,2024-02-25 07:00:00,California,Commercial,929.44,992.8,1054.28,57.92,28,27.66,No
101678,2024-03-10 21:00:00,New York,Commercial,899.04,978.8,942.64,49.57,32.87,56.6,No
102000,2024-03-24 07:00:00,California,Industrial,1262.73,1249.6,1265.45,36.13,36.59,83.67,No
101311,2024-02-24 14:00:00,Texas,Commercial,1060.67,1140.67,1168.03,66.79,31.02,51.02,No
103320,2024-05-18 07:00:00,California,Industrial,1176.3,1193.78,1326.42,61.58,19.97,71.36,No
101988,2024-03-23 19:00:00,New York,Industrial,1030.67,1108.77,1168.55,58.19,32.83,55.85,No
103717,2024-06-03 20:00:00,California,Industrial,955.95,1239.71,1455.72,57.85,33.38,28.75,No
100345,2024-01-15 08:00:00,New York,Industrial,1150.17,1194.01,1296.08,53.4,4.89,78.86,No
104224,2024-06-24 23:00:00,California,Commercial,703.32,802.51,785.77,46.33,26.91,28.05,No
100987,2024-02-11 02:00:00,Texas ,Industrial,960.1,936.13,1066.61,67.98,37.1,23.2,No
103922,2024-06-12 09:00:00,New York,Residential,782.06,886.61,829.93,50.72,16.74,49.55,No
103876,2024-06-10 11:00:00,New York,Residential,830.77,928.94,881.92,67.19,31.02,54.27,No
104352,2024-06-30 07:00:00,Florida,Commercial,839.68,865.65,938.86,63.87,39.57,47.17,No
104077,2024-06-18 20:00:00,New York,Commercial ,979.23,941.03,1122.06,45.88,56.55,48.01,No
104027,2024-06-16 18:00:00,New York,Industrial,1211.07,1102.38,1277.44,64.51,14.05,49.55,No
104639,2024-07-12 06:00:00,Texas ,Commercial,788.19,918.38,789.92,72.07,46.97,45.57,No
101143,2024-02-17 14:00:00,Texas ,Residential,955.95,1006.09,1143.25,58.66,16.45,56.27,No
102359,2024-04-08 06:00:00,Florida, Residential ,594.88,540.49,630.35,37.39,29.32,40.67,No
101199,2024-02-19 22:00:00,Texas ,Residential,785.97,852.95,790.49,49.45,29.14,37.81,No
100086,2024-01-04 13:00:00,California,Industrial,1310.35,1467.29,1473.79,57.57,39.62,35.24,Yes
101519,2024-03-04 06:00:00,California,Industrial,902.44,892.55,985.36,61.24,39.52,48.98,No
100517,2024-01-22 12:00:00,New York,Commercial ,961.79,1010.88,982.78,53.63,37.62,59.79,No
101382,2024-02-27 13:00:00,New York,Industrial,1202.92,1207.17,1262.31,64.98,37.81,38.97,No
102717,2024-04-23 04:00:00,Florida,Residential,647.49,750.23,742.61,52.67,25.78,42.12,No
103143,2024-05-10 22:00:00,Florida,Residential,608.6,641.25,642.01,44.54,33.43,40.17,No
101015,2024-02-12 06:00:00,Texas ,Commercial,851.06,818.62,873.42,59.49,12.18,32.2,No
100129,2024-01-06 08:00:00,Texas,Commercial,1049.37,1043.78,1090.57,52.59,41.92,50.56,No
101365,2024-02-26 20:00:00,Texas ,Commercial,1251.85,1189.89,1338.76,58.9,27.75,40.01,No
104810,2024-07-19 09:00:00,California,Industrial,1415.91,1553.34,1456.7,58.56,40.91,43.37,Yes
100892,2024-02-07 03:00:00,California,Industrial,867.89,963.63,967.17,52.87,18.75,56.88,No
102794,2024-04-26 09:00:00,California,Residential,991.74,1019.02,1137.32,52.92,42.67,47.02,No
104247,2024-06-25 22:00:00,California,Industrial,965.21,976.29,1008.26,42.17,30.72,42.32,No
101360,2024-02-26 15:00:00,Florida,Residential,933.65,877.99,945.63,62.8,46.9,48.88,No
100308,2024-01-13 19:00:00,California,Commercial,868.84,884.92,984.95,48.05,28.12,36.18,No
101662,2024-03-10 05:00:00,Florida,Commercial,553.92,608.78,565.73,47.05,49.86,60.76,No
102432,2024-04-11 07:00:00,California,Industrial,1330.38,1561.65,1455.18,55.92,31.02,52.4,Yes
104007,2024-06-15 22:00:00,New York,Commercial,592.96,605.38,597.92,58.68,28.33,58.02,No
101318,2024-02-24 21:00:00,Texas ,Industrial,1447.49,1695.52,1643.21,57.14,39.75,87.96,Yes
104343,2024-06-29 22:00:00,California,Commercial ,678.64,715.6,714.31,52.21,32.87,49.55,No
102475,2024-04-13 02:00:00,Florida,Commercial,615.47,705.94,693.02,45.84,6.36,53.19,No
102543,2024-04-15 22:00:00,California,Industrial,889.78,916.68,1019.43,42.77,21.6,64.32,No
101247,2024-02-21 22:00:00,Texas,Residential,762.88,839.36,820.67,39.58,33.94,42.12,No
101209,2024-02-20 08:00:00,California,Commercial,1202.1,1091.23,1262.59,60.92,30.27,28.46,No
100217,2024-01-10 00:00:00,California,Commercial,657.32,660.48,670.46,71.69,29.45,30.21,No
104332,2024-06-29 11:00:00,Texas,Residential,1080.32,1161.86,1202.68,50.06,35.33,34.56,No
104113,2024-06-20 08:00:00,Texas,Industrial,1582.98,1799.32,1638.58,64.53,43.77,54.94,Yes
101240,2024-02-21 15:00:00,California,Commercial ,1154.26,1192.4,1327.15,61.45,40.82,48.61,No
102290,2024-04-05 09:00:00,California,Commercial ,1240.09,1379.68,1310.29,60.83,24.93,33.5,Yes
102741,2024-04-24 04:00:00,New York,Industrial,802.36,942.64,802.57,57.73,32.66,57.53,No
100276,2024-01-12 11:00:00,California,Residential,1022.88,1061.87,1099.15,46.43,23.89,45.13,No
100490,2024-01-21 09:00:00,New York,Industrial,971.01,883.25,1076.54,50.47,22.07,43.23,No
101036,2024-02-13 03:00:00,Texas ,Residential,775.83,864.09,803.17,68.08,6.46,49.68,No
101230,2024-02-21 05:00:00,New York,Commercial,698.33,651.23,784.08,58.99,29.34,74.75,No
104626,2024-07-11 17:00:00,Texas ,Commercial,1354.97,1232.12,1524.06,49.58,21.77,28.21,No
101009,2024-02-12 00:00:00,California,Industrial,932.15,932.68,940.74,51.88,52.78,56.61,No
104750,2024-07-16 21:00:00,California,Industrial,1455.06,1636.45,1552.97,62.14,29.86,52.35,Yes
103182,2024-05-12 13:00:00,California,Residential,990.28,1100.65,993.35,60.58,37.34,49.55,No
104926,2024-07-24 05:00:00,California,Residential,685.66,653.5,758.06,46.87,50.28,36.66,No
102533,2024-04-15 12:00:00,California,Residential,1018.01,1017.75,1123.54,57.63,28.69,66.61,No
104323,2024-06-29 02:00:00,Texas ,Industrial,999.39,992.43,1127.65,40.99,42.74,31.15,No
101059,2024-02-14 02:00:00,New York,Commercial ,695.64,654.84,759.23,43.09,18.68,22.12,No
102167,2024-03-31 06:00:00,Florida,Commercial ,588.18,646.73,597.8,50.3,27.84,71.61,No
104136,2024-06-21 07:00:00,Texas,Industrial,1578.63,1635.58,1643.56,62.59,26.83,46.06,Yes
104782,2024-07-18 05:00:00,California,Commercial,733.39,715.72,792.59,65.63,28.84,71.53,No
100282,2024-01-12 17:00:00,California,Industrial,1384.32,1372.11,1534.04,69.68,31.99,51.86,Yes
103632,2024-05-31 07:00:00,Texas,Residential,1213.26,1150.46,1386.49,39.73,9.26,20.7,No
101317,2024-02-24 20:00:00,Florida,Residential,914.42,974.35,973.04,47.77,25.84,83.57,No
100861,2024-02-05 20:00:00,California,Commercial,1165.64,1220.6,1257.54,67.87,36.36,39.17,No
100969,2024-02-10 08:00:00,Florida,Industrial,1146.9,1034.55,1301.62,40.82,41.31,34.28,No
103186,2024-05-12 17:00:00,Florida,Residential,833.85,854.29,870.5,51.44,19.56,61.29,No
103993,2024-06-15 08:00:00,Texas ,Commercial,1095.68,1287.81,1172.31,61.52,14.82,55.9,No
103227,2024-05-14 10:00:00,California,Commercial,1036.31,1025.51,1066.45,53.33,21.19,53.26,No
104487,2024-07-05 22:00:00,Texas,Residential,757.63,876.75,802.33,52.03,25.68,39.76,No
100620,2024-01-26 19:00:00,Texas ,Residential,1260.88,1234.1,1335.03,65.32,36.45,49.51,No
103296,2024-05-17 07:00:00,Texas,Commercial ,1367.73,1376.74,1562.43,70.87,35.86,41.97,Yes
101743,2024-03-13 14:00:00,Texas ,Industrial,1642.19,1710.67,1672.32,65.9,45.1,66.08,Yes
101391,2024-02-27 22:00:00,California,Residential,610.65,570.07,611.29,40.81,29.82,6.71,No
104114,2024-06-20 09:00:00,Texas,Industrial,1680.04,1553.36,1702.59,68.04,48.21,36.91,Yes
101848,2024-03-17 23:00:00,California,Commercial,561.25,556.38,592.73,39.17,40.43,49.19,No
101580,2024-03-06 19:00:00,Florida,Industrial,1367.86,1450.88,1412.04,51.92,36.25,28.38,Yes
102353,2024-04-08 00:00:00,Florida,Industrial,887.12,1028.44,972.88,59.75,25.45,61.27,No
102213,2024-04-02 04:00:00,Texas,Commercial,817.37,808.89,829.13,55.93,18.02,55.43,No
102021,2024-03-25 04:00:00,New York,Industrial,717.65,793.83,770.14,70.58,38.28,27.21,No
101957,2024-03-22 12:00:00,Florida,Industrial,1244.25,1209.35,1268.43,54.02,12.12,38.1,No
101308,2024-02-24 11:00:00,California,Commercial,850.41,900.7,912.91,53.93,41.5,37.81,No
102004,2024-03-24 11:00:00,California,Residential,875.1,961.61,1005.53,58.14,26.44,48.56,No
104718,2024-07-15 13:00:00,New York,Commercial,1002.45,922.56,1018.49,68.12,45.91,51.35,No
100576,2024-01-24 23:00:00,New York,Residential,535.82,554.13,563.71,42.16,39.96,64.3,No
102361,2024-04-08 08:00:00,Texas,Residential,1190.12,1144.03,1254.9,60.04,30.5,69.29,No
104241,2024-06-25 16:00:00,Texas ,Commercial,1237.35,1401.07,1382.01,57.93,43.07,46.58,Yes
104477,2024-07-05 12:00:00,New York,Industrial,1207.26,1409.08,1300.39,47.38,22.71,37.41,Yes
101707,2024-03-12 02:00:00,Florida,Industrial,670.68,615.57,720.92,51.27,30.97,45.88,No
103811,2024-06-07 18:00:00,Texas ,Residential,1317.62,1302.37,1410.26,55,2,58.11,No
103536,2024-05-27 07:00:00,Texas,Commercial,1233.96,1132.06,1257.54,63.93,14.58,52.34,No
101281,2024-02-23 08:00:00,Florida,Commercial ,1043.82,1041.02,1147.76,65.89,12.9,68.74,No
100862,2024-02-05 21:00:00,New York,Industrial,1111.81,1028.98,1131.39,58.16,20.69,33.69,No
104183,2024-06-23 06:00:00,Texas ,Residential,633.05,669.25,656.99,68.21,24.71,31.93,No
101802,2024-03-16 01:00:00,Texas ,Residential,714.56,701.68,1024.52,60.53,44.46,49.39,No
101629,2024-03-08 20:00:00,Texas,Industrial,1636.41,1821.25,1844.05,62.45,34.51,61.39,Yes
101994,2024-03-24 01:00:00,Texas,Residential,671.45,722.8,672.99,54.35,25.4,40.08,No
102640,2024-04-19 23:00:00,Texas ,Residential,900.45,982.43,961.28,55.94,22.98,37.71,No
100270,2024-01-12 05:00:00,California,Commercial,715.86,659.52,732.86,52.9,21.82,48.76,No
100630,2024-01-27 05:00:00,California,Residential,546.86,593.42,607.73,42.6,28.3,65.63,No
103082,2024-05-08 09:00:00,California,Residential,1016.98,991.05,1062.43,59.6,40.35,63.3,No
102335,2024-04-07 06:00:00,Texas,Commercial,660.81,655.4,754.09,44.1,39.63,63.66,No
102967,2024-05-03 14:00:00,Texas ,Commercial,1324.05,1446.84,1445.57,66.38,21.86,49.77,Yes
100301,2024-01-13 12:00:00,Texas,Commercial ,905.62,997.21,934.55,57.67,17.56,45.87,No
100460,2024-01-20 03:00:00,Texas,Industrial,899.55,817.49,988.76,50.16,28.42,58.83,No
101448,2024-03-01 07:00:00,California,Industrial,1413.73,1321.09,1552.31,55.62,34.25,59.92,No
101473,2024-03-02 08:00:00,California,Residential,839.46,957.84,961.83,49.66,23.94,24.01,No
102047,2024-03-26 06:00:00,Texas,Residential,626.7,716.07,680.79,30.78,36.13,49.55,No
104267,2024-06-26 18:00:00,Florida,Commercial,1005.13,942.43,1086.93,56.86,22.55,59.77,No
103833,2024-06-08 16:00:00,California,Residential,938.66,860.58,1008.32,53.13,35.18,39.45,No
102114,2024-03-29 01:00:00,New York,Residential,543.06,639.39,590.78,44.38,17.6,42.98,No
100028,2024-01-02 03:00:00,Florida,Residential,632.43,654.62,1024.52,41.66,27.04,44.2,No
103909,2024-06-11 20:00:00,Florida,Industrial,1369.77,1334.18,1442.17,43.16,14.82,59.5,Yes
104563,2024-07-09 02:00:00,California,Residential,591.59,636.64,611.2,47.02,48.06,44.4,No
100838,2024-02-04 21:00:00,New York,Commercial,834.53,873.48,842.6,63.32,30.93,48.23,No
103896,2024-06-11 07:00:00,California,Residential,961.64,1115.15,1045.31,57.92,31.51,58.78,No
103429,2024-05-22 20:00:00,California,Commercial,1050.71,1166,1190.94,62.29,5.15,76.21,No
102009,2024-03-24 16:00:00,Texas,Commercial,1224.02,1386.41,1238.82,50.17,36.89,44.24,Yes
104953,2024-07-25 08:00:00,New York,Commercial,915.16,858.25,938.68,46.42,31.61,51.58,No
100504,2024-01-21 23:00:00,California,Industrial,776.98,895.33,857.77,51.85,31,53.62,No
104604,2024-07-10 19:00:00,New York,Residential,810.34,886.34,1024.52,53.65,27.69,40.71,No
104344,2024-06-29 23:00:00,California,Residential,635.67,617.56,644.38,63.46,14.3,39.58,No
100381,2024-01-16 20:00:00,California,Residential,1166.92,1309.87,1184.99,53.43,32.75,60.03,No
101852,2024-03-18 03:00:00,California,Industrial,904.76,992.06,992.93,61.16,37.71,60.46,No
101526,2024-03-04 13:00:00,California,Industrial,1366.5,1469.25,1427.12,52.45,36.71,66.1,Yes
102366,2024-04-08 13:00:00,Texas,Commercial,1338.55,1552.57,1495.74,71.55,29.55,63.13,Yes
103053,2024-05-07 04:00:00,California,Industrial,950.29,1101.29,1083.8,63.57,18.39,58.76,No
102885,2024-04-30 04:00:00,Texas,Residential,881.72,872.47,932.68,59.07,37.33,43.37,No
102341,2024-04-07 12:00:00,Texas ,Industrial,1539.57,1802.49,1559.37,69.18,33.98,47.7,Yes
100375,2024-01-16 14:00:00,Texas,Industrial,1551.95,1740.01,1644.08,58.92,32.6,62.06,Yes
103322,2024-05-18 09:00:00,Texas,Residential,1027.48,1034.24,1158.68,60.04,20.46,48.09,No
102382,2024-04-09 05:00:00,California,Residential,650.32,723.2,707.56,58.58,27,52.75,No
104349,2024-06-30 04:00:00,California,Residential,605.27,563.28,1024.52,46.42,52.03,66.47,No
100940,2024-02-09 03:00:00,Florida,Commercial,727.29,816.62,731.14,55.67,30.02,52.05,No
103921,2024-06-12 08:00:00,New York,Industrial,1160.5,1181.09,1209.28,60.56,33.48,39.67,No
104359,2024-06-30 14:00:00,Florida,Commercial ,841.3,934.37,875.65,67.41,28.7,81.68,No
102800,2024-04-26 15:00:00,California,Commercial,967.02,974.16,1081.56,55.1,57.21,34.74,No
102148,2024-03-30 11:00:00,New York,Residential,782.75,786.73,842.44,53.37,38.53,56.99,No
103887,2024-06-10 22:00:00,New York,Residential,530.7,543.03,551.25,43.87,48.46,69.65,No
104581,2024-07-09 20:00:00,New York,Commercial,950.6,990.29,958.38,45.02,34.36,61.26,No
104255,2024-06-26 06:00:00,Texas,Residential,824.51,881.49,883.23,60.92,30.23,42.63,No
102069,2024-03-27 04:00:00,Texas,Residential,783.12,785.85,798.79,56.94,30.52,50.9,No
100530,2024-01-23 01:00:00,California,Commercial,688.59,689.54,692.88,46.36,27.9,65.11,No
103939,2024-06-13 02:00:00,Texas,Commercial,982.89,986.08,1073.67,65.36,16.71,62.13,No
100637,2024-01-27 12:00:00,Florida,Industrial,1185.51,1363.67,1297.54,60.63,26.07,87.09,Yes
101270,2024-02-22 21:00:00,California,Industrial,1387.24,1316.13,1415.15,56.7,18.19,35.95,No
100186,2024-01-08 17:00:00,Texas ,Industrial,1640.28,1918.86,1703.63,71.62,45.55,38.38,Yes
103888,2024-06-10 23:00:00,Florida,Residential,695.46,745.76,792.26,56.77,30.12,65.51,No
103553,2024-05-28 00:00:00,Florida,Residential,505.37,502.8,579.99,52.92,41.33,32.48,No
104302,2024-06-28 05:00:00,California,Industrial,893.7,898.61,959.72,57.02,11.26,47.62,No
101798,2024-03-15 21:00:00,Texas,Commercial,1352.47,1383.72,1542.52,69.99,42.69,43.88,Yes
102980,2024-05-04 03:00:00,New York,Residential,446.97,475.28,459,51.7,25.96,32.97,No
101442,2024-03-01 01:00:00,Texas,Residential,784.04,764.31,877.72,54.61,32.64,49.53,No
104253,2024-06-26 04:00:00,California,Commercial,799.82,831.49,899.84,39.56,20.28,57.37,No
104920,2024-07-23 23:00:00,California, Commercial ,805.37,813.91,875.27,49.54,43.34,12.84,No
101536,2024-03-04 23:00:00,Texas,Commercial,768.71,696.35,880.47,49.88,36.87,51.11,No
104665,2024-07-13 08:00:00,California,Commercial,898.52,863.36,969.55,41.12,26.57,32.32,No
103189,2024-05-12 20:00:00,California,Industrial,1009.65,1104.94,1038.8,61.25,24.4,55.24,No
101274,2024-02-23 01:00:00,Texas,Industrial,991.17,1037.1,1073.24,45.19,36.16,16.17,No
102468,2024-04-12 19:00:00,Texas,Residential,1222.48,1410.4,1330.1,62.61,50.73,56.92,Yes
100608,2024-01-26 07:00:00,New York,Commercial ,911.52,986.06,1032.79,64.58,31.02,62.1,No
103451,2024-05-23 18:00:00,New York,Residential,786.82,787.19,842.93,47.29,27.03,47.1,No
101713,2024-03-12 08:00:00,California,Residential,965.05,957.23,1054.16,43.5,31.65,55.84,No
102200,2024-04-01 15:00:00,New York,Industrial,1158.09,1287.93,1225.89,64.86,43.59,72.05,No
100956,2024-02-09 19:00:00,New York,Industrial,1152.89,1047.22,1262.96,42.18,17.66,58.69,No
102580,2024-04-17 11:00:00,Florida,Residential,975.56,1074.09,1090.23,38.66,30.99,41.98,No
104618,2024-07-11 09:00:00,California,Industrial,1501.95,1384.77,1670.26,54.58,31.32,57.52,Yes
104465,2024-07-05 00:00:00,Texas ,Commercial ,909.75,1071.05,1036.5,48.45,30.26,50.66,No
103444,2024-05-23 11:00:00,New York,Commercial,967.96,1141.04,1053.84,43.7,12.96,26.32,No
103754,2024-06-05 09:00:00,Texas ,Residential,1296.61,1513.01,1458.2,62.57,33.46,73.21,Yes
100404,2024-01-17 19:00:00,California,Commercial,1111.53,1278.78,1275.85,69.33,11.82,45.32,No
102072,2024-03-27 07:00:00,Florida,Commercial,1095.59,1224.69,1202.63,41.54,36.49,32.1,No
104800,2024-07-18 23:00:00,Florida,Industrial,818.75,786.32,854.49,51.7,35.41,73.4,No
101978,2024-03-23 09:00:00,New York,Commercial ,761.63,867.67,779.9,45.52,40.51,68.45,No
100159,2024-01-07 14:00:00,California,Industrial,1213.1,1240.94,1322.72,54.78,22.83,40.94,No
101749,2024-03-13 20:00:00,Texas ,Industrial,1645.47,1676.24,1777.97,52.94,33.36,47.96,Yes
102910,2024-05-01 05:00:00,California,Industrial,928.46,981.2,951.22,53.6,16.14,60.6,No
103600,2024-05-29 23:00:00,Texas ,Residential,750.79,733.14,780,32.2,44.5,49.72,No
100903,2024-02-07 14:00:00,California,Residential,1029.78,1068.79,1174.98,54.21,25.19,58.03,No
100353,2024-01-15 16:00:00,Texas ,Commercial,1190.28,1175.96,1287.55,56.11,34.21,69.07,No
101231,2024-02-21 06:00:00,New York,Industrial,863.91,980.33,957.97,50.98,23.31,28.06,No
104713,2024-07-15 08:00:00,California,Commercial,1003.14,1159.3,1060.73,57.57,2,69.91,No
102141,2024-03-30 04:00:00,California,Industrial,796.02,736.08,863.06,47.91,41.43,49.57,No
100445,2024-01-19 12:00:00,California,Residential,868.15,1001.54,911.48,45.59,32.07,43.21,No
104994,2024-07-27 01:00:00,Florida,Commercial ,556.03,551.97,598.01,26.08,4.98,33.26,No
100755,2024-02-01 10:00:00,Texas,Industrial,1675.71,1587.82,1915.57,64.92,24.81,24.17,Yes
101738,2024-03-13 09:00:00,California,Residential,1094.8,1176.22,1202.53,58.96,34.88,20.39,No
102972,2024-05-03 19:00:00,Texas,Industrial,1643.32,1701.82,1024.52,57.38,37.43,40.71,Yes
102921,2024-05-01 16:00:00,California,Residential,933.1,1068.15,981.52,61.03,23.29,50.77,No
100312,2024-01-13 23:00:00,Texas,Industrial,979.78,990.19,988.73,59.64,43.25,74.06,No
100549,2024-01-23 20:00:00,Florida,Commercial,998.87,1025.02,1108.44,61.46,42.15,46.95,No
100662,2024-01-28 13:00:00,New York,Residential,815.24,807.88,933.66,58.05,19.01,31.45,No
104806,2024-07-19 05:00:00,Florida,Commercial ,749.83,710.72,827.85,54.62,34.97,43.82,No
101990,2024-03-23 21:00:00,Texas ,Residential,972.25,1012.2,972.49,54.02,20.97,73.55,No
100307,2024-01-13 18:00:00,Florida,Industrial,1183.8,1269.06,1246.18,47.78,38.16,60.54,No
102336,2024-04-07 07:00:00,New York,Residential,778.64,853.81,811.46,55.8,13.37,67,No
100695,2024-01-29 22:00:00,Texas,Residential,772.76,889.07,798.64,58.67,46.06,53.02,No
102357,2024-04-08 04:00:00,New York,Industrial,829.16,748.61,869.8,62.26,39.43,62.81,No
101928,2024-03-21 07:00:00,New York,Residential,834.95,905.63,1024.52,45.97,47.94,46.3,No
100685,2024-01-29 12:00:00,New York,Residential,856.72,819.93,916.91,55.45,27.62,46.45,No
100750,2024-02-01 05:00:00,Florida,Residential,550.06,539.83,576.25,37.07,25.97,52.44,No
103555,2024-05-28 02:00:00,California,Commercial,1019.68,1083.2,1036.88,50.84,28.69,49.54,No
103308,2024-05-17 19:00:00,Texas,Commercial,1274.18,1299.55,1355.88,57.38,16.14,75.98,No
101267,2024-02-22 18:00:00,New York,Industrial,1114.49,1145.25,1174.04,66.47,31.14,32.42,No
103347,2024-05-19 10:00:00,California,Commercial ,984.14,996.44,1040.89,61.33,45.2,66.84,No
104818,2024-07-19 17:00:00,California,Industrial,1270.92,1201.09,1322.9,59.65,38.33,30.46,No
104463,2024-07-04 22:00:00,New York,Residential,607.2,696.28,650.11,44.24,19.48,48.97,No
104732,2024-07-16 03:00:00,Texas,Residential,772.32,833.03,798.94,46.84,47.67,83.13,No
103084,2024-05-08 11:00:00,Florida,Residential,984.92,1058.31,1038.76,47.63,34.22,47.8,No
103062,2024-05-07 13:00:00,Texas,Commercial,1230.23,1337.93,1269.58,58.57,15.74,59.11,Yes
103026,2024-05-06 01:00:00,California,Commercial,563.06,602.97,571.82,50.52,36.36,42.99,No
100971,2024-02-10 10:00:00,Texas ,Commercial ,1223.77,1169.87,1391.63,69.93,50.4,53.58,No
100014,2024-01-01 13:00:00,California,Industrial,1400.24,1495.41,1558.06,63.69,26.78,29.39,Yes
100874,2024-02-06 09:00:00,New York,Commercial ,1008.7,1059.09,1050.55,61.41,26.11,56,No
100809,2024-02-03 16:00:00,New York,Industrial,1144.44,1166.36,1202.94,49.76,10.87,23.12,No
103199,2024-05-13 06:00:00,Texas,Industrial,1102.5,1105.93,1161.45,47.8,24.8,59.43,No
100515,2024-01-22 10:00:00,Texas, Residential ,1149.92,1274.4,1309.03,77.4,25.98,51.86,No
104513,2024-07-07 00:00:00,Texas,Residential,701.19,692.83,765.28,56.04,33.7,36.39,No
100410,2024-01-18 01:00:00,Texas,Industrial,1048.77,1210.62,1131.06,66.43,37.34,54.13,No
103472,2024-05-24 15:00:00,California,Commercial,985.76,1132.44,1117.77,53.05,43.43,59.84,No
104382,2024-07-01 13:00:00,Texas,Commercial,1281.89,1322.69,1316.74,65.79,12,58.29,No
100208,2024-01-09 15:00:00,Texas ,Commercial,1365.72,1604.58,1490.61,57.74,23.2,53.15,Yes
104495,2024-07-06 06:00:00,Texas ,Residential,640.29,653.17,726.82,50.3,23.79,35.76,No
100459,2024-01-20 02:00:00,Texas,Industrial,901.4,959.5,972.15,57.05,17.27,50.05,No
103537,2024-05-27 08:00:00,California,Residential,985.33,910.98,1117.26,45.49,35.68,63.55,No
102431,2024-04-11 06:00:00,Florida,Commercial,638.44,730.85,712.4,59.23,29.99,44.4,No
103726,2024-06-04 05:00:00,New York,Residential,454.72,461.39,468.92,51.07,29.37,48.97,No
100111,2024-01-05 14:00:00,California,Industrial,1346.28,1371.62,1350.51,59.25,38.87,50.74,Yes
103815,2024-06-07 22:00:00,California,Residential,955.95,800,773.96,58.43,21.84,53.15,No
101108,2024-02-16 03:00:00,Texas ,Residential,842.7,763.59,882.17,50.6,44.92,19.34,No
101884,2024-03-19 11:00:00,Texas ,Industrial,1646.01,1512.39,1669.98,55.09,5.14,65.69,Yes
101714,2024-03-12 09:00:00,New York,Commercial ,844.24,870.39,944.18,47.31,6.62,55.58,No
104032,2024-06-16 23:00:00,California,Residential,717.36,770.78,813.61,60.05,33.78,46,No
104053,2024-06-17 20:00:00,California,Residential,971.35,984.64,1102.78,55.98,38.45,38.23,No
100553,2024-01-24 00:00:00,Florida,Industrial,795.23,863.02,813.24,52.01,48.57,49.55,No
101440,2024-02-29 23:00:00,Texas ,Industrial,1067.38,1171.94,1113.92,66.89,20.43,42.29,No
102271,2024-04-04 14:00:00,Texas,Commercial,1427.54,1615.42,1479.46,56.67,40.05,54.53,Yes
103145,2024-05-11 00:00:00,California,Industrial,787.71,929.34,823.83,60.57,35.2,49.09,No
102822,2024-04-27 13:00:00,California,Residential,841.6,916.99,923.5,61.95,32.11,53.51,No
104826,2024-07-20 01:00:00,Texas,Commercial ,822.37,869.48,912.68,56.96,10.94,37.87,No
101926,2024-03-21 05:00:00,Texas,Residential,679.28,699.05,765.26,47.14,23.08,62.09,No
100635,2024-01-27 10:00:00,Texas,Residential,1127.31,1295.21,1207.98,70.7,38.26,58.17,No
104850,2024-07-21 01:00:00,Texas,Industrial,910.25,1070.06,956.13,59.36,48.64,79.44,No
100317,2024-01-14 04:00:00,New York,Commercial,654.21,638.04,671.89,45.9,26.86,36.86,No
104256,2024-06-26 07:00:00,Texas ,Commercial,1250.74,1368.6,1322.84,54.23,32.34,45.96,Yes
104743,2024-07-16 14:00:00,Texas,Commercial ,1297.17,1498.95,1458.01,70.93,32.98,58.05,Yes
101329,2024-02-25 08:00:00,California,Industrial,1315.08,1229.53,1330.13,59.5,29.33,50.21,No
100428,2024-01-18 19:00:00,California,Commercial,1086.68,1022.79,1174.54,42.25,21.18,62.45,No
103438,2024-05-23 05:00:00,Florida,Residential,576.12,642.94,643.45,42.83,33.82,44.6,No
100106,2024-01-05 09:00:00,California,Residential,1034.58,1040.62,1024.52,61.69,16.1,49.82,No
103042,2024-05-06 17:00:00,New York,Commercial,897.89,894.12,931.61,56.25,36.65,16,No
100143,2024-01-06 22:00:00,New York,Industrial,596.7,684.02,602.02,46.01,21.7,30.46,No
102170,2024-03-31 09:00:00,California,Commercial,947.28,1089.8,1088.83,38.46,35.24,48.76,No
104240,2024-06-25 15:00:00,California,Residential,1061.85,990.29,1155.02,52.32,26.36,41.79,No
102919,2024-05-01 14:00:00,New York,Residential,873.73,941.72,917.48,53.27,34,23,No
103238,2024-05-14 21:00:00,New York,Commercial ,889.17,889.54,949.66,48.45,25.41,38.07,No
102242,2024-04-03 09:00:00,Texas,Industrial,1673.94,1755.28,1782.22,51.97,29.48,28.88,Yes
103175,2024-05-12 06:00:00,Texas,Industrial,895.48,832.18,908.64,58.85,22.89,45.79,No
103476,2024-05-24 19:00:00,California,Residential,888.21,1013.03,971.53,63.87,32.07,48.6,No
102164,2024-03-31 03:00:00,California,Residential,691.65,665.29,792.08,51.65,47.88,63.3,No
102637,2024-04-19 20:00:00,New York,Commercial,1037.34,1154.36,1189.88,72.53,31.23,47.99,No
101950,2024-03-22 05:00:00,New York,Residential,617.91,728.95,678.66,53.23,39.72,32.43,No
101769,2024-03-14 16:00:00,New York,Commercial ,905.88,1037.05,930.68,61.67,27.65,50.38,No
104900,2024-07-23 03:00:00,New York,Residential,677.8,745.25,732.56,72.73,35.52,62.02,No
102273,2024-04-04 16:00:00,New York,Residential,915.6,1042.11,935.06,64.06,47.17,65.91,No
100002,2024-01-01 01:00:00,New York,Industrial,711.44,651.59,742.86,47.25,16.44,64.3,No
104673,2024-07-13 16:00:00,Texas ,Commercial,1175.72,1290.89,1229.74,53.15,21.72,59.22,No
101952,2024-03-22 07:00:00,California,Industrial,1354.84,1280.16,1414.35,55.64,32.31,23.58,No
100936,2024-02-08 23:00:00,California,Residential,653.12,604.24,724.79,56.71,16.26,48.28,No
104336,2024-06-29 15:00:00,Texas,Residential,1009.14,1164.3,1089.77,57.32,30.2,35.53,No
102721,2024-04-23 08:00:00,New York,Industrial,1168.63,990.29,1223.35,66.69,39.92,49.55,No
103552,2024-05-27 23:00:00,Texas,Residential,723.39,833.78,773.49,60.77,37.46,35.05,No
101110,2024-02-16 05:00:00,Texas,Industrial,1140.63,1310.64,1214.31,52.77,51.65,52.99,No
103655,2024-06-01 06:00:00,Texas,Commercial,785.64,778.9,863.15,55.09,33.63,47.28,No
100592,2024-01-25 15:00:00,Florida,Industrial,1236.88,990.29,1419.72,64.72,36.85,51.36,Yes
101696,2024-03-11 15:00:00,Texas,Residential,1158.16,1365.95,1267.67,43.76,27.76,41.26,Yes
103514,2024-05-26 09:00:00,California,Residential,893.96,996.11,920.4,52.68,17.49,37.49,No
102937,2024-05-02 08:00:00,California,Industrial,1320.2,1460.04,1425.2,66.02,50.91,14.65,Yes
104243,2024-06-25 18:00:00,Texas ,Residential,1211.38,1213.77,1258.22,59.56,42.49,57.59,No
104950,2024-07-25 05:00:00,California,Commercial,650.43,615.83,680.62,49.7,47.56,50.38,No
101577,2024-03-06 16:00:00,Texas,Industrial,1642.66,1659.72,1733.18,61.01,31.26,42.38,Yes
104249,2024-06-26 00:00:00,Florida,Residential,602.97,592.27,612.75,56.67,50.13,21.02,No
100214,2024-01-09 21:00:00,California,Residential,915.02,962.62,1000.89,63.92,41.52,48.45,No
100779,2024-02-02 10:00:00,Texas ,Commercial ,1340.03,1481.03,1398.51,47.43,44.97,56.34,Yes
101416,2024-02-28 23:00:00,New York,Commercial,533.82,483.07,544.31,42.17,28.23,40.65,No
103828,2024-06-08 11:00:00,New York,Commercial,938.23,1056.13,996.59,27.6,32.24,29.2,No
102044,2024-03-26 03:00:00,Texas,Residential,898.03,1051.41,944.09,46.45,49.29,36.72,No
102849,2024-04-28 16:00:00,Florida,Residential,712.85,815.54,777.69,58.53,47.21,52.58,No
104578,2024-07-09 17:00:00,California,Residential,971.14,947.93,1100.61,53.7,40.95,49.69,No
103571,2024-05-28 18:00:00,California,Commercial,1186.15,1186.63,1216.41,63.25,49.49,49.7,No
103882,2024-06-10 17:00:00,Texas ,Commercial,1272.75,1283.37,1316.19,51.63,11.48,69.36,No
101568,2024-03-06 07:00:00,Texas,Industrial,1504.12,1685.14,1702.98,63.11,8.66,56.63,Yes
100166,2024-01-07 21:00:00,California,Industrial,1207.07,1140.76,1373.42,67.51,42.33,82.6,No
104758,2024-07-17 05:00:00,California,Industrial,937.78,1066.28,948.19,45.51,32.47,68.12,No
103651,2024-06-01 02:00:00,Texas ,Residential,766.97,818.92,867.96,56.24,13.08,37.7,No
104972,2024-07-26 03:00:00,New York,Industrial,955.95,830.9,893.65,41.52,19.52,62.49,No
101344,2024-02-25 23:00:00,Texas ,Commercial ,685.74,758.2,742.19,65.4,20.34,55.96,No
102014,2024-03-24 21:00:00,Texas,Residential,1096.73,1054.01,1186.72,44.95,34.9,56.41,No
100274,2024-01-12 09:00:00,New York,Commercial ,915.03,897.82,997.01,47.84,27.52,34.55,No
100072,2024-01-03 23:00:00,California,Residential,696.26,703.22,716.12,46.83,29.07,51.64,No
103960,2024-06-13 23:00:00,Texas,Commercial ,955.95,959.96,873.28,58.27,32.02,97.09,No
101088,2024-02-15 07:00:00,Texas,Residential,1147.58,1202.33,1248.97,53.96,34.85,54.69,No
100395,2024-01-17 10:00:00,California,Residential,1054.86,1001.68,1138.12,45.03,40.68,62.59,No
100584,2024-01-25 07:00:00,California,Residential,911.39,841.47,1028.51,51.25,36.63,61.98,No
101368,2024-02-26 23:00:00,New York,Residential,448.16,457.64,450.01,38.66,45.29,60.78,No
1000567,2024-01-24 14:00:00,New York,Residential,937.6252463,864.56,1018.31,54.12,39.03,28.72,No
104685,2024-07-14 04:00:00,California,Industrial,742.54,784.27,806.32,47.34,8.05,87.1,No
102549,2024-04-16 04:00:00,New York,Commercial ,7971.614985,611.12,661.54,51.93,17.07,41.43,No
101014,2024-02-12 05:00:00,California,Industrial,1084.33,1205.16,1155.91,53.98,36.96,22.19,No
104943,2024-07-24 22:00:00,California,Residential,672.66,709.44,684.6,53.62,32.59,70.14,No
103004,2024-05-05 03:00:00,Florida,Residential,786.13,870.97,830.93,62.26,48.81,73.13,No
104833,2024-07-20 08:00:00,Florida,Residential,741.28,671.64,767.92,50.64,30.35,48.63,No
104075,2024-06-18 18:00:00,Texas ,Commercial,1269.38,1242.79,1340.66,65.13,30.75,51.95,No
103762,2024-06-05 17:00:00,Texas ,Residential,1149.07,1249.2,1166.01,60.83,22.22,80.69,No
101764,2024-03-14 11:00:00,New York,Commercial,980.76,1001.3,1017.93,57.65,22.73,71.39,No
101876,2024-03-19 03:00:00,Florida,Commercial,791.98,734.27,906.88,41.66,4.77,60.21,No
101260,2024-02-22 11:00:00,Florida,Residential,955.95,1084.53,1077.87,54.93,48.25,59.24,No
103345,2024-05-19 08:00:00,New York,Industrial,1136.8,1171.54,1232.14,68.82,39.21,71.06,No
104571,2024-07-09 10:00:00,Florida,Commercial,1146.1,1055.66,1238.79,54.9,24.26,60.75,No
102254,2024-04-03 21:00:00,California,Industrial,955.95,1368.63,1418.5,57.37,38.06,73.37,Yes
102782,2024-04-25 21:00:00,California,Residential,1003.7,1162.69,1019.67,55.76,17.11,32.62,No
103661,2024-06-01 12:00:00,Florida,Commercial,935.13,898.91,949.64,48.1,24.65,53.48,No
100527,2024-01-22 22:00:00,New York,Industrial,838.56,920.03,921.61,42.61,26.15,58.43,No
103485,2024-05-25 04:00:00,Florida,Residential,535.21,491.37,576.86,54.23,33.75,55.04,No
102947,2024-05-02 18:00:00,Florida,Industrial,955.95,1392,1461.9,55.56,27.15,42.23,Yes
100378,2024-01-16 17:00:00,Texas,Commercial,1363.3,1427.13,1564.53,57.82,20.91,47.96,Yes
101560,2024-03-05 23:00:00,New York,Industrial,771.48,704.9,828.91,50.9,43.06,33.47,No
103890,2024-06-11 01:00:00,New York,Residential,617.5,719.7,691.85,48.07,39.23,37.03,No
101964,2024-03-22 19:00:00,New York,Residential,804.24,836.62,887.51,42.42,43.26,67.39,No
104777,2024-07-18 00:00:00,Texas,Industrial,1108.09,1184.53,1154.86,50.8,32.84,57.63,No
100349,2024-01-15 12:00:00,New York,Commercial,1185.53,1154.1,1236.41,61.14,19.55,41.57,No
102435,2024-04-11 10:00:00,New York,Residential,887,904.42,927.69,55.97,37.8,59.38,No
102247,2024-04-03 14:00:00,Texas,Residential,1111.49,1241.3,1188.55,73.76,47.2,62.43,No
104204,2024-06-24 03:00:00,New York,Industrial,856.88,809.97,940.89,54.49,33.84,63.63,No
101710,2024-03-12 05:00:00,Texas ,Residential,1098.44,1105.61,1196.13,60.67,20.33,36.15,No
101051,2024-02-13 18:00:00,California,Industrial,1380.45,1449.2,1497.96,54.5,20.19,88.18,Yes
100591,2024-01-25 14:00:00,Texas,Commercial,1394.83,1602.79,1541.13,59.83,22.33,40.84,Yes
100520,2024-01-22 15:00:00,Texas,Residential,1154.35,1219.97,1275.6,52.84,37.23,71.73,No
103381,2024-05-20 20:00:00,New York,Industrial,1334.8,1564.22,1463.31,52.58,55.29,61.8,Yes
104534,2024-07-07 21:00:00,California,Commercial ,991.49,933.29,1042.87,50.29,51.61,49.55,No
104161,2024-06-22 08:00:00,Florida,Industrial,1106.49,1286.06,1126.7,59.9,36.37,54.54,No
102478,2024-04-13 05:00:00,California,Residential,627.28,717.29,655.39,56.24,9.33,64.39,No
101084,2024-02-15 03:00:00,California,Commercial,776.96,733.35,825.9,50.35,31.95,66.49,No
103657,2024-06-01 08:00:00,California,Industrial,1228.67,1288.42,1282.25,52.51,42.49,49.6,No
104823,2024-07-19 22:00:00,New York,Residential,510.85,504.18,560.12,59.35,2,34.16,No
104550,2024-07-08 13:00:00,California,Industrial,1357.83,990.29,1467.51,69.93,51.44,50.52,Yes
101295,2024-02-23 22:00:00,California,Commercial ,657.69,771.16,730.88,65.77,42.21,51.9,No
101810,2024-03-16 09:00:00,Texas,Commercial,1085.12,1091.24,1134.64,73.46,24.94,62.09,No
100792,2024-02-02 23:00:00,Florida,Residential,636.31,625.14,702.94,51.23,39.39,76.83,No
100793,2024-02-03 00:00:00,Florida,Industrial,784.94,827.03,831.53,40.38,18.41,15.16,No
104152,2024-06-21 23:00:00,Texas,Industrial,1138.18,1182.68,1275.01,68.47,34.95,55.39,No
101856,2024-03-18 07:00:00,California,Commercial,1170.54,1332.93,1209.23,68.92,38.42,67.94,Yes
104802,2024-07-19 01:00:00,Texas,Residential,811.86,863.92,854.52,51.67,45.25,63.35,No
101981,2024-03-23 12:00:00,California,Residential,880.79,1028.58,922.53,42.01,37.59,44.38,No
103234,2024-05-14 17:00:00,Texas,Industrial,1700.57,1558.37,1826.11,61.8,27.04,41.85,Yes
103981,2024-06-14 20:00:00,California,Residential,1002.92,1168.49,1037.39,64.71,33.36,47.1,No
104311,2024-06-28 14:00:00,California,Commercial,1012.41,1025.93,1119.21,51.3,31.21,56.75,No
103329,2024-05-18 16:00:00,Texas,Commercial ,1138.03,1230.23,1252.01,59,23.93,49.85,No
101531,2024-03-04 18:00:00,California,Industrial,1421.08,1484.55,1423,56.8,14.91,40.26,Yes
101411,2024-02-28 18:00:00,California,Residential,1122.53,1121.69,1250.67,51.91,11.49,56.83,No
104334,2024-06-29 13:00:00,Florida,Residential,831.29,824.76,836.7,57.29,21.44,49.55,No
104691,2024-07-14 10:00:00,New York,Industrial,976.88,1110.66,1120.34,50.98,26.53,66.78,No
100084,2024-01-04 11:00:00,Texas,Residential,1310.3,1237.26,1453.54,64.53,38.42,56.85,No
100869,2024-02-06 04:00:00,California,Commercial ,726.65,697.89,823.67,55.09,24.81,49.13,No
102351,2024-04-07 22:00:00,Florida,Commercial,569.87,552.98,595.76,48.67,22.43,62.85,No
100021,2024-01-01 20:00:00,Florida,Residential,1035.19,1031.72,1115.96,46.6,24.2,75.83,No
103721,2024-06-04 00:00:00,California,Commercial,702.8,731.49,768.15,73.01,48.64,47.97,No
102796,2024-04-26 11:00:00,Florida,Residential,880,822.15,882.65,56.44,35.81,41.27,No
104613,2024-07-11 04:00:00,New York,Industrial,761.55,881.63,811.35,53.81,29.34,50.02,No
103094,2024-05-08 21:00:00,California,Industrial,1337.53,1493.25,1463.7,59.54,21.29,54.53,Yes
103156,2024-05-11 11:00:00,Florida,Residential,787.58,788.55,896.61,55.09,30.29,49.55,No
100974,2024-02-10 13:00:00,California,Commercial ,950.66,1040.17,1006.91,58.88,31.6,42.56,No
101711,2024-03-12 06:00:00,Texas,Residential,787.32,721.04,877.15,55.09,46.8,57.61,No
103202,2024-05-13 09:00:00,Florida,Commercial,985.56,1050.13,1018.56,48,40.31,56.41,No
104055,2024-06-17 22:00:00,California,Industrial,841.41,897.47,954.41,47.94,31.02,43.06,No
104864,2024-07-21 15:00:00,California,Commercial ,975.19,903.47,1057.99,79.76,37.35,68.92,No
101099,2024-02-15 18:00:00,California,Residential,952.98,970.24,1062.86,61.65,21.98,33.86,No
104199,2024-06-23 22:00:00,New York,Residential,550.64,600.51,574.01,64.69,20.57,59.33,No
102845,2024-04-28 12:00:00,Florida,Commercial ,1033.08,1115.7,1145.44,50.28,40.03,19.45,No
100887,2024-02-06 22:00:00,Texas ,Industrial,1106.91,1171.53,1124.73,60.74,23.2,30.97,No
104977,2024-07-26 08:00:00,Texas,Industrial,1481.07,1458.39,1538.6,60.02,45.55,36.68,Yes
104630,2024-07-11 21:00:00,Florida,Commercial,1051.33,1038.53,1161.58,58.98,43.02,34.22,No
104621,2024-07-11 12:00:00,California,Commercial,1102.71,1199.06,1266.23,47.9,24.98,52.48,No
103633,2024-05-31 08:00:00,New York,Residential,833.03,920,844.58,46.27,32.41,33.49,No
104441,2024-07-04 00:00:00,California,Residential,629.44,650.72,685.4,43.14,2,27.37,No
100516,2024-01-22 11:00:00,Texas,Residential,1206.68,1285.7,1320.22,55.45,26.74,49.33,No
104663,2024-07-13 06:00:00,New York,Commercial,530.53,523.38,579.24,50.69,24.38,35.87,No
100738,2024-01-31 17:00:00,California,Commercial,1028.68,1142.72,1086.59,53.16,33.1,61.46,No
101454,2024-03-01 13:00:00,Florida,Commercial,1060.93,1024.62,1170.7,43.35,41.9,41.49,No
104045,2024-06-17 12:00:00,New York,Commercial,1097.16,1174.17,1231.65,64.7,33.68,58.76,No
104744,2024-07-16 15:00:00,New York,Residential,955.95,852.07,1073.13,41.64,29.75,56.21,No
102507,2024-04-14 10:00:00,California,Commercial,978.05,1123.52,1084.35,70.79,19.5,29.53,No
102995,2024-05-04 18:00:00,Texas,Residential,1023.16,1130.1,1150.8,54.99,26.49,36.55,No
102127,2024-03-29 14:00:00,Florida,Residential,965.96,1009.15,1108.63,43.95,24.72,63.81,No
102927,2024-05-01 22:00:00,California,Commercial ,699.06,815.37,731.05,53.78,31.02,52.91,No
104790,2024-07-18 13:00:00,California,Residential,991.44,1086.65,1000.51,71,16.91,55.51,No
100907,2024-02-07 18:00:00,California,Commercial,1046.15,1014.1,1192.34,63,36.26,61.66,No
104072,2024-06-18 15:00:00,Texas ,Residential,1093.25,1000.19,1191.5,54.47,38.33,52.36,No
101031,2024-02-12 22:00:00,Texas,Industrial,1042.19,984.97,1194.81,58.41,25,52.62,No
102508,2024-04-14 11:00:00,New York,Commercial,801.33,925.26,869.68,61.51,34.22,26.12,No
102429,2024-04-11 04:00:00,California,Residential,687.91,752.4,721.56,68.29,13.77,19.89,No
100948,2024-02-09 11:00:00,New York,Residential,881.89,972.81,9791.911919,68.46,31.92,51.23,No
104905,2024-07-23 08:00:00,New York,Industrial,1133.58,1221.38,1191.77,58.8,20.8,36.57,No
100763,2024-02-01 18:00:00,California,Industrial,1416.77,990.29,1595.27,72.41,22.81,41.49,Yes
100716,2024-01-30 19:00:00,New York,Commercial,902.43,1040.73,946.51,46.86,41.61,62.45,No
100285,2024-01-12 20:00:00,Florida,Industrial,1303.5,1317.51,1429.99,61.2,43.03,16.52,No
100687,2024-01-29 14:00:00,Florida,Industrial,1421.16,1483.3,1546.07,71.21,34.5,74.4,Yes
100704,2024-01-30 07:00:00,Texas,Commercial,1339.74,1413.72,1512.64,57.79,26.21,45.42,Yes
103342,2024-05-19 05:00:00,Florida,Industrial,824.42,869.67,922.9,51.7,27.15,72.91,No
102354,2024-04-08 01:00:00,California,Industrial,845.49,950.06,868.41,36.7,27.83,56.97,No
102258,2024-04-04 01:00:00,New York,Residential,532.87,588.9,587.21,53.96,31.37,47.29,No
103617,2024-05-30 16:00:00,Florida,Industrial,1279.86,1273.56,1344.12,50.91,44.58,41.45,No
100474,2024-01-20 17:00:00,New York,Residential,610.47,694.8,686.33,55.54,27.84,42.98,No
100022,2024-01-01 21:00:00,Texas,Commercial,1388.62,1256.6,1433.85,62.78,23.85,60.5,No
102753,2024-04-24 16:00:00,California,Residential,972.31,916.68,1016.55,39.93,31.67,57.1,No
100886,2024-02-06 21:00:00,Texas,Industrial,1639.64,1629.4,1810.18,56.39,58.31,46.22,Yes
102449,2024-04-12 00:00:00,Texas,Residential,829.78,807.62,872.45,47.3,26.49,78.88,No
100918,2024-02-08 05:00:00,New York,Residential,578.63,602.08,651.55,53.42,32.24,50.63,No
103826,2024-06-08 09:00:00,Texas,Commercial,1109.78,1205.53,1141.88,68.86,20.73,36.82,No
103820,2024-06-08 03:00:00,New York,Commercial,671.02,645.8,744.18,59.36,26.3,41.58,No
102240,2024-04-03 07:00:00,California,Commercial,1018.26,965.22,1113.72,56.66,39.48,74.69,No
104624,2024-07-11 15:00:00,Texas ,Residential,1151.57,1047.41,1212.97,64.17,14.57,31.64,No
103396,2024-05-21 11:00:00,New York,Residential,794.06,779.48,843.32,60.67,34.1,24.62,No
101266,2024-02-22 17:00:00,Texas,Industrial,955.95,1749.04,1848.54,52.14,21.48,77.04,Yes
100484,2024-01-21 03:00:00,Florida,Residential,629.2,569.3,631.96,56.74,14.03,32.79,No
104377,2024-07-01 08:00:00,New York,Residential,859.99,929.07,938.74,33.72,24.27,38.18,No
102964,2024-05-03 11:00:00,New York,Industrial,1174.66,1339.9,1209.17,70.27,30.36,42.31,Yes
101220,2024-02-20 19:00:00,California,Residential,1087.03,1148.47,1153.78,57.03,30.77,29.48,No
100278,2024-01-12 13:00:00,Florida,Commercial,1149.34,1348.69,1318.98,51.23,31.02,37.79,Yes
100989,2024-02-11 04:00:00,California,Residential,571.4,559.04,608.95,44.3,26.83,51.29,No
102085,2024-03-27 20:00:00,Florida,Residential,872.46,947.35,872.95,48.43,17.6,44.67,No
101246,2024-02-21 21:00:00,Florida,Industrial,1189.19,1193.11,1189.28,55.95,30.41,38.96,No
102383,2024-04-09 06:00:00,New York,Industrial,852.32,779.16,959.77,56.95,40.41,59.92,No
100572,2024-01-24 19:00:00,California,Residential,1097.44,1145.99,1236.95,61.17,32.69,77.96,No
101436,2024-02-29 19:00:00,Texas,Industrial,1612.82,1553.75,1778.59,53.18,34.89,36.82,Yes
100994,2024-02-11 09:00:00,Florida,Industrial,1074.07,1034.61,1199.63,51.34,44.82,72.84,No
103516,2024-05-26 11:00:00,New York,Commercial,808.33,766.63,849.2,49.1,39.09,48.49,No
104872,2024-07-21 23:00:00,Texas,Industrial,980.08,991.51,1105.21,54.37,35.27,46.85,No
100586,2024-01-25 09:00:00,California,Residential,1046.72,1226.98,1024.52,73.1,35.69,36.9,No
104145,2024-06-21 16:00:00,New York,Residential,982.63,1157.97,1072.18,56.15,47.42,47.21,No
102515,2024-04-14 18:00:00,Florida,Residential,1144.23,1231.59,1210.23,47.69,27.26,83.24,No
101350,2024-02-26 05:00:00,Texas,Residential,670.09,664.37,695.72,41.24,2.02,53.3,No
101008,2024-02-11 23:00:00,California,Residential,475.89,536.92,534.12,61.08,31.02,6.24,No
100675,2024-01-29 02:00:00,New York,Industrial,775.16,744.37,858.19,48.21,52.25,65.67,No
102413,2024-04-10 12:00:00,New York,Commercial,929.16,959.28,1024.8,62.55,22.32,35.15,No
102904,2024-04-30 23:00:00,New York,Commercial ,636.55,749.59,641.36,58.34,43.78,31.84,No
100448,2024-01-19 15:00:00,Texas ,Industrial,1645.54,1486.61,1785.94,51.63,42.49,40.34,Yes
103538,2024-05-27 09:00:00,New York,Commercial ,1048.96,1070.94,1169.97,61.49,31.02,56.92,No
103827,2024-06-08 10:00:00,New York,Residential,803.52,806.84,885.08,41.1,53.33,35.78,No
103772,2024-06-06 03:00:00,New York,Commercial,634.19,627.9,717.67,52.31,33.02,48.02,No
100360,2024-01-15 23:00:00,Florida,Industrial,870.27,794.88,989.02,54.77,42.06,49.34,No
102065,2024-03-27 00:00:00,Texas,Residential,882.29,794.37,982.68,50.3,17.87,48.63,No
104490,2024-07-06 01:00:00,Florida,Commercial,599.8,618.1,635.28,55.48,16.68,59.7,No
103879,2024-06-10 14:00:00,Florida,Commercial,1027.41,1075.92,1085.48,47.5,29.12,38.67,No
101691,2024-03-11 10:00:00,Texas,Commercial ,1369.48,1391.1,1024.52,54.73,11.96,75.58,Yes
104366,2024-06-30 21:00:00,Texas ,Industrial,1439.5,1476.58,1559.06,55.04,51.22,59.15,Yes
101549,2024-03-05 12:00:00,Texas,Residential,1162.69,1166.95,1332.85,55.09,23.03,46.1,No
101248,2024-02-21 23:00:00,Texas,Commercial ,829.8,832.67,859.08,66.12,46.04,60.49,No
101986,2024-03-23 17:00:00,Texas,Commercial,1083.86,1256.66,1130.46,48.3,36.88,42.1,No
100295,2024-01-13 06:00:00,Texas,Residential,955.95,791.78,709.2,65.01,31.02,55.18,No
101548,2024-03-05 11:00:00,Florida,Industrial,1264.07,1212.33,1378.3,54.11,27.96,38.33,No
102013,2024-03-24 20:00:00,New York,Commercial,803.42,736.21,905.69,59.27,42.09,24.37,No
100589,2024-01-25 12:00:00,Texas,Industrial,1662.12,1571.65,1889.89,63.41,41.62,45.32,Yes
103330,2024-05-18 17:00:00,Texas ,Industrial,1430.61,1562.78,1569.66,60.48,37.73,19.68,Yes
102404,2024-04-10 03:00:00,California,Commercial,660.5,739.53,693.16,60.19,40.16,45.35,No
102130,2024-03-29 17:00:00,New York,Industrial,1190.6,1110.15,1285.96,36.7,31.32,-0.52,No
104428,2024-07-03 11:00:00,Texas,Commercial ,1154.54,1292,1214.69,54.58,24.16,50.49,No
103509,2024-05-26 04:00:00,California,Industrial,767.54,720.64,880.51,56.64,46.39,52.05,No
102411,2024-04-10 10:00:00,Texas ,Commercial,1318.94,1484.16,1409.13,53.63,43.16,31.19,Yes
102720,2024-04-23 07:00:00,Texas,Industrial,1502.17,1728.52,1671.43,59.5,29.81,70.38,Yes
104595,2024-07-10 10:00:00,New York,Commercial,972.92,1133.32,1033.66,63.97,27.85,33.3,No
100426,2024-01-18 17:00:00,Florida,Industrial,1408.09,1545.58,1584.67,46.38,37.58,61.2,Yes
102583,2024-04-17 14:00:00,Florida,Residential,863.05,1011.36,977.73,56.13,43.41,68.77,No
101055,2024-02-13 22:00:00,New York,Commercial ,615.35,604.74,674.79,56.5,38.06,61.71,No
104040,2024-06-17 07:00:00,Florida,Residential,1057.83,1122.77,1203.03,47.77,28.51,8.79,No
104603,2024-07-10 18:00:00,New York,Residential,824.7,965.55,876.61,58.5,39.45,52.97,No
100557,2024-01-24 04:00:00,Texas,Residential,844.47,860.54,935.56,51.57,25.4,52.43,No
104398,2024-07-02 05:00:00,Texas,Industrial,1024.64,989.73,1076.74,60.5,24.8,45.86,No
104011,2024-06-16 02:00:00,Texas,Commercial,774.17,763.59,854.79,50.15,49.16,47.81,No
104756,2024-07-17 03:00:00,California,Commercial,828.2,930.31,879.43,57.97,32.52,49.54,No
102470,2024-04-12 21:00:00,Florida,Commercial,1164.71,1177.88,1284.46,56.6,35.85,68.92,No
100356,2024-01-15 19:00:00,Florida,Commercial,1142.78,1272.49,1274.51,53.06,23.83,53.2,No
101194,2024-02-19 17:00:00,Florida,Industrial,1383.28,1483.96,1496.9,56.58,53.78,76.45,Yes
101717,2024-03-12 12:00:00,Texas,Residential,1253.5,1417.86,1362.01,61.27,23.32,64.34,Yes
103417,2024-05-22 08:00:00,California,Residential,1056.44,1114.29,1099.02,55.09,20.38,21.3,No
102605,2024-04-18 12:00:00,Texas,Commercial,1313.96,1434.64,1370.92,64.74,22.04,45.82,Yes
104167,2024-06-22 14:00:00,California,Commercial ,992.74,1011.23,1079.47,50.53,37.91,35.49,No
102829,2024-04-27 20:00:00,New York,Industrial,903.55,858.03,993.73,47.21,48.59,48.94,No
101705,2024-03-12 00:00:00,New York,Commercial,689.41,788.19,730.75,46.53,30.39,38.75,No
102864,2024-04-29 07:00:00,Florida,Industrial,1404.06,1336.92,1488.26,54.74,13.95,56.88,Yes
102619,2024-04-19 02:00:00,California,Industrial,794.03,905.91,825.41,57.5,19.91,49.62,No
102401,2024-04-10 00:00:00,California,Residential,778.35,853.21,880.58,308.1268891,54.32,45.77,No
102140,2024-03-30 03:00:00,California,Residential,704.91,740.9,778.2,53.32,18.19,22.81,No
103240,2024-05-14 23:00:00,Florida,Residential,611.31,615.55,658.55,56.17,17.76,13.24,No
102384,2024-04-09 07:00:00,New York,Industrial,1211.16,1277.75,1244.51,47.82,4.67,46.36,No
103219,2024-05-14 02:00:00,Texas ,Commercial,932.04,1056.29,974.31,66.97,67.9,28.27,No
104312,2024-06-28 15:00:00,New York,Commercial,965.59,879.75,1107.21,54.93,30.64,61.13,No
101286,2024-02-23 13:00:00,Florida,Industrial,1295.7,1469.11,1461.81,58.69,24.54,42.49,Yes
103865,2024-06-10 00:00:00,Texas,Residential,774.45,876.38,1024.52,51.13,42.62,60.3,No
103910,2024-06-11 21:00:00,California,Industrial,1421.52,1413.07,1579.37,63.08,38.45,47.67,Yes
104509,2024-07-06 20:00:00,Florida,Commercial,869.64,1009.69,970,48.17,43.75,36.08,No
102088,2024-03-27 23:00:00,Texas ,Industrial,950.56,904.78,997.4,58.46,30.14,50.73,No
101890,2024-03-19 17:00:00,New York,Industrial,1156.94,1140.52,1160.8,47.86,24,27.86,No
103572,2024-05-28 19:00:00,Florida,Commercial,1041.9,986.64,1053.4,73.27,12.52,75.95,No
101592,2024-03-07 07:00:00,New York,Commercial,963.07,1125.97,1006.98,61.43,27.35,37.38,No
101347,2024-02-26 02:00:00,California,Commercial,748.16,733.9,754.31,57.41,40.87,41.15,No
104471,2024-07-05 06:00:00,New York,Industrial,803.74,894.5,888.97,58.33,20.69,55.91,No
102163,2024-03-31 02:00:00,New York,Industrial,747.99,682.48,748.22,50.77,15.26,49.55,No
102397,2024-04-09 20:00:00,Texas,Residential,1034.38,1187.02,1071.49,53.41,21.04,37.74,No
103712,2024-06-03 15:00:00,Texas ,Commercial,1481.66,1504.78,1623.34,65.43,11.91,74.97,Yes
102272,2024-04-04 15:00:00,New York,Industrial,1255.15,1422.34,1291.23,58.4,32.01,35.59,Yes
104531,2024-07-07 18:00:00,California,Residential,965.51,928.98,971.15,64.88,34.14,24.12,No
103112,2024-05-09 15:00:00,California,Commercial,1094.1,1250.18,1159.59,56.31,25.11,68.84,No
101138,2024-02-17 09:00:00,New York,Industrial,1140.03,1243.64,1246.15,55.09,17.87,49.55,No
103968,2024-06-14 07:00:00,Texas,Residential,1042.92,1040.48,1112.74,48.2,11.97,48.49,No
100973,2024-02-10 12:00:00,Texas ,Commercial ,1040.07,1149.34,1098.88,55.56,27.65,49.55,No
100796,2024-02-03 03:00:00,California,Commercial ,695.32,803.97,749.76,51.79,24.31,50.25,No
103021,2024-05-05 20:00:00,California,Industrial,1306.85,1328.29,1499.4,62.38,42.41,33.08,No
101712,2024-03-12 07:00:00,Texas,Residential,1228.82,1339.11,1340.76,54.5,14.98,56.39,Yes
103388,2024-05-21 03:00:00,California,Commercial,600.02,610.18,663.72,59.36,35.9,61.59,No
100037,2024-01-02 12:00:00,California,Industrial,1220.79,1399.29,1274.13,55.77,26.9,52.75,Yes
100454,2024-01-19 21:00:00,New York,Commercial,1016.08,1064.53,1137.31,55.09,24.86,55.21,No
100914,2024-02-08 01:00:00,New York,Commercial,678.26,678.88,720.57,55.69,50.33,72.1,No
104126,2024-06-20 21:00:00,Texas ,Industrial,1656.93,1767.52,1763.41,46.06,23.8,28.95,Yes
101200,2024-02-19 23:00:00,Texas,Residential,746.51,859.73,749.54,63.61,28.59,48.34,No
101275,2024-02-23 02:00:00,New York,Industrial,856.4,853.48,883.53,50.54,44.16,49.55,No
102376,2024-04-08 23:00:00,California,Residential,691.47,814.97,714.69,50.98,47.35,44.96,No
100038,2024-01-02 13:00:00,Texas,Industrial,1782.22,2051.09,1024.52,66.04,52.18,37.43,Yes
100975,2024-02-10 14:00:00,Texas,Commercial,1185.11,1329.53,1266.87,72.09,52.16,51.9,No
103196,2024-05-13 03:00:00,Florida,Commercial,728.88,693.9,1024.52,50.01,32.02,32.46,No
100984,2024-02-10 23:00:00,Texas,Residential,660.37,727.59,751.25,48.04,36.38,35.95,No
103977,2024-06-14 16:00:00,New York,Commercial,953.34,1091.13,990.44,49.15,31.23,68.68,No
104119,2024-06-20 14:00:00,Texas,Residential,1666.48,1657.94,1795.58,72.91,45.51,43.94,Yes
101419,2024-02-29 02:00:00,New York,Residential,543.19,505.89,595.15,53.93,21.98,55.69,No
103333,2024-05-18 20:00:00,Texas,Commercial ,1167.52,1274.66,1304.73,57.73,50.19,8.46,No
101561,2024-03-06 00:00:00,New York,Commercial,658.48,665.55,723.98,42.11,24.31,36.58,No
100040,2024-01-02 15:00:00,New York,Industrial,1177.5,1125.44,1307.01,54.41,46.92,42.35,No
101487,2024-03-02 22:00:00,New York,Industrial,638.71,590.94,672.94,40.93,20.79,60.01,No
103955,2024-06-13 18:00:00,California,Commercial,1065.85,1073.33,1136.18,50.31,25.87,53,No
100170,2024-01-08 01:00:00,Florida,Residential,599.64,603.92,603.15,57.52,16.64,42.88,No
101356,2024-02-26 11:00:00,California,Industrial,1334.1,1513.94,1401.87,50.54,32.39,16.02,Yes
102786,2024-04-26 01:00:00,California,Industrial,840.18,819.45,914.88,65.39,15.49,28.8,No
103920,2024-06-12 07:00:00,California,Industrial,1408.05,1368.23,1570.88,65.69,28.21,33.36,Yes
104793,2024-07-18 16:00:00,Texas,Residential,1164.55,1069.36,1259.62,51.88,4.76,49.55,No
104079,2024-06-18 22:00:00,Texas ,Residential,802.18,742.43,900.62,39.07,48.38,37.07,No
102683,2024-04-21 18:00:00,Texas,Industrial,1398.33,1316.66,1432.01,57.52,49.01,70.22,No
104748,2024-07-16 19:00:00,Texas,Commercial,1282.83,1208.66,1293.9,65.91,47.97,36.39,No
101641,2024-03-09 08:00:00,Florida,Residential,857.36,910.5,912.55,45.57,26.81,40.38,No
101291,2024-02-23 18:00:00,New York,Residential,812.93,750.09,827.12,56.25,30.55,42.45,No
101381,2024-02-27 12:00:00,Texas,Industrial,1699.33,1589.65,1800.86,52.87,27.28,59.01,Yes
101934,2024-03-21 13:00:00,Florida,Residential,927,882.97,965.89,55.07,55.52,29.49,No
100580,2024-01-25 03:00:00,California,Residential,635.64,739.27,688.12,62.42,34.89,39.82,No
104259,2024-06-26 10:00:00,New York,Residential,831.13,964.67,929.86,59.76,22.01,49.55,No
103161,2024-05-11 16:00:00,New York,Industrial,975.7,1130.88,997.25,74.48,25.32,69.91,No
102031,2024-03-25 14:00:00,California,Residential,951.64,1076.83,1021.77,48.28,36.58,69.6,No
100893,2024-02-07 04:00:00,California,Industrial,899.55,1001.12,1014.13,59.87,50.19,46.46,No
104025,2024-06-16 16:00:00,Texas ,Industrial,1397.7,1364.48,1489.28,69.1,8.15,33.83,Yes
100781,2024-02-02 12:00:00,Texas ,Residential,1114.43,1118.84,1244.04,64.46,41.11,50.81,No
100160,2024-01-07 15:00:00,Texas ,Residential,980.55,1069.25,1105.66,45.23,31.02,59.3,No
100003,2024-01-01 02:00:00,Texas ,Commercial ,886.27,943.58,956.56,52.56,49.76,60.19,No
102264,2024-04-04 07:00:00,New York,Residential,867.37,854.43,886.96,55.09,22.47,44.42,No
103217,2024-05-14 00:00:00,Texas,Industrial,1094.63,1011.68,1134.28,49.75,37.54,82.55,No
102110,2024-03-28 21:00:00,New York,Commercial,1019.21,992.03,1031.35,55.09,33.42,67.35,No
100850,2024-02-05 09:00:00,Florida,Industrial,1279.82,1460.76,1421.87,71.11,19.06,45.48,Yes
102467,2024-04-12 18:00:00,New York,Commercial ,899.98,946.43,939.7,47.39,23.56,64.44,No
103765,2024-06-05 20:00:00,New York,Residential,880.59,997.64,954.68,49.36,24.25,50.03,No
103719,2024-06-03 22:00:00,New York,Residential,647.83,620.94,731.38,56.21,16.45,55.92,No
101597,2024-03-07 12:00:00,California,Residential,1078.28,1133.22,1085.62,57.74,34.68,49.32,No
101777,2024-03-15 00:00:00,Texas ,Residential,712.29,651.62,805.11,50.89,32.43,57.06,No
101914,2024-03-20 17:00:00,New York, Residential ,946.84,922.18,994.03,49.53,24.12,64.43,No
101044,2024-02-13 11:00:00,Florida,Residential,972.58,970.39,984.43,47.23,43.65,55.94,No
104757,2024-07-17 04:00:00,Texas,Commercial,948.4,1074.64,972.44,48.35,30.05,80.81,No
101545,2024-03-05 08:00:00,New York,Industrial,1289.22,1380.43,1441.06,53.89,37.81,72.26,Yes
102737,2024-04-24 00:00:00,New York,Industrial,733.02,754.05,774.19,59.52,39.86,14.99,No
103775,2024-06-06 06:00:00,Texas ,Industrial,932,967.42,1015.97,64.38,16.8,32.64,No
104889,2024-07-22 16:00:00,Texas,Residential,1124.03,1124.89,1288.7,65.42,42.12,61.81,No
100054,2024-01-03 05:00:00,New York,Residential,483.01,469.57,497.59,41.46,63.52,59.31,No
101797,2024-03-15 20:00:00,Texas ,Industrial,1633.05,1781.68,1826.8,57.56,47.17,44.07,Yes
103589,2024-05-29 12:00:00,Texas,Industrial,1584.24,1768.64,1742.87,66.96,27.76,31.9,Yes
101912,2024-03-20 15:00:00,California,Industrial,1319.37,1453.23,1426.36,78.66,29.23,52.26,Yes
102307,2024-04-06 02:00:00,Texas,Commercial ,856.23,822.47,921.77,48.16,45.46,63.93,No
102554,2024-04-16 09:00:00,New York,Industrial,1273.12,1170.05,1277.12,58.41,37.01,72.34,No
102801,2024-04-26 16:00:00,California,Residential,961.22,883.6,1101.41,59.19,34.55,44.3,No
100937,2024-02-09 00:00:00,Texas,Residential,743.51,841.83,786.05,50.37,11.81,33.22,No
104392,2024-07-01 23:00:00,Florida,Industrial,768.04,817.43,789.98,34.79,26.25,17.65,No
100825,2024-02-04 08:00:00,Florida,Residential,827.01,990.29,855.59,54.63,29.89,46.63,No
104778,2024-07-18 01:00:00,California,Industrial,927.52,1013.16,940.77,48.95,17.89,55.12,No
103179,2024-05-12 10:00:00,California,Residential,801.29,858.13,849.63,46.43,25.16,72.78,No
103402,2024-05-21 17:00:00,Texas,Industrial,1627.29,1631.03,1866.64,54.19,27.8,70.2,Yes
101390,2024-02-27 21:00:00,New York,Industrial,1253.96,1343.44,1438.82,58.38,35.12,28.91,Yes
103565,2024-05-28 12:00:00,New York,Industrial,1409.7,1362.98,1466.06,53.5,11.79,60.87,Yes
104922,2024-07-24 01:00:00,Texas ,Commercial ,814.02,791.19,911.38,43.14,56.49,30.65,No
100885,2024-02-06 20:00:00,California,Industrial,1286.75,1311.78,1405.35,57.52,32.11,23.45,No
103874,2024-06-10 09:00:00,California,Residential,1027.86,1153.26,1177.72,62.03,39.53,66.72,No
103647,2024-05-31 22:00:00,New York,Commercial,648.23,645.47,653.49,55.84,12.62,48.05,No
101608,2024-03-07 23:00:00,California,Industrial,942.71,900.85,1080.99,40.23,33.06,42.52,No
101595,2024-03-07 10:00:00,Texas ,Residential,1127.3,1151.5,1227.02,53.62,38.99,80.82,No
100772,2024-02-02 03:00:00,California,Residential,756.39,833.45,860.7,61.82,32.07,51.47,No
102612,2024-04-18 19:00:00,Texas,Residential,1187.51,1068.97,1337.93,55.74,34,49.81,No
103933,2024-06-12 20:00:00,Florida,Residential,978.16,1111.42,1060.49,51.11,47.34,42.78,No
102274,2024-04-04 17:00:00,Texas ,Residential,1210.67,1361.95,1292.92,49.08,30.2,69.39,Yes
101869,2024-03-18 20:00:00,Texas,Industrial,1670.71,1643.84,1785.56,58.44,37.66,46.47,Yes
101086,2024-02-15 05:00:00,New York,Commercial,742.03,688.37,836.87,52.54,36.05,55.19,No
100011,2024-01-01 10:00:00,Texas,Residential,1209.28,1267.56,1326.51,63.24,15.72,58.05,No
103680,2024-06-02 07:00:00,New York,Residential,722.36,689.71,765.8,53.21,41.02,48.54,No
101326,2024-02-25 05:00:00,California,Residential,587.59,588.04,664.89,60.62,22.4,40.83,No
103391,2024-05-21 06:00:00,California,Industrial,943.26,1020.29,954.15,54.15,52.51,46.24,No
101464,2024-03-01 23:00:00,Texas ,Commercial,870.06,827.79,921.92,62.91,25.25,55.88,No
100807,2024-02-03 14:00:00,New York,Commercial,863.39,778.03,964.31,55.23,9.11,44.88,No
103804,2024-06-07 11:00:00,New York,Industrial,1296.74,1193.22,1347.33,57.85,35.32,40.49,No
104059,2024-06-18 02:00:00,California,Residential,600.21,626.72,603.8,53.12,6.27,46.77,No
103840,2024-06-08 23:00:00,Texas ,Residential,694.28,755.29,729.28,55.6,25.6,73.49,No
102109,2024-03-28 20:00:00,California,Commercial ,1047.4,1108.71,1096.15,52.62,26.2,31.06,No
104275,2024-06-27 02:00:00,Florida,Residential,497.6,455.03,1024.52,55.95,24.93,55.22,No
102235,2024-04-03 02:00:00,Texas ,Commercial,792.6,736.07,825.43,61.73,24.6,70.7,No
103212,2024-05-13 19:00:00,Texas ,Residential,1250.3,1204.34,1258.15,66.36,38.25,43.71,No
100964,2024-02-10 03:00:00,New York,Residential,396.83,424.95,407.2,40.3,36.16,19.56,No
103416,2024-05-22 07:00:00,Florida,Residential,893.68,808.73,920.44,46.83,16.25,55.31,No
103822,2024-06-08 05:00:00,New York,Industrial,625.21,569.77,678.79,47.79,36.45,28.35,No
100399,2024-01-17 14:00:00,Texas ,Commercial,1300.33,1362.31,1494.89,59.58,36.48,49.55,Yes
102633,2024-04-19 16:00:00,Texas,Commercial,1284.24,1294.82,1416.3,58.74,34.7,76.63,No
104896,2024-07-22 23:00:00,Texas,Residential,780.59,894.19,857.92,59.99,26.12,47.29,No
102997,2024-05-04 20:00:00,Texas,Residential,946.81,942.18,1037.74,52.71,29.11,48.04,No
100705,2024-01-30 08:00:00,Texas,Industrial,1664.86,1785.25,1714.44,55.99,18.09,31.95,Yes
100432,2024-01-18 23:00:00,Texas ,Residential,853.32,983.54,906.32,62.15,52.2,38.05,No
100293,2024-01-13 04:00:00,California,Residential,571.23,634.79,584.84,52,15.66,66.94,No
104978,2024-07-26 09:00:00,California,Commercial ,1155.64,1247.12,1186.92,54.52,31.52,46.18,No
100146,2024-01-07 01:00:00,Texas,Commercial ,808.97,839.16,854.14,60.61,31.2,52.18,No
104184,2024-06-23 07:00:00,California,Residential,874.04,904.62,888.58,59.36,31.02,49.55,No
102034,2024-03-25 17:00:00,New York,Industrial,1149.05,1218,1237.08,52.3,26.63,46.53,No
104245,2024-06-25 20:00:00,New York,Industrial,1173.08,1353.08,1257.28,58.18,32.08,68.6,Yes
101166,2024-02-18 13:00:00,California,Industrial,1177.34,1358.36,1285.21,50.69,29.57,23.81,Yes
103501,2024-05-25 20:00:00,California,Commercial,959.86,1039.62,991.17,43.78,16.82,49.42,No
102051,2024-03-26 10:00:00,New York,Commercial ,1022.41,1123.09,1097.54,53.63,26.21,46.3,No
102625,2024-04-19 08:00:00,New York,Industrial,1210.85,1394.32,1246.36,57.19,28.51,60.39,Yes
104418,2024-07-03 01:00:00,Texas,Commercial,888.13,832.45,997.92,45.02,30.58,77.43,No
100340,2024-01-15 03:00:00,Texas,Residential,716.28,839.92,749.29,46.52,48.24,69.07,No
103951,2024-06-13 14:00:00,Texas,Commercial,1342.95,1257,1363.81,63.84,46.87,40.7,No
103741,2024-06-04 20:00:00,New York,Industrial,1219.87,1320.6,1387.38,47.42,5.92,49.55,No
102974,2024-05-03 21:00:00,Texas ,Industrial,1664.63,1798.58,1736.32,69.17,29.97,49.55,Yes
100266,2024-01-12 01:00:00,Texas ,Industrial,1260.53,1168.35,1280.46,47.4,48.83,58.65,No
102425,2024-04-11 00:00:00,California,Industrial,907.29,1003.63,962.91,52.16,40.99,54.02,No
101263,2024-02-22 14:00:00,California,Residential,1041.12,1154.56,1175,51.25,13.79,65.78,No
101772,2024-03-14 19:00:00,California,Commercial ,1127.75,1297.87,1279.86,58.56,23.08,39.28,No
103512,2024-05-26 07:00:00,Texas,Residential,913.27,838.05,914.1,58.36,42.27,43.24,No
100272,2024-01-12 07:00:00,California,Residential,1079.65,1220.38,1118.5,71.54,32.35,73.75,No
100697,2024-01-30 00:00:00,California,Commercial,694.88,783.47,769.75,44.2,43.88,68.12,No
100748,2024-02-01 03:00:00,Florida,Industrial,838.46,848.14,1024.52,49.07,25.7,42.1,No
100245,2024-01-11 04:00:00,Texas,Residential,849.49,819.76,860.68,48.84,39.22,88.01,No
100318,2024-01-14 05:00:00,Texas,Industrial,805,779.44,846.31,50.7,30.04,44.61,No
100477,2024-01-20 20:00:00,California,Commercial,1066.31,1148.8,1190.25,47.73,32.05,40.78,No
102033,2024-03-25 16:00:00,New York,Industrial,1238.7,1391.58,1322.77,60.18,34.73,53,Yes
100958,2024-02-09 21:00:00,Texas,Commercial,1321.12,1486.5,1433.09,63.92,10.7,35.76,Yes
103886,2024-06-10 21:00:00,New York,Residential,889.06,883.13,980.81,45.79,22.76,62.33,No
100814,2024-02-03 21:00:00,New York,Commercial,828.74,894.84,888.23,55.19,19.56,66.96,No
104278,2024-06-27 05:00:00,California,Industrial,838.79,951.68,952.42,52.25,40.95,59.87,No
101915,2024-03-20 18:00:00,New York,Commercial,957.34,885.11,1096.04,61.59,23.05,57.81,No
104644,2024-07-12 11:00:00,Texas,Residential,1170.17,1183.89,1317.78,52.09,36.11,63.63,No
103488,2024-05-25 07:00:00,Texas,Industrial,1479.22,1661.01,1533.31,58.97,42.7,48.34,Yes
101298,2024-02-24 01:00:00,Texas,Residential,777.44,727.37,802.59,57.25,29.57,33.45,No
104104,2024-06-19 23:00:00,Texas,Residential,776.29,723.85,837.48,52.79,35.77,57.83,No
101805,2024-03-16 04:00:00,California,Commercial,671.71,638.15,746.34,52.27,33.57,53.11,No
100759,2024-02-01 14:00:00,New York,Commercial,970.44,913.44,1004.3,45.89,42.4,38.27,No
100251,2024-01-11 10:00:00,California,Commercial,1132.87,1035.22,1135.55,65.63,43.11,52.28,No
102462,2024-04-12 13:00:00,California,Commercial,1055,1139.33,1209.99,55.42,38.69,64.51,No
100546,2024-01-23 17:00:00,New York,Residential,818.67,782.57,825.4,45.31,15.01,51.69,No
103242,2024-05-15 01:00:00,New York,Residential,955.95,714.1,764.3,65.73,28.74,70.05,No
100739,2024-01-31 18:00:00,New York,Residential,907.1,1000.92,915.68,66.55,57.15,43.5,No
100311,2024-01-13 22:00:00,New York,Commercial,598.14,543.16,667.73,60.49,43.25,71.87,No
103849,2024-06-09 08:00:00,Texas ,Commercial,1174.49,990.29,1288.48,67.35,18.12,21.78,No
102942,2024-05-02 13:00:00,Florida,Residential,876.93,935.44,931.16,57.13,34.89,22.9,No
101132,2024-02-17 03:00:00,New York,Residential,488.97,568,512.83,58.66,31.02,58.75,No
101450,2024-03-01 09:00:00,Texas ,Industrial,1603.43,1724.74,1637.94,56.51,38.21,62.48,Yes
104965,2024-07-25 20:00:00,New York,Industrial,1183.62,1142.37,1235.99,63.33,22.01,46.47,No
100016,2024-01-01 15:00:00,California,Residential,997.65,1042.09,1082.24,48.3,18.48,53.16,No
103233,2024-05-14 16:00:00,California,Commercial ,1126.07,1077.93,1222.33,53.11,38.98,33.06,No
102770,2024-04-25 09:00:00,Texas ,Residential,1148.45,1049.99,1250.56,55.97,32.57,44.01,No
103469,2024-05-24 12:00:00,California,Commercial,1018.67,1062.52,1119.17,50.14,30.91,27.11,No
100921,2024-02-08 08:00:00,California,Residential,1022.25,1125.74,1153.34,70.78,32.22,49.67,No
103030,2024-05-06 05:00:00,Florida,Commercial ,675.22,753.1,719.71,42.34,38.12,44.37,No
101373,2024-02-27 04:00:00,California,Residential,830.37,842.87,914.02,37.35,21.76,35.32,No
103588,2024-05-29 11:00:00,Texas ,Residential,1115.91,1315.68,1179.64,60.64,19.26,62.49,No
102545,2024-04-16 00:00:00,Texas,Residential,810.64,956.52,825.03,70.28,44.78,38.65,No
103599,2024-05-29 22:00:00,New York,Industrial,768.91,850.95,795.22,48.1,25.67,39.8,No
100039,2024-01-02 14:00:00,Texas ,Residential,1284.7,1242.09,1449.88,50.47,24.57,63.92,No
100364,2024-01-16 03:00:00,Florida,Residential,617.59,564.92,709.24,36.17,10.82,30.52,No
104138,2024-06-21 09:00:00,California,Commercial,950.66,1045.26,994.73,40.84,19.81,48.52,No
100183,2024-01-08 14:00:00,New York,Residential,839.62,793.22,910.22,52.07,21.89,74.69,No
103034,2024-05-06 09:00:00,Texas,Residential,1194.17,1241.94,1207,70.62,18.65,63.26,No
102984,2024-05-04 07:00:00,California,Residential,893.57,827.04,902.42,43.28,34.92,69.06,No
101195,2024-02-19 18:00:00,Texas,Residential,1266.57,1336.2,1434.82,55.81,29.06,61.63,Yes
102853,2024-04-28 20:00:00,California,Commercial ,824.05,789.21,919.84,54.63,43.89,38.36,No
103835,2024-06-08 18:00:00,New York,Industrial,1002.25,1038.83,1089.37,51.09,31.77,55.66,No
101122,2024-02-16 17:00:00,New York,Residential,978.52,1135.92,1111.3,55.51,31.04,47.39,No
102236,2024-04-03 03:00:00,Florida,Industrial,821.89,887.6,929.07,44.04,49.04,77.87,No
102668,2024-04-21 03:00:00,Texas ,Residential,728.19,737.06,799.72,72.17,32.44,54.39,No
103768,2024-06-05 23:00:00,New York,Residential,538.33,495.77,549.92,45.42,32.34,59.44,No
103224,2024-05-14 07:00:00,Texas,Commercial ,1332.93,1257.76,1456.35,61.85,25.91,38.72,No
101183,2024-02-19 06:00:00,Florida,Residential,613.99,623.36,646.29,49.84,51.42,36.51,No
104222,2024-06-24 21:00:00,Florida,Residential,1294.84,1352.21,1373.96,57.51,31.02,48.31,Yes
104333,2024-06-29 12:00:00,New York,Commercial,794.15,910.77,880.62,55.09,33.33,60.28,No
100615,2024-01-26 14:00:00,California,Commercial,1074.4,1254,1169.42,74.9,31.02,63.61,No
104954,2024-07-25 09:00:00,Texas ,Commercial,1282.56,1267.39,1369.62,69.28,23.49,59.89,No
101467,2024-03-02 02:00:00,New York,Industrial,669.43,682.83,678.81,53.44,14.72,55.76,No
100402,2024-01-17 17:00:00,New York,Industrial,1164.8,1232.38,1251.19,70.62,29.81,49.55,No
103043,2024-05-06 18:00:00,Texas,Residential,1232.21,1305.09,1372.39,66.87,23.29,33.35,No
100935,2024-02-08 22:00:00,Texas,Commercial,906.92,831.99,973.42,45.29,33.79,39.86,No
102420,2024-04-10 19:00:00,New York,Residential,1007.93,1170.98,1076.33,36,12.93,51.01,No
104103,2024-06-19 22:00:00,Florida,Commercial,667.49,672.56,682.31,51.04,29.19,34.72,No
104555,2024-07-08 18:00:00,New York,Residential,846.41,817.9,876.14,57.22,41.87,38.47,No
102642,2024-04-20 01:00:00,Texas,Commercial,769.65,723.48,778.57,55.09,15.78,37.52,No
104092,2024-06-19 11:00:00,California,Residential,903.18,924.77,1009.81,53.17,35.09,60.87,No
100727,2024-01-31 06:00:00,Texas,Residential,756.93,863.81,854.81,44.4,33.34,75.61,No
100827,2024-02-04 10:00:00,California,Industrial,1406.46,1324.34,1455.02,46.05,36.76,44.97,No
101522,2024-03-04 09:00:00,New York,Residential,892.22,995.08,987.04,57.47,27.62,45.6,No
104789,2024-07-18 12:00:00,New York,Industrial,1272.2,1345.36,1417.66,55.05,24.97,51.7,Yes
102931,2024-05-02 02:00:00,Florida,Commercial ,782.13,776.03,860.46,36.31,20.52,40.59,No
100137,2024-01-06 16:00:00,California,Industrial,1043.05,1008.56,1173.24,55.09,34.54,55.98,No
103591,2024-05-29 14:00:00,New York,Commercial ,913.1,927.72,996.16,38.58,39.8,54.59,No
100629,2024-01-27 04:00:00,Texas,Industrial,1003.75,1054.04,1107.11,68.61,33.06,48.07,No
100335,2024-01-14 22:00:00,Texas,Industrial,1006.73,947.98,1144.45,46.36,4.99,50.3,No
100391,2024-01-17 06:00:00,New York,Residential,567.6,593.37,572.99,47.16,39.99,48.88,No
1004171,2024-06-22 18:00:00,Texas,Commercial,1143.767689,1086.71,1290.91,44.01,57.9,46.27,No
104921,2024-07-24 00:00:00,New York,Commercial,726.75,673.46,752.92,40.86,37.98,66.67,No
103902,2024-06-11 13:00:00,New York,Industrial,1198.22,1188.47,1310.21,66.37,34.46,60.45,No
101818,2024-03-16 17:00:00,Texas ,Industrial,1360.72,1267.68,1486.88,61.2,22.14,48.12,No
100401,2024-01-17 16:00:00,Texas,Commercial,1407,1565.59,1492.33,70.16,33.13,51.58,Yes
100711,2024-01-30 14:00:00,Texas ,Residential,1157.66,1281.53,1304.97,59.25,42.61,41.82,No
101040,2024-02-13 07:00:00,California,Commercial ,1092.54,1133.09,1183.25,56.72,38.81,49.55,No
104064,2024-06-18 07:00:00,California,Commercial,1038.15,1053.04,1024.52,63.18,31.69,32.12,No
103360,2024-05-19 23:00:00,Texas ,Residential,616.41,563.93,695.1,59.99,21.63,60.86,No
100047,2024-01-02 22:00:00,California,Industrial,968.3,1024.37,970.97,55.09,10.06,70.08,No
101562,2024-03-06 01:00:00,California,Commercial,720.6,820.79,774.36,66.57,51.13,28.23,No
1003897,2024-06-11 08:00:00,Texas,Commercial,1217.557665,1093.67,1317.43,51.02,52.93,49.55,No
103643,2024-05-31 18:00:00,New York,Commercial,983.9,999.7,1117.45,40.63,24.92,63.47,No
103727,2024-06-04 06:00:00,Texas,Commercial,812.98,875.48,868.62,62.28,33.38,56.79,No
104969,2024-07-26 00:00:00,New York,Residential,605.49,661.25,682.81,46.69,19.21,52.28,No
101113,2024-02-16 08:00:00,California,Industrial,1201.14,1279.85,1323.73,50.27,21.2,61.35,No
102514,2024-04-14 17:00:00,Florida,Residential,801.7,813.24,883.83,56.05,16.54,62.7,No
103609,2024-05-30 08:00:00,New York,Residential,951.03,861.29,960.34,59.05,39.54,65.68,No
101224,2024-02-20 23:00:00,New York,Commercial,634.61,712.39,729.43,55.09,22.21,46.44,No
104902,2024-07-23 05:00:00,New York,Commercial,567.69,596.35,636.73,49.67,41.19,24.89,No
103024,2024-05-05 23:00:00,California,Commercial,619.57,990.29,685.15,59.35,11.46,55.84,No
102422,2024-04-10 21:00:00,Texas,Residential,1226.44,1252.62,1324.54,51.56,52.12,43.96,No
101509,2024-03-03 20:00:00,Florida,Commercial ,898.69,868.58,911.39,42,43.04,41.01,No
101751,2024-03-13 22:00:00,Florida,Commercial,761.82,840.12,843.03,49.49,49.82,62.28,No
104882,2024-07-22 09:00:00,New York,Industrial,1107.35,1047.27,1174.29,57.42,27.14,52.34,No
104586,2024-07-10 01:00:00,New York,Commercial ,624.86,672.44,656.78,41.9,33.16,35.77,No
101800,2024-03-15 23:00:00,Texas,Industrial,969.2,1026.71,1099.74,57.84,40.51,49.03,No
100339,2024-01-15 02:00:00,New York,Industrial,889.61,1030,1009.87,51.46,46.07,56.92,No
100216,2024-01-09 23:00:00,California,Industrial,885.06,999.23,959.74,37.1,27.66,62.88,No
101342,2024-02-25 21:00:00,New York,Residential,764.87,709.97,793.38,57.12,4.6,17.38,No
100012,2024-01-01 11:00:00,New York,Residential,910.71,1061.62,1036.84,49.47,35.52,46.64,No
101521,2024-03-04 08:00:00,Texas,Residential,1206.49,1349.62,1338.01,45.97,8.14,53.06,Yes
103641,2024-05-31 16:00:00,California,Commercial ,1060.81,1165.49,1114.57,36.68,23.04,46.99,No
104010,2024-06-16 01:00:00,Texas,Residential,934.62,1065.25,1056.42,54.32,32.74,34.86,No
104985,2024-07-26 16:00:00,Florida,Commercial ,1058.81,1230.91,1120.84,68.98,28.92,46.21,No
103005,2024-05-05 04:00:00,Florida,Industrial,745.1,739.63,750.11,55.09,33.22,59.81,No
102865,2024-04-29 08:00:00,New York,Commercial,1067.17,1059.65,1093.99,64.44,32.24,33.39,No
103116,2024-05-09 19:00:00,California,Commercial,1107.47,1305.76,1167.55,43.25,35.19,51.12,No
104885,2024-07-22 12:00:00,Texas,Residential,1163.53,1088.61,1332.64,46.43,17.5,57.2,No
102323,2024-04-06 18:00:00,Florida,Industrial,1010.01,1064.69,1066.36,58.93,38.01,51.45,No
102572,2024-04-17 03:00:00,New York,Industrial,790.6,810.61,823.24,78.2,31.31,50.36,No
102914,2024-05-01 09:00:00,New York,Residential,887.97,1039.22,965.8,63.22,27.25,74.53,No
100102,2024-01-05 05:00:00,Florida,Industrial,820.06,792.61,872.61,56.77,30.4,64.63,No
103550,2024-05-27 21:00:00,Florida,Residential,841.25,808.53,952.21,56.52,31.08,38.58,No
101459,2024-03-01 18:00:00,California,Residential,971.82,933.9,1062.34,41.51,27.16,24.6,No
100172,2024-01-08 03:00:00,Texas,Industrial,1109.86,1251.75,1245.94,62.31,27.6,37.35,No
100108,2024-01-05 11:00:00,Texas ,Residential,1284.87,1220.86,1382.54,54.8,46.8,59.88,No
104273,2024-06-27 00:00:00,Texas,Residential,646.67,642.51,654.89,41.86,30.75,81.21,No
103570,2024-05-28 17:00:00,California,Commercial,1110.48,1251.94,1255.59,58.47,24.98,24.26,No
1000040,2024-01-02 15:00:00,New York,Industrial,1172.473926,1125.44,1307.01,54.41,46.92,42.35,No
104335,2024-06-29 14:00:00,New York,Commercial,839.91,851.62,941.02,56.05,12.3,27.08,No
100025,2024-01-02 00:00:00,New York,Industrial,763.9,819.44,859.18,58.49,29.11,44.01,No
103932,2024-06-12 19:00:00,California,Residential,957.41,883.43,1052.82,39.71,18.31,34.93,No
104160,2024-06-22 07:00:00,Florida,Commercial,942.46,1108.27,1068.72,59.55,38.22,48.67,No
100939,2024-02-09 02:00:00,Texas,Residential,871.31,9193.240659,981.28,55.13,26.01,43.71,No
100061,2024-01-03 12:00:00,New York,Industrial,1155.02,1183.09,1251.75,69.67,39.29,70.04,No
101241,2024-02-21 16:00:00,California,Residential,1364.89,1389.56,1485.34,47.89,26.16,61.16,Yes
104680,2024-07-13 23:00:00,Florida,Commercial,531.91,590.91,575.72,67.69,40.25,40.54,No
101041,2024-02-13 08:00:00,Florida,Industrial,1391.99,1295.83,1408.27,68.35,26.07,49.55,No
104225,2024-06-25 00:00:00,Florida,Commercial ,747.22,775.12,828.24,47.92,31.84,63.82,No
102761,2024-04-25 00:00:00,Texas,Industrial,1157.28,1360.17,1250.98,47.66,44.14,71.79,Yes
102121,2024-03-29 08:00:00,California,Industrial,1465.41,1636.44,1627.27,54.36,32.58,83.51,Yes
101525,2024-03-04 12:00:00,New York,Residential,930.47,1082.66,1021.71,52.52,32.01,61.58,No
103522,2024-05-26 17:00:00,New York,Commercial,889.73,1012.71,968.75,49.04,44.4,31.23,No
100154,2024-01-07 09:00:00,New York,Residential,737.32,826.09,845.38,64.43,41.64,70.28,No
102249,2024-04-03 16:00:00,Florida,Residential,837.39,869.6,863.15,46,38.08,47.91,No
100482,2024-01-21 01:00:00,Texas ,Commercial,777.59,781.69,839.35,58.09,23.99,38.27,No
104272,2024-06-26 23:00:00,New York,Industrial,808.68,748.92,825.7,49.96,18.13,46.97,No
104403,2024-07-02 10:00:00,California,Industrial,1449.18,1363.07,1493.62,51.21,39.73,42.77,Yes
103579,2024-05-29 02:00:00,Texas ,Commercial,777.88,760.98,782.34,37.82,23.5,71.64,No
104163,2024-06-22 10:00:00,Florida,Residential,796.74,771.96,822.25,51.45,27.09,24.77,No
103563,2024-05-28 10:00:00,Texas,Residential,1149.97,1121.64,1246.03,48.4,38.77,80.33,No
103316,2024-05-18 03:00:00,Texas ,Commercial,829.96,961.51,862.33,40.55,28.32,60.33,No
101763,2024-03-14 10:00:00,Texas,Residential,1165.08,1210.08,1311.81,59.32,19.7,78.48,No
103539,2024-05-27 10:00:00,Texas ,Industrial,1649.13,1632.38,1895.55,66.53,49.62,24.08,Yes
104848,2024-07-20 23:00:00,Texas,Commercial,705.92,657.25,740.65,50.76,19.4,46.4,No
100751,2024-02-01 06:00:00,Texas,Commercial,790.23,831.52,1024.52,56.01,19.44,46.79,No
103620,2024-05-30 19:00:00,Texas,Residential,1169.06,1310.67,1238.08,63.68,9.53,59.05,No
101786,2024-03-15 09:00:00,New York,Commercial ,1030.48,975.45,1096.78,65.26,30.48,34.31,No
104310,2024-06-28 13:00:00,California,Commercial,1031.81,964.72,1039.31,55.09,25.19,62.18,No
103384,2024-05-20 23:00:00,California,Commercial ,700.7,661.66,732.65,55.23,33.94,35.41,No
104792,2024-07-18 15:00:00,New York,Industrial,1204.41,1095.32,1298.84,71.56,31.31,53.83,No
100406,2024-01-17 21:00:00,New York,Commercial ,1017.88,990.29,1086.42,52.23,27.97,67.76,No
100758,2024-02-01 13:00:00,Florida,Commercial,1157.11,1227.33,1171.26,53.17,17.92,52.61,No
102712,2024-04-22 23:00:00,Florida,Commercial,955.95,867.46,780.48,47.67,18.14,58.75,No
102671,2024-04-21 06:00:00,Florida,Residential,428.29,496.43,459.46,45.13,8.56,36.41,No
104057,2024-06-18 00:00:00,California,Commercial ,813.26,942.94,1024.52,54.86,25.9,56.74,No
100098,2024-01-05 01:00:00,New York,Commercial,579.41,532.58,658.71,55.09,36.69,60.6,No
101334,2024-02-25 13:00:00,New York,Industrial,1043.86,972.24,1155.85,56.74,42.09,56.06,No
104564,2024-07-09 03:00:00,Texas,Industrial,1055.48,1122.58,1114.97,56.47,59.69,46.34,No
102792,2024-04-26 07:00:00,New York,Residential,930.66,898.38,977.69,53.17,33.61,56.63,No
102855,2024-04-28 22:00:00,Texas,Industrial,955.95,1000.15,941.16,51.82,24.28,70.64,No
100187,2024-01-08 18:00:00,California,Residential,868.5,1011.88,925.85,33.6,16.72,32.07,No
104078,2024-06-18 21:00:00,California,Residential,905.8,986.83,937.46,57.06,35.79,66.6,No
102724,2024-04-23 11:00:00,New York,Residential,961.93,1080.93,1028.31,69.6,10.58,58.1,No
103584,2024-05-29 07:00:00,California,Residential,966.29,1127.45,1103.73,61.13,21.81,59.5,No
102059,2024-03-26 18:00:00,Texas ,Commercial ,1354.79,1446.35,1365.25,72.35,12.65,41.62,Yes
101320,2024-02-24 23:00:00,Texas,Residential,658.65,750.08,678.12,46.4,43.09,32.25,No
104237,2024-06-25 12:00:00,Texas,Residential,1184.71,1196.59,1313.94,56.55,42.01,70.59,No
100149,2024-01-07 04:00:00,Texas,Industrial,854.03,883.59,879.48,30.11,45.54,19.1,No
100029,2024-01-02 04:00:00,Florida,Residential,643.59,661.99,704.45,28.83,39.21,76.4,No
104178,2024-06-23 01:00:00,California,Commercial ,665.04,743.11,686.05,49.52,31.02,50.76,No
104084,2024-06-19 03:00:00,Texas ,Residential,759.44,889.49,837.18,53.97,21.42,61.01,No
103364,2024-05-20 03:00:00,California,Commercial,634.36,654.02,638.51,46.89,36.4,36.14,No
100693,2024-01-29 20:00:00,Florida,Residential,1075.83,1035.79,1150.05,47.71,52.03,38.12,No
102867,2024-04-29 10:00:00,Florida,Residential,753.79,831.75,798.05,60.43,24.66,50.08,No
103777,2024-06-06 08:00:00,California,Industrial,1366.09,1478.87,1366.77,63.62,7.8,44.56,Yes
101387,2024-02-27 18:00:00,California,Industrial,1392.84,1299.49,1599.01,48.14,39.3,51.36,No
101846,2024-03-17 21:00:00,California,Residential,920.11,975.81,964.14,55.35,31.75,31.09,No
104775,2024-07-17 22:00:00,California,Commercial ,620.2,582.67,690.82,49.45,38.64,54.46,No
100130,2024-01-06 09:00:00,Florida,Commercial ,929.39,868.36,1024.52,54.3,34.32,77.23,No
101600,2024-03-07 15:00:00,New York,Industrial,1304.23,1320.33,1426.22,43.51,32.27,29.87,No
103630,2024-05-31 05:00:00,Florida,Residential,561.44,553.04,639.2,33.04,47.42,35.5,No
104544,2024-07-08 07:00:00,California,Industrial,1271.42,1497.69,1301.22,71.97,29.42,52.11,Yes
100702,2024-01-30 05:00:00,Texas,Commercial,811.46,923.47,831.08,45.83,29.37,49.9,No
104056,2024-06-17 23:00:00,Texas,Industrial,1034.09,1089.33,1034.6,68.32,35.38,38.94,No
103029,2024-05-06 04:00:00,Texas ,Industrial,998.03,1117.84,1018.6,60.38,45.59,44.75,No
102970,2024-05-03 17:00:00,New York,Commercial ,1004.68,1083.89,1071.69,62.63,18.06,43.89,No
104396,2024-07-02 03:00:00,California,Residential,736.94,818.44,786.01,52.46,28.25,33.61,No
101709,2024-03-12 04:00:00,Florida,Residential,530.47,567.65,570.67,65.06,36.46,73.18,No
102954,2024-05-03 01:00:00,New York,Residential,548.22,641.35,583.6,48.5,34.71,28.89,No
100455,2024-01-19 22:00:00,Texas,Residential,921.57,882.06,970.46,62.94,50.56,63.18,No
102869,2024-04-29 12:00:00,California,Commercial,1154.16,1208.6,1286.47,61.62,4.81,68.75,No
102041,2024-03-26 00:00:00,California,Commercial ,686.36,684.19,719.24,34.1,24.1,47.06,No
101773,2024-03-14 20:00:00,New York,Industrial,1129.23,1124.3,1173.38,67.24,37.4,61.28,No
102316,2024-04-06 11:00:00,Texas,Industrial,1367.27,1265.59,1435.27,53.84,19.13,74.12,No
100610,2024-01-26 09:00:00,Texas ,Commercial,1351.08,1557.8,1400.95,55.78,2.09,43.88,Yes
100168,2024-01-07 23:00:00,California,Residential,636.01,690.22,718.7,51.98,31.18,60.8,No
100731,2024-01-31 10:00:00,Texas,Commercial ,1226.19,1218.25,1358.41,48.59,42.46,74.58,No
104288,2024-06-27 15:00:00,Florida,Commercial ,1022.31,1152.26,1156.53,53.55,29.06,80.44,No
103359,2024-05-19 22:00:00,California,Residential,545.96,510.7,601.94,56.32,40.54,72.63,No
103897,2024-06-11 08:00:00,Texas,Commercial,1191.19,1093.67,1317.43,51.02,52.93,49.55,No
102075,2024-03-27 10:00:00,California,Industrial,1463.5,1717.26,1677.45,63.88,37.15,42.21,Yes
104620,2024-07-11 11:00:00,California,Residential,991.74,1044.58,1028.21,51.98,17.64,52.67,No
103701,2024-06-03 04:00:00,Florida,Industrial,732.16,744.17,1024.52,58.2,30.2,59.44,No
101623,2024-03-08 14:00:00,Florida,Industrial,1361.99,1338.74,1387.85,54.31,26.4,64.34,Yes
100588,2024-01-25 11:00:00,Texas,Industrial,1561,990.29,1601.07,61.88,22.62,35.72,Yes
101402,2024-02-28 09:00:00,Texas,Commercial ,1367.54,1543.29,1456.83,66.77,25.59,18.68,Yes
103046,2024-05-06 21:00:00,Texas ,Residential,1266.16,1270,1367.57,59.13,25.16,46.57,No
103225,2024-05-14 08:00:00,Texas,Commercial,1381.45,1306.83,1567.95,55.09,41.53,42,No
101701,2024-03-11 20:00:00,New York,Industrial,1053.16,1139.44,1192.32,57.29,27.53,49.55,No
103089,2024-05-08 16:00:00,Florida,Residential,990.61,913.44,1083.88,56.56,23.2,45.23,No
104430,2024-07-03 13:00:00,California,Commercial ,1097.85,1101.12,1148.87,44.38,25.26,55.25,No
102982,2024-05-04 05:00:00,California,Residential,528.47,623.18,574.17,52.66,26.69,65.22,No
100041,2024-01-02 16:00:00,Texas,Residential,955.95,1100.57,1207.68,56.5,29.56,37.63,No
101380,2024-02-27 11:00:00,Florida,Commercial ,1030.04,1003.09,1067.92,53.05,37.7,65.28,No
102090,2024-03-28 01:00:00,New York,Residential,523.24,567.81,587.43,51.42,33.43,69.81,No
103925,2024-06-12 12:00:00,New York,Residential,801.31,837.5,894.97,62.26,28.25,51.05,No
102176,2024-03-31 15:00:00,California,Industrial,1181.02,1266.57,1350.79,41.59,39.15,69.28,No
103218,2024-05-14 01:00:00,Texas,Commercial,856.12,946.79,946.78,48.76,37.09,47.29,No
102886,2024-04-30 05:00:00,California,Commercial ,693.27,713.87,786.99,41.49,20.76,26.06,No
100075,2024-01-04 02:00:00,Texas ,Industrial,1071.19,1011.11,1183.88,53.72,38.42,68.87,No
104411,2024-07-02 18:00:00,Texas,Residential,1293.78,1422.2,1421.47,46.55,34.83,62.24,Yes
104423,2024-07-03 06:00:00,Florida,Industrial,724.13,662.45,818.16,52.34,35.81,51.88,No
102658,2024-04-20 17:00:00,California,Residential,860.51,937.62,929.49,51.73,18.5,17.12,No
103181,2024-05-12 12:00:00,Texas,Residential,1102.78,1265.96,1257.33,53.56,48.78,73.49,No
102077,2024-03-27 12:00:00,California,Industrial,1473.83,1622.62,1662.89,64.68,18.64,65.41,Yes
100442,2024-01-19 09:00:00,New York,Residential,872.96,802.93,901.76,44.68,33.64,52.68,No
104115,2024-06-20 10:00:00,Florida,Commercial,1051.23,1198.64,1065.8,49.84,22.99,68.12,No
102052,2024-03-26 11:00:00,New York,Industrial,1210.78,1416.11,1312.77,54.32,47.66,63.48,Yes
102542,2024-04-15 21:00:00,Texas ,Residential,1152.29,1117.65,1281.1,63.23,31.34,53.94,No
103307,2024-05-17 18:00:00,New York,Residential,903.25,864.25,940.66,35.91,31.71,28.07,No
101302,2024-02-24 05:00:00,New York,Commercial,526.71,558.03,554.11,32.84,38.62,33.07,No
101782,2024-03-15 05:00:00,New York,Industrial,694.58,753.51,757.9,49.55,40.83,36.9,No
104859,2024-07-21 10:00:00,New York,Commercial,888.22,911.52,1007.42,47.28,22.09,49.55,No
103431,2024-05-22 22:00:00,Florida,Residential,645.91,737.27,710.81,51.73,24.55,62.22,No
101305,2024-02-24 08:00:00,Texas ,Commercial,1082.14,1189.78,1128.01,62.37,41.68,40.9,No
100237,2024-01-10 20:00:00,California,Residential,938.45,901.13,945.35,47.74,38.66,34.23,No
102600,2024-04-18 07:00:00,Texas,Commercial,1321.31,1267.57,1329.47,45.66,53.5,32.32,No
100521,2024-01-22 16:00:00,Florida,Commercial ,1068.67,1037.8,1207.02,47.39,31.27,1.95,No
102574,2024-04-17 05:00:00,New York,Residential,511.39,473.88,586.1,57.14,19.38,46.52,No
103281,2024-05-16 16:00:00,New York,Commercial,746.59,794.01,816.53,56.88,13.75,82.34,No
103187,2024-05-12 18:00:00,New York,Commercial,864.43,1003.47,928.54,59.96,39.81,41.5,No
103954,2024-06-13 17:00:00,Texas,Industrial,1653.43,1719.93,1708.84,63.37,45.11,50.84,Yes
102769,2024-04-25 08:00:00,Florida,Residential,954.28,932.53,1035.99,40.35,71.61,51.84,No
100736,2024-01-31 15:00:00,California,Residential,921.6,920.4,1021.38,48.06,12.33,32.75,No
104747,2024-07-16 18:00:00,California,Commercial ,1180.34,1064.43,1193.56,58.14,16.8,50.79,No
104975,2024-07-26 06:00:00,California,Commercial,640.48,675.46,727.23,41.99,46.39,48.55,No
102107,2024-03-28 18:00:00,California,Residential,1062.55,1225.65,1122.09,65.7,32.4,59.35,No
102680,2024-04-21 15:00:00,Florida,Residential,818.54,830.23,881.43,64.16,17.58,50.88,No
103230,2024-05-14 13:00:00,California,Industrial,1428.45,1457.99,1588.29,52.71,27.56,43.31,Yes
102762,2024-04-25 01:00:00,Texas,Residential,794.94,781.4,912.9,47.84,27.56,66.15,No
100593,2024-01-25 16:00:00,California,Residential,990.14,1059.66,1001.31,46.52,40.62,43.14,No
101304,2024-02-24 07:00:00,Florida,Residential,817.62,898.68,913.38,44.87,34.63,36.04,No
101388,2024-02-27 19:00:00,Texas,Residential,1212.97,1203.85,1339.81,46.82,26.26,48.06,No
104878,2024-07-22 05:00:00,Texas ,Commercial,943.47,1099.83,1001.59,62.27,11.36,43.76,No
104567,2024-07-09 06:00:00,California,Industrial,876.59,793.6,972.27,54.13,31.62,49.55,No
101891,2024-03-19 18:00:00,Texas,Industrial,1678.47,1870.56,1712.67,58.77,25.62,43.16,Yes
102988,2024-05-04 11:00:00,Florida,Commercial,869.09,987.58,996.65,55.84,34.83,53.73,No
104970,2024-07-26 01:00:00,New York,Residential,499.86,453,517.51,53.55,34.35,69.08,No
103298,2024-05-17 09:00:00,Texas,Residential,1303.02,1402.28,1388.21,45.34,36.05,50.76,Yes
100905,2024-02-07 16:00:00,New York,Residential,900.01,941.86,983.08,48.87,37.33,31.54,No
104651,2024-07-12 18:00:00,Texas,Commercial,1345.53,1257.77,1448.91,56.25,23.03,31.07,No
101280,2024-02-23 07:00:00,New York,Residential,844.22,929.94,872.28,61.38,16.82,53.41,No
100934,2024-02-08 21:00:00,Florida,Industrial,1361.33,1433.85,1024.52,47.39,34.74,55.43,Yes
104945,2024-07-25 00:00:00,California,Commercial,863.46,1016.31,990.97,54.85,13.17,49.89,No
102309,2024-04-06 04:00:00,Texas,Commercial ,758.33,887.61,790.95,65.76,36.79,38.13,No
101556,2024-03-05 19:00:00,California,Residential,949.9,1030.13,992.94,42.26,31.05,59.75,No
104574,2024-07-09 13:00:00,Texas ,Residential,1197.59,1330.21,1275.77,53.74,37.99,34.67,No
103191,2024-05-12 22:00:00,California,Commercial ,668.37,740.98,751.98,50.24,27.47,26.89,No
104482,2024-07-05 17:00:00,New York,Commercial,1120.34,1078.67,1170.46,60.73,24.99,77.75,No
100707,2024-01-30 10:00:00,California,Commercial ,1010.11,1070.39,1142.06,51.62,28.9,19.25,No
104733,2024-07-16 04:00:00,Texas ,Industrial,1056.52,1154.03,1108.28,64.29,20.64,60.63,No
103071,2024-05-07 22:00:00,Texas ,Commercial,885.54,973.06,891.77,57.28,47.62,61.57,No
100746,2024-02-01 01:00:00,New York,Residential,955.95,513.22,498.88,56.35,20.35,47,No
103595,2024-05-29 18:00:00,New York,Residential,956.07,1045.04,1021.15,42.9,43.47,53.67,No
101940,2024-03-21 19:00:00,Texas,Commercial,1233.05,1360.86,1261.39,47.71,26.58,55.13,Yes
104440,2024-07-03 23:00:00,California,Residential,685.03,740.74,700.2,68.9,16.86,38.62,No
102863,2024-04-29 06:00:00,New York,Residential,552.55,553.27,569.12,49.05,34.63,85.13,No
104672,2024-07-13 15:00:00,California,Residential,895.16,866.15,947.38,55.79,19.12,43.15,No
100514,2024-01-22 09:00:00,California,Residential,1014.45,1143.78,1100.81,48.9,38.96,46.26,No
100082,2024-01-04 09:00:00,Florida,Residential,917.23,930.45,969.06,41.34,33.49,44,No
101309,2024-02-24 12:00:00,California,Industrial,1217.27,1328.15,1282.12,51.32,37.78,13.56,No
104589,2024-07-10 04:00:00,Texas ,Commercial,860.31,941.85,904.59,50.96,47.49,56,No
100915,2024-02-08 02:00:00,Florida,Industrial,873.14,881.6,989.48,46.2,37.21,51.85,No
103453,2024-05-23 20:00:00,Texas ,Residential,1288.53,1339.49,1356.88,60.09,39.02,42.83,Yes
103696,2024-06-02 23:00:00,Texas,Industrial,994.46,1110.26,1034.64,47.59,43.18,56.48,No
104849,2024-07-21 00:00:00,Texas ,Industrial,947.57,1033.92,998.36,48.27,56.82,72.01,No
103157,2024-05-11 12:00:00,New York,Residential,714.55,790.73,816.05,41.85,32.92,37.11,No
102199,2024-04-01 14:00:00,Florida,Residential,1273.99,1414,1458.72,52.22,35.46,58.72,Yes
104271,2024-06-26 22:00:00,Florida,Commercial,852.89,974.85,856.69,56.41,38.59,46.24,No
100775,2024-02-02 06:00:00,California,Residential,632.11,990.29,647.2,38.94,40.18,46.17,No
100330,2024-01-14 17:00:00,California,Industrial,1248.98,1292.49,1416.86,58.9,39.91,50.19,No
102055,2024-03-26 14:00:00,California,Industrial,1381.52,1474.46,1469.13,81.04,38.05,49.64,Yes
102002,2024-03-24 09:00:00,California,Residential,901.85,1023.74,984.63,49.43,46.05,42.55,No
100944,2024-02-09 07:00:00,California,Commercial ,1083.84,1156.16,1185.94,62.6,35.9,51.18,No
100823,2024-02-04 06:00:00,California,Residential,955.95,565.81,615.94,57.79,38.18,59.33,No
104568,2024-07-09 07:00:00,California,Commercial ,1129.92,1050.17,1211.62,51.55,45.12,51.79,No
100910,2024-02-07 21:00:00,New York,Residential,923.87,1024.5,1062.06,37.59,16.96,37.09,No
102517,2024-04-14 20:00:00,Texas,Residential,1237.71,1403.91,1267.84,67.08,43.24,43.38,Yes
100182,2024-01-08 13:00:00,Texas,Commercial ,1386.48,1283.32,1526.89,62.3,35.39,41.31,No
100165,2024-01-07 20:00:00,Texas,Residential,987.71,976.42,1013.8,51.41,29.98,56.01,No
101524,2024-03-04 11:00:00,Texas,Residential,1194.96,1307.77,1217.29,46.83,18.15,55.9,No
100452,2024-01-19 19:00:00,Florida,Residential,913.81,1031.59,1024.52,51.32,31.02,27.92,No
103984,2024-06-14 23:00:00,California,Industrial,900.66,990.29,1020.82,53.89,42.02,61.67,No
102539,2024-04-15 18:00:00,Texas ,Commercial,1417.57,1601.55,1529.39,67.12,27.25,51.6,Yes
104696,2024-07-14 15:00:00,California,Industrial,1149.42,1156.71,1313.19,56.48,21.88,24.29,No
104820,2024-07-19 19:00:00,California,Commercial,1041.3,940.58,1079.15,63.2,11.45,57.74,No
101312,2024-02-24 15:00:00,New York,Industrial,992.4,971.18,1108.3,67.66,27.25,38.04,No
103150,2024-05-11 05:00:00,New York,Commercial,698.78,630.79,799.05,49.27,41.49,69,No
101112,2024-02-16 07:00:00,California,Commercial,1018.11,957.75,1046.7,47.28,32.13,59.54,No
104588,2024-07-10 03:00:00,Texas,Commercial,948.97,1111.98,986.18,54.2,39.7,52.62,No
103875,2024-06-10 10:00:00,Texas,Industrial,1709.69,1987.63,1752.78,71.82,11.44,15.13,Yes
103490,2024-05-25 09:00:00,New York,Residential,750.9,852.95,762.87,44.07,23.56,64.7,No
101288,2024-02-23 15:00:00,California,Commercial,991.46,1089.25,1003.25,51.44,31.65,49.55,No
104215,2024-06-24 14:00:00,Florida,Residential,928.62,923.16,945.17,59.22,10.18,30.14,No
104688,2024-07-14 07:00:00,Texas,Commercial,1172.58,1236.22,1211.2,54.48,45.97,40.34,No
103681,2024-06-02 08:00:00,Texas ,Residential,1036.51,1082.63,1088.89,56.26,28.13,25.66,No
104370,2024-07-01 01:00:00,California,Industrial,845.22,769.39,864.28,51.43,45.53,78.89,No
104206,2024-06-24 05:00:00,New York,Residential,497.46,530.75,521.74,66.92,48.63,37.75,No
103301,2024-05-17 12:00:00,New York,Commercial ,1024.94,971.38,1081.46,59.96,31.19,40.32,No
103311,2024-05-17 22:00:00,Texas ,Industrial,1130.71,1023.52,1261.91,46.2,18.58,60.85,No
104597,2024-07-10 12:00:00,Texas ,Industrial,1684.75,1953.29,1699.31,60.46,32.15,56.74,Yes
103126,2024-05-10 05:00:00,Florida,Residential,727.08,718.45,1024.52,49.2,32.44,50.95,No
100328,2024-01-14 15:00:00,Florida,Residential,978.07,1062.06,1120.54,46.34,9.02,60.29,No
101791,2024-03-15 14:00:00,Texas,Commercial ,1344.01,1328.44,1412.61,48.09,26.25,23.77,No
102491,2024-04-13 18:00:00,California,Residential,715.87,707.44,735.16,41.82,34.45,69.88,No
102007,2024-03-24 14:00:00,New York,Industrial,1093.86,1047.87,1119.3,68.18,61.41,50.92,No
102008,2024-03-24 15:00:00,California,Residential,1028.77,1210.79,1112.11,54.03,36.09,78.46,No
101859,2024-03-18 10:00:00,California,Industrial,1356.77,1499.91,1444.79,58.5,22.95,74.53,Yes
104728,2024-07-15 23:00:00,California,Residential,632.51,571.03,696.73,55.09,61.26,38.98,No
100313,2024-01-14 00:00:00,Texas,Industrial,886.92,1029.3,980.76,50.19,32.33,58.33,No
100833,2024-02-04 16:00:00,California,Commercial ,1174.03,1242.89,1185.53,61.31,15.55,60.35,No
103080,2024-05-08 07:00:00,New York,Industrial,1220.83,1277.11,1247.77,60.63,16.3,25.95,No
104761,2024-07-17 08:00:00,New York,Industrial,1170,1122.51,1278.56,49.67,29.17,40.46,No
103463,2024-05-24 06:00:00,Florida,Commercial,632.81,715.99,635.11,40.64,23.79,54.87,No
101202,2024-02-20 01:00:00,Texas,Commercial,927.43,1037.47,988.3,64.71,12.58,76.85,No
104431,2024-07-03 14:00:00,Texas ,Commercial ,1255.05,1370.62,1292.84,69.93,45.28,52.23,Yes
103548,2024-05-27 19:00:00,New York,Commercial,1019.66,1158.22,1095.23,59.61,22.25,49.64,No
104983,2024-07-26 14:00:00,Texas ,Commercial,1245.76,1188.66,1356.69,55.03,39.14,57.97,No
102135,2024-03-29 22:00:00,Texas ,Industrial,937.51,1036.25,1040.49,53.98,37.43,26.96,No
103452,2024-05-23 19:00:00,Texas ,Residential,1222.5,1376,1297.37,63.73,41.06,32.28,Yes
102210,2024-04-02 01:00:00,New York,Commercial ,719.07,739.64,762.41,56.75,22.02,30.42,No
101902,2024-03-20 05:00:00,Texas,Residential,811.71,876.62,918.03,51.18,28.7,46.09,No
104051,2024-06-17 18:00:00,New York,Commercial ,1048.81,1205.62,1137.93,55.09,44.87,49.17,No
101482,2024-03-02 17:00:00,Texas,Industrial,1360.62,1545.44,1474.55,59.39,50.9,61.88,Yes
100778,2024-02-02 09:00:00,Texas ,Residential,1216.47,1322.99,1280.18,70.28,36.58,36.65,No
100800,2024-02-03 07:00:00,New York,Residential,692.39,811.58,734.89,72.24,17.06,30.01,No
103715,2024-06-03 18:00:00,New York,Commercial ,942.14,911.56,1042.08,45.66,43.2,67.27,No
103943,2024-06-13 06:00:00,Texas,Commercial ,910.92,902.35,1023.01,44.78,31.28,21.49,No
100055,2024-01-03 06:00:00,Florida,Commercial,776.68,752.32,833.19,45.67,33.09,41.95,No
102973,2024-05-03 20:00:00,California,Residential,1042.27,1184.92,1166.06,50.42,16.32,21.11,No
103336,2024-05-18 23:00:00,Texas ,Residential,949.87,1019.56,1056.99,60.86,38.48,58.13,No
101921,2024-03-21 00:00:00,Texas ,Industrial,1085.19,1228.46,1239.59,68.02,26.22,49.91,No
103716,2024-06-03 19:00:00,California,Commercial ,1104.55,1240.33,1229.58,63.37,51,35.14,No
104689,2024-07-14 08:00:00,Florida,Commercial,819.57,957.94,828.24,66.41,38.83,53.65,No
100947,2024-02-09 10:00:00,Texas,Commercial,1290.16,1345.16,1480.79,60.49,33.91,38.2,Yes
101702,2024-03-11 21:00:00,New York,Residential,956.47,1102.17,976.86,47.95,26.03,32.39,No
103294,2024-05-17 05:00:00,Florida,Residential,583.16,537.18,668.8,46.45,25.03,59.07,No
102162,2024-03-31 01:00:00,Florida,Commercial,621.65,676.54,681.42,61.29,39.86,59.25,No
101137,2024-02-17 08:00:00,California,Commercial,955.95,1041.07,1024.98,58.52,43.81,58.29,No
100988,2024-02-11 03:00:00,New York,Industrial,682.08,688.96,7043.174532,50.68,39.14,59.38,No
102550,2024-04-16 05:00:00,Texas,Residential,764.33,861.88,827.76,57.84,37.66,29.11,No
100194,2024-01-09 01:00:00,Florida,Industrial,820.98,914.31,842.55,56.22,12.45,39.23,No
103058,2024-05-07 09:00:00,Texas,Residential,1202.09,1235.71,1246.1,64.1,28.43,56.92,No
103247,2024-05-15 06:00:00,Florida,Residential,578.11,641.02,633.58,37.23,44.02,24.54,No
101395,2024-02-28 02:00:00,California,Industrial,1022.39,1020.19,1157.93,54.77,30.77,30.17,No
102638,2024-04-19 21:00:00,Texas ,Industrial,1548.82,1586.84,1648.97,72.95,33.19,72.26,Yes
100769,2024-02-02 00:00:00,California,Commercial,748.26,791.45,771.84,51.45,14.53,45.53,No
104746,2024-07-16 17:00:00,Texas,Residential,1292.3,1189.72,1435.85,58.34,27.52,48.54,No
103091,2024-05-08 18:00:00,New York,Commercial ,959.67,931.22,961.07,41.41,37.38,67.25,No
103496,2024-05-25 15:00:00,California,Industrial,1156.28,1362.65,1285.06,53.86,20.91,42.85,Yes
103216,2024-05-13 23:00:00,Texas,Industrial,1097.8,1146.41,1245.47,60.77,17.2,60.18,No
100286,2024-01-12 21:00:00,Texas,Residential,1101.29,1281.34,1024.52,58.47,15.92,37.86,No
104984,2024-07-26 15:00:00,California,Industrial,1376.08,1501.03,1492.54,59.86,21.27,32.84,Yes
100429,2024-01-18 20:00:00,New York,Residential,877.67,825.15,881.84,54.91,30.25,55.88,No
104935,2024-07-24 14:00:00,New York,Commercial,998.26,1127.44,1001.74,51.55,51.72,31.74,No
102333,2024-04-07 04:00:00,Florida,Industrial,692.37,692.87,781.56,50.84,27.13,47.46,No
102718,2024-04-23 05:00:00,New York,Industrial,767.51,827.32,780.21,44.72,28.01,60.55,No
102080,2024-03-27 15:00:00,California,Residential,883.1,904.09,936.92,57.83,27.85,38.97,No
103390,2024-05-21 05:00:00,Texas ,Residential,905.68,947.37,927.21,56.64,21.83,33.68,No
100723,2024-01-31 02:00:00,Texas,Commercial ,842.56,779.45,895.23,54.67,41.32,68.63,No
100952,2024-02-09 15:00:00,Texas ,Residential,1138.47,1152.59,1173.46,48.32,28.48,29.42,No
104406,2024-07-02 13:00:00,Texas ,Commercial,1268.24,1182.45,1389.36,57.73,40.13,33.65,No
102263,2024-04-04 06:00:00,New York, Residential ,591.75,684.19,639.61,47.78,35.74,68.48,No
100990,2024-02-11 05:00:00,California,Commercial ,619.33,596.9,631.54,51.17,32.97,65.01,No
103213,2024-05-13 20:00:00,Texas,Residential,1189.64,1310.14,1279.58,63.45,27.58,47.86,No
101760,2024-03-14 07:00:00,Florida,Commercial,1058.79,1247.87,1109.84,57.07,16.69,55.03,No
104357,2024-06-30 12:00:00,California,Commercial ,1023.25,931.88,1110.85,47.25,36.45,65.4,No
101725,2024-03-12 20:00:00,Texas ,Industrial,1545.24,1446.02,1652.91,44.22,10.97,36.98,Yes
100342,2024-01-15 05:00:00,New York,Industrial,783.9,811.14,885.61,63.72,13.31,73.31,No
100689,2024-01-29 16:00:00,Texas ,Residential,1142.03,1177.92,1190.69,55.97,23.85,52.75,No
103433,2024-05-23 00:00:00,Texas ,Residential,811.99,945.99,873.86,59.25,22.84,53.82,No
100967,2024-02-10 06:00:00,Texas ,Industrial,956.15,914.25,1096.71,52.58,46.35,40.67,No
104771,2024-07-17 18:00:00,Texas,Residential,1180.13,1116.42,1306.5,63.63,27.04,36.26,No
102204,2024-04-01 19:00:00,Texas,Residential,1143.72,1134.93,1242.22,55.08,37.23,63.45,No
102714,2024-04-23 01:00:00,New York,Commercial,589.49,657.04,601.15,52.92,30.88,51.42,No
103573,2024-05-28 20:00:00,California,Commercial,1026.92,950.67,1045.31,50.56,27.17,53.31,No
101991,2024-03-23 22:00:00,Texas ,Industrial,1019.46,961.97,1145.89,56.94,32.8,33.7,No
104388,2024-07-01 19:00:00,Texas,Commercial,1220.35,990.29,1231.3,62.72,37.78,41.28,No
104787,2024-07-18 10:00:00,California,Residential,837.57,806.29,859.31,40.65,28.55,18.82,No
103601,2024-05-30 00:00:00,Texas,Commercial,896.99,963.97,947.59,60.76,36.28,35.57,No
104608,2024-07-10 23:00:00,California,Industrial,866.63,870.14,996.36,55.32,28.56,32.8,No
1004335,2024-06-29 14:00:00,New York,Commercial,878.9799407,851.62,941.02,56.05,12.3,27.08,No
104162,2024-06-22 09:00:00,Texas,Industrial,1343.75,1396.01,1470.66,55.09,23.58,56.74,Yes
100386,2024-01-17 01:00:00,California,Industrial,956.83,987.96,984.91,44.9,21.31,77.81,No
104410,2024-07-02 17:00:00,Florida,Industrial,1423.3,1461.77,1510.96,65.13,39.19,66.37,Yes
104610,2024-07-11 01:00:00,New York,Residential,609.23,701.83,694.8,40.47,33.39,38.98,No
100537,2024-01-23 08:00:00,California,Residential,1007.75,1099.47,1112.88,57.99,55.07,49.41,No
104708,2024-07-15 03:00:00,California,Commercial,774.93,701.67,819.05,68.08,29.81,62.98,No
103508,2024-05-26 03:00:00,New York,Industrial,955.95,748.49,833.26,57.32,23.77,73.02,No
100202,2024-01-09 09:00:00,Texas,Industrial,1580.87,1555.05,1785.58,-61.22,44.59,62.18,Yes
101333,2024-02-25 12:00:00,California,Industrial,1205.68,1350.06,1219.38,46.39,42.17,56.17,Yes
103503,2024-05-25 22:00:00,New York,Commercial,516.12,566.39,571.42,68.07,24.69,26.78,No
102709,2024-04-22 20:00:00,Texas,Industrial,1698.75,1974.65,1024.52,68.44,10.79,57.96,Yes
104022,2024-06-16 13:00:00,California,Commercial ,990.29,904.13,1117.06,43.27,6.83,25.08,No
101855,2024-03-18 06:00:00,New York,Residential,543.59,615.83,551.27,44.46,43.78,54.27,No
104510,2024-07-06 21:00:00,New York,Residential,647.8,638.17,681.57,65.19,27.57,38.58,No
102873,2024-04-29 16:00:00,New York,Industrial,1253.11,1367.6,1338.72,54.71,20.62,42.4,Yes
103031,2024-05-06 06:00:00,California,Commercial,696.78,695.45,712.1,40.56,20.38,44.59,No
101206,2024-02-20 05:00:00,California,Residential,873.13,812.44,959.89,59.21,19.56,52.19,No
101646,2024-03-09 13:00:00,Texas ,Commercial,1146.83,1271.61,1282.86,56.75,6.11,45.45,No
103418,2024-05-22 09:00:00,Texas ,Industrial,1651.38,1753.71,1760.36,57.36,42.61,55.05,Yes
103477,2024-05-24 20:00:00,New York,Residential,873.46,957.55,873.65,47.23,25.83,33.03,No
102862,2024-04-29 05:00:00,California,Residential,682.53,754.41,685.35,58.46,35.73,49.05,No
101793,2024-03-15 16:00:00,Florida,Commercial,1214.47,1321.15,1385.58,51.4,20.79,57.66,No
103798,2024-06-07 05:00:00,Texas,Industrial,985.88,962.45,1107.75,52.98,53.36,45.87,No
103369,2024-05-20 08:00:00,California,Industrial,1436.15,1505.06,1546.72,69.82,30.64,31.42,Yes
103368,2024-05-20 07:00:00,California,Commercial ,1155.08,1201.19,1174.81,68.04,48.53,55.79,No
103534,2024-05-27 05:00:00,California,Commercial ,719.55,669.06,797.9,46.4,42,35.37,No
104433,2024-07-03 16:00:00,New York,Residential,906.92,949.59,1016.48,59.71,54.45,34.21,No
103450,2024-05-23 17:00:00,Texas,Commercial ,1328.88,1542.16,1383.28,55.88,16.95,42.1,Yes
100604,2024-01-26 03:00:00,Texas,Residential,761.89,990.29,831.36,64.64,39.93,73.38,No
103057,2024-05-07 08:00:00,Florida,Commercial,910.02,944.83,992.66,50.05,27.7,71.86,No
104400,2024-07-02 07:00:00,Texas,Residential,1229.36,1389.23,1397.41,61.85,38.87,57.92,Yes
100127,2024-01-06 06:00:00,California,Industrial,713.76,661.78,792.79,51.97,32.03,43.25,No
103877,2024-06-10 12:00:00,Texas,Residential,1094.48,1170.61,1110.09,53.69,34.36,45.65,No
102936,2024-05-02 07:00:00,Texas,Residential,1172.21,1140.13,1172.41,51.51,27.65,42.67,No
103532,2024-05-27 03:00:00,California,Residential,676.96,669.25,680.46,53.91,30.03,48.45,No
102731,2024-04-23 18:00:00,Texas ,Industrial,1703.97,1585.17,1771.39,59.73,32.63,47.23,Yes
100828,2024-02-04 11:00:00,California,Residential,936.74,949.29,1029.27,68.06,39.67,48.64,No
101640,2024-03-09 07:00:00,New York,Commercial,830.48,963.86,945.91,54.12,40.64,52.2,No
100985,2024-02-11 00:00:00,Texas ,Residential,798.49,865.27,905.73,49.28,17.34,43.61,No
103282,2024-05-16 17:00:00,California,Industrial,1335.77,1256.86,1358.42,52.37,27.07,56.85,No
102189,2024-04-01 04:00:00,California,Industrial,945.49,880.37,1017.93,54.05,27.72,57.77,No
104655,2024-07-12 22:00:00,New York,Industrial,756.32,791.7,759.38,28.75,59.71,58.85,No
102444,2024-04-11 19:00:00,California,Residential,934.57,1092.25,1006.91,62.24,27.62,22.64,No
100363,2024-01-16 02:00:00,New York,Industrial,772.28,820.07,869.42,53.94,36.4,55.47,No
102350,2024-04-07 21:00:00,Texas,Industrial,1430.4,1293.94,1478.49,65.57,31.08,59.77,No
100346,2024-01-15 09:00:00,Florida,Industrial,1212.28,1402.02,1220.81,53.98,25.77,56.7,Yes
100815,2024-02-03 22:00:00,California,Residential,647.84,666.77,680.92,59.54,43.32,56.67,No
103206,2024-05-13 13:00:00,California,Commercial,980.63,1007.46,1045.5,57.47,11.04,61.95,No
104198,2024-06-23 21:00:00,California,Industrial,1162.08,1232.95,1249.66,55.39,26.8,72.4,No
104840,2024-07-20 15:00:00,California,Commercial ,1031.32,1136.62,1158.53,61.22,43.07,49.09,No
103326,2024-05-18 13:00:00,Texas ,Commercial ,955.95,989.32,991.07,63.83,10.9,46.56,No
104107,2024-06-20 02:00:00,New York,Residential,613.02,626.94,652.11,45.56,39.37,64.52,No
102117,2024-03-29 04:00:00,New York,Commercial ,563.91,592.36,588.14,53.99,39.62,31.92,No
101835,2024-03-17 10:00:00,California,Industrial,1289.45,1518.01,1470.21,52.66,49.82,48.29,Yes
100794,2024-02-03 01:00:00,Florida,Industrial,742.69,800.27,756.74,56.09,28.43,22.46,No
104992,2024-07-26 23:00:00,Florida,Commercial,660.8,756.61,694.27,55.09,39.99,50.98,No
102675,2024-04-21 10:00:00,New York,Industrial,980.13,931.58,1126.85,54.85,31.31,51.69,No
100095,2024-01-04 22:00:00,California,Residential,608.38,576.43,678.3,38.28,42.62,86.09,No
103757,2024-06-05 12:00:00,California,Residential,1092.78,1169.11,1178.41,63.97,39.04,32.72,No
102892,2024-04-30 11:00:00,Texas ,Industrial,1592.69,1489.22,1618.24,51.2,39.47,81.3,Yes
102372,2024-04-08 19:00:00,California,Industrial,1339.62,1351.17,1504.7,49.21,7.77,42.06,Yes
104523,2024-07-07 10:00:00,New York,Industrial,973.1,1102.68,1117.14,56.77,36.47,38.77,No
104472,2024-07-05 07:00:00,New York,Residential,861.28,916.05,902.9,62.3,31,48.89,No
103229,2024-05-14 12:00:00,Texas,Industrial,1579.42,1862.78,1698.32,65.65,35.13,61.85,Yes
102854,2024-04-28 21:00:00,California,Commercial,776.95,915.05,886.59,58.75,27.52,39.22,No
102913,2024-05-01 08:00:00,Texas ,Industrial,1618.49,1645.38,1635.38,51.33,31.7,23.05,Yes
101866,2024-03-18 17:00:00,New York,Commercial,946.39,936.32,998.92,65.37,17.75,93.85,No
101858,2024-03-18 09:00:00,New York,Commercial,933.78,967.54,1064.79,57.5,42.82,47.62,No
102646,2024-04-20 05:00:00,New York,Residential,533.69,491.89,580.29,55.43,34.69,56.17,No
102244,2024-04-03 11:00:00,New York,Industrial,1142.36,1094.57,1253.08,59.26,34.55,76.93,No
102337,2024-04-07 08:00:00,New York,Residential,844.62,770.82,962.04,41.44,46.29,32.65,No
100951,2024-02-09 14:00:00,Florida,Residential,1071.49,1233.69,1176.35,63.58,27.73,67.26,No
103069,2024-05-07 20:00:00,California,Commercial,1142.17,1169.75,1222.17,60.4,48.5,57.51,No
101121,2024-02-16 16:00:00,California,Residential,1009.76,1149.25,1130.37,54.71,39.47,69.76,No
102598,2024-04-18 05:00:00,New York,Residential,579.01,548.72,621.39,46.66,40.84,61.87,No
102205,2024-04-01 20:00:00,Texas ,Industrial,1569.22,1472.45,1799.72,52.6,16.06,21.2,Yes
100420,2024-01-18 11:00:00,Texas ,Commercial,1280.46,1372.23,1383.98,53.41,35.13,24.37,Yes
100923,2024-02-08 10:00:00,New York,Residential,891.24,913.6,906.56,62.6,37.44,57.22,No
101255,2024-02-22 06:00:00,Texas ,Commercial,841.82,981.35,872.18,59.32,28.37,83.01,No
100478,2024-01-20 21:00:00,Florida,Residential,775.66,845.48,875.07,48.23,34.17,29.27,No
102036,2024-03-25 19:00:00,California,Commercial ,1110.54,1182.78,1247.12,48.37,22.89,28.84,No
101203,2024-02-20 02:00:00,Texas,Industrial,1113.66,1291.41,1152.99,62.38,27.8,52.75,No
102627,2024-04-19 10:00:00,Texas,Commercial ,1275.9,1451.9,1305.47,65.37,53.79,74.13,Yes
104863,2024-07-21 14:00:00,Texas,Industrial,1391.86,1423.26,1562.62,63.48,55.41,44.45,Yes
101971,2024-03-23 02:00:00,Texas,Residential,689.33,694.55,745.5,57.7,16.2,64.81,No
103111,2024-05-09 14:00:00,Florida,Industrial,1313.43,1289.63,1412.95,55.82,10.74,71.61,No
104019,2024-06-16 10:00:00,California,Residential,915.14,1059.45,1004.59,51.86,26.43,60.13,No
102152,2024-03-30 15:00:00,Texas,Residential,1086.4,1082.06,1233.12,54.66,34.18,67.95,No
103688,2024-06-02 15:00:00,New York,Residential,707.84,828.48,717.01,52.33,38.77,47.96,No
101998,2024-03-24 05:00:00,Texas,Industrial,920.51,872.01,998.77,54.28,20.69,51.95,No
104034,2024-06-17 01:00:00,New York,Commercial ,692.64,691.08,759.63,41.69,50.7,41.15,No
103055,2024-05-07 06:00:00,Texas ,Commercial ,817.41,936.26,907.03,58.38,29.35,88.03,No
101249,2024-02-22 00:00:00,New York,Residential,539.81,549.8,610.65,53.71,42.74,61.74,No
102193,2024-04-01 08:00:00,Texas ,Industrial,955.95,1638.78,1682.22,55.4,40.67,64,Yes
102713,2024-04-23 00:00:00,California,Residential,744.26,775.37,838.78,40.71,12.81,52.98,No
100993,2024-02-11 08:00:00,California,Commercial,909.37,962.42,989.21,45.18,32.88,44.66,No
102191,2024-04-01 06:00:00,California,Industrial,866.91,945.69,919.31,65.71,55.27,76.35,No
103763,2024-06-05 18:00:00,Florida,Industrial,1400.62,1382.25,1501.27,58.41,3.01,45.23,Yes
103598,2024-05-29 21:00:00,Florida,Commercial,1006.85,930.5,1109.47,59.95,54.25,46.41,No
101319,2024-02-24 22:00:00,Texas,Residential,627.01,591.83,669.76,55.1,26.04,32.18,No
101864,2024-03-18 15:00:00,Florida,Residential,971.14,1034.46,998.33,32.29,22.56,41.49,No
102344,2024-04-07 15:00:00,New York,Industrial,1086,1190.16,1247.85,46.56,32.48,54.23,No
102450,2024-04-12 01:00:00,California,Residential,640.36,990.29,669.2,60.07,18.52,44.93,No
102137,2024-03-30 00:00:00,Texas,Commercial ,737.9,793.78,745.33,43.53,62.75,48.14,No
101066,2024-02-14 09:00:00,Texas ,Residential,1212.07,1102.13,1263.43,53.98,43.46,44.65,No
104228,2024-06-25 03:00:00,Florida,Commercial ,739.89,702.91,789.77,62.33,12.05,49.84,No
102622,2024-04-19 05:00:00,New York,Industrial,794.04,736.25,830.85,45.15,19.94,47.16,No
100078,2024-01-04 05:00:00,Texas,Residential,826,960.29,863.22,55.09,18.2,50.65,No
102899,2024-04-30 18:00:00,New York,Commercial,968.84,880.7,1112.38,41.9,30.53,37.91,No
101315,2024-02-24 18:00:00,New York,Commercial,809.96,888.99,909.93,66.81,2,50.35,No
104412,2024-07-02 19:00:00,California,Residential,1216.17,1413.68,1284.1,54.63,28.39,22.18,Yes
100873,2024-02-06 08:00:00,Florida,Industrial,1248.78,1151.5,1401.9,53.97,42.97,51.53,No
103851,2024-06-09 10:00:00,New York,Industrial,1094.49,1225.57,1147.28,52.87,19.28,54.65,No
104832,2024-07-20 07:00:00,Texas ,Commercial ,1192.09,1101.85,1236.58,53.25,17.73,70.43,No
102966,2024-05-03 13:00:00,Texas ,Residential,1283.16,1478.96,1408,68.54,32.31,41.1,Yes
103392,2024-05-21 07:00:00,New York,Residential,934.18,923.21,1061.98,55.53,47.74,42.13,No
102561,2024-04-16 16:00:00,California,Residential,915.17,830.99,928.86,48.66,24.29,32.51,No
104942,2024-07-24 21:00:00,New York,Residential,798.13,901.43,877.59,54.07,28.72,58.58,No
102636,2024-04-19 19:00:00,Texas ,Residential,1108.62,1022.44,1261.37,50.93,21.34,42.06,No
103531,2024-05-27 02:00:00,California,Residential,877.98,1015.71,893.66,59.32,34.07,29.66,No
100376,2024-01-16 15:00:00,California,Commercial ,1127.07,1301.25,1220.41,56.36,30.84,73.47,No
101909,2024-03-20 12:00:00,California,Commercial ,967.81,911.42,995.08,59.12,37.18,39.67,No
104372,2024-07-01 03:00:00,New York,Residential,584.39,560.82,659.1,51.12,43.53,37.57,No
104419,2024-07-03 02:00:00,California,Industrial,971.41,1010.82,996.05,54.16,28.35,38.67,No
104028,2024-06-16 19:00:00,Texas,Residential,1064.58,1088.13,1125.44,56.46,5.36,44.99,No
101605,2024-03-07 20:00:00,Texas,Industrial,1745.12,1602.1,1760.94,66.52,45.54,35.32,Yes
101119,2024-02-16 14:00:00,California,Commercial,1089.86,1119.44,1243.68,68.9,20.77,37.25,No
103678,2024-06-02 05:00:00,New York,Residential,535,610.04,547.52,49.64,49.37,26.41,No
103491,2024-05-25 10:00:00,Texas,Commercial ,1065.26,1243.51,1143.13,64.42,37.45,43.65,No
104909,2024-07-23 12:00:00,Texas ,Residential,1162.25,1224.6,1288.09,52.49,20.82,33.21,No
102959,2024-05-03 06:00:00,California,Residential,719.03,649.9,794.8,48.6,30.93,21.28,No
101995,2024-03-24 02:00:00,Texas ,Industrial,929.21,929.7,960.81,59.87,33.96,36.55,No
104395,2024-07-02 02:00:00,New York,Commercial,697.27,719.23,734.96,57.23,23.46,56.69,No
102377,2024-04-09 00:00:00,California,Industrial,903.13,819.27,922.77,55.23,17.53,34.1,No
101343,2024-02-25 22:00:00,California,Residential,574.96,540.09,594.11,51.62,53.54,67.03,No
100321,2024-01-14 08:00:00,Florida,Commercial,816.6,859.49,896.42,69,33.03,26.89,No
101620,2024-03-08 11:00:00,Texas ,Residential,1161.19,1321.91,1171.39,44.27,27.43,39.25,No
103714,2024-06-03 17:00:00,Florida,Commercial,990.38,1031.99,1135.4,64.98,21.59,54.84,No
102061,2024-03-26 20:00:00,Texas,Industrial,1555.41,1563.16,1580.47,73.48,33.25,40.32,Yes
102220,2024-04-02 11:00:00,Texas,Industrial,1552.01,1687.32,1768.71,69.69,21.13,45.09,Yes
101674,2024-03-10 17:00:00,California,Residential,699.36,802.06,720.58,56.5,40.63,78.1,No
100261,2024-01-11 20:00:00,Florida,Residential,940.79,995.98,1014.64,45.6,23.68,39.21,No
104457,2024-07-04 16:00:00,Texas ,Commercial,1280.25,1374.1,1402.66,63.25,14.58,58.84,Yes
102040,2024-03-25 23:00:00,California,Residential,955.95,601.99,593.54,56.99,27.52,70.81,No
100902,2024-02-07 13:00:00,Texas,Industrial,1550.01,1579.13,1578.96,64.2,21.3,49.55,Yes
103745,2024-06-05 00:00:00,Texas,Industrial,1099.14,1142.9,1156.35,55.13,36.49,43.81,No
102027,2024-03-25 10:00:00,Texas ,Residential,1133.27,1056.35,1266.58,63.49,17.26,62.38,No
104235,2024-06-25 10:00:00,Texas,Residential,1162.61,1360.16,1268.47,66.38,37.59,51.67,Yes
101918,2024-03-20 21:00:00,Florida,Industrial,1300.12,1371.04,1413.33,60.07,21.92,36.68,Yes
101829,2024-03-17 04:00:00,California,Residential,545.77,608.67,1024.52,46.71,15.39,98.96,No
101574,2024-03-06 13:00:00,California,Commercial ,1069.5,1073.89,1163.44,65.59,7.87,52.93,No
104805,2024-07-19 04:00:00,California,Industrial,928.63,867.99,955.03,65.26,24.69,61.97,No
104209,2024-06-24 08:00:00,Texas,Commercial ,1319.73,1477.07,1372.2,58.25,40.64,63.56,Yes
100225,2024-01-10 08:00:00,California,Commercial,1080.82,1170.4,1179.6,54.2,40.12,44.57,No
100724,2024-01-31 03:00:00,Texas ,Residential,856.38,934.53,957.77,59.15,52.61,61.8,No
104526,2024-07-07 13:00:00,New York,Industrial,1012.99,1172.08,1125.93,45.63,41.44,77.75,No
101142,2024-02-17 13:00:00,California,Commercial,989.42,1126.69,1034.66,48.62,17.11,40.87,No
102763,2024-04-25 02:00:00,Florida,Commercial,750.53,725.97,789.9,46.67,17.3,60.66,No
100847,2024-02-05 06:00:00,Texas,Residential,772.54,845.55,874.5,56.01,23.48,30.37,No
102552,2024-04-16 07:00:00,Texas,Commercial,1260.94,1486.04,1395.59,53.89,35.68,32.89,Yes
102929,2024-05-02 00:00:00,Texas ,Residential,743.07,772.32,804.5,46,26.48,30.55,No
100118,2024-01-05 21:00:00,California,Industrial,1316.88,1423.98,1501.93,56.23,35.78,45.57,Yes
100646,2024-01-27 21:00:00,New York,Commercial,975.29,909.4,980.77,52.24,26.56,75.53,No
100004,2024-01-01 03:00:00,Florida,Commercial,612.5,680.95,689.68,47.28,41.15,44.96,No
104171,2024-06-22 18:00:00,Texas,Commercial,1200.81,1086.71,1290.91,44.01,57.9,46.27,No
100468,2024-01-20 11:00:00,California,Commercial ,995.09,932.13,1140.62,49.67,27.02,42.35,No
100006,2024-01-01 05:00:00,Texas,Residential,774.38,788.06,783.47,51.12,35.04,43.09,No
100920,2024-02-08 07:00:00,California,Industrial,1642.39,1584.92,1820.3,74.8,45.09,47.89,Yes
102596,2024-04-18 03:00:00,California,Industrial,878.5,837.72,906.2,53.6,28.53,41.01,No
101064,2024-02-14 07:00:00,New York,Industrial,1181.15,1392.4,1272.62,59.33,39.09,45.59,Yes
102591,2024-04-17 22:00:00,California,Residential,588.83,594.06,646.74,53.25,24.52,38.83,No
100243,2024-01-11 02:00:00,New York,Industrial,690.55,688.43,763.08,49.77,38.16,35.88,No
101161,2024-02-18 08:00:00,California,Residential,871.16,999.66,956.61,48.43,26.77,49.76,No
102871,2024-04-29 14:00:00,New York,Commercial ,1046.44,1209.8,1195.8,57.32,41.14,30.03,No
103736,2024-06-04 15:00:00,New York,Industrial,1207.68,1184.35,1213.43,43.21,26.77,84.86,No
102398,2024-04-09 21:00:00,Texas,Commercial ,1414.85,1585.42,1560.6,61.83,14.27,70.67,Yes
103518,2024-05-26 13:00:00,New York,Industrial,1019.25,1068.5,1035.55,55.72,10.29,55.85,No
103422,2024-05-22 13:00:00,Florida,Commercial,1094.9,1172.85,1121.58,59.73,24.19,63.73,No
102564,2024-04-16 19:00:00,Texas,Residential,1132.53,1311.6,1182.19,52.85,31.57,56.4,No
101606,2024-03-07 21:00:00,Florida,Residential,1014.4,1121.39,1105.19,308.823343,21.78,53.59,No
104873,2024-07-22 00:00:00,California,Commercial,768.82,871.74,801.13,52.28,8.71,69.57,No
102325,2024-04-06 20:00:00,California,Residential,960.65,1048.77,1039.16,51.55,37.04,28.02,No
102710,2024-04-22 21:00:00,California,Commercial ,1058.83,984.92,1099.93,55.78,16.93,39.63,No
104438,2024-07-03 21:00:00,California,Residential,1034.69,982.88,1099.42,61.95,42.15,46.84,No
101313,2024-02-24 16:00:00,Florida,Residential,914.86,953.24,1034.79,55.09,55.19,55.41,No
103449,2024-05-23 16:00:00,Florida,Residential,1039.99,1161.82,1133.41,58.13,30.14,54.43,No
103813,2024-06-07 20:00:00,California,Commercial ,1176.65,1365.89,1024.52,66.94,35.13,40.3,Yes
104698,2024-07-14 17:00:00,Florida,Residential,884.99,940.26,990.38,53.98,27.62,63.12,No
102363,2024-04-08 10:00:00,California,Industrial,1403.42,1596.12,1591.98,61.41,36.69,40,Yes
101976,2024-03-23 07:00:00,New York,Commercial,848.72,946.26,948.04,41.15,52.37,49.25,No
103515,2024-05-26 10:00:00,California,Commercial,972.44,1074.19,991.34,59.28,36.22,81.03,No
101762,2024-03-14 09:00:00,California,Residential,1015.79,1120.04,1152.08,52.43,32.33,52.78,No
102740,2024-04-24 03:00:00,Texas,Residential,777.18,705.76,841.55,48.74,52.57,53.3,No
104702,2024-07-14 21:00:00,Texas,Residential,1037.01,1110.9,1175.01,65.18,39.45,63.99,No
102473,2024-04-13 00:00:00,New York,Commercial ,579.14,673.91,657.34,58.38,39.01,33.95,No
104008,2024-06-15 23:00:00,New York,Industrial,572.93,604.96,657.65,56.01,24.99,59.94,No
101494,2024-03-03 05:00:00,Texas,Residential,683.49,990.29,700.81,61.41,39.8,38.45,No
104207,2024-06-24 06:00:00,Florida,Industrial,843.68,981.93,846.36,52.14,28.6,20.07,No
102159,2024-03-30 22:00:00,New York,Commercial,588.72,567.58,640.66,55.09,32.17,58.28,No
101170,2024-02-18 17:00:00,California,Residential,924.91,1052.57,1022.1,55.76,11.66,39.91,No
104557,2024-07-08 20:00:00,Texas ,Residential,1244.36,1441.14,1362.71,57.85,14.19,19.99,Yes
100233,2024-01-10 16:00:00,Florida,Residential,968.28,980.71,1107.19,52.74,48.34,32.54,No
100067,2024-01-03 18:00:00,Texas,Industrial,1691.97,1665.19,1774.58,50.92,14.42,49.55,Yes
101604,2024-03-07 19:00:00,New York,Commercial ,899.39,970.93,1013.2,48.95,19.33,18.46,No
103284,2024-05-16 19:00:00,California,Commercial,1077.12,1114.89,1105.86,38.61,24.53,57.86,No
103597,2024-05-29 20:00:00,California,Industrial,1334.09,1261.84,1411.78,67.47,31.02,42.77,No
100126,2024-01-06 05:00:00,New York,Industrial,681.52,673.74,778.83,55.56,19.29,27.54,No
101297,2024-02-24 00:00:00,Texas,Commercial,857.61,927.98,966.94,52.33,28.38,85.5,No
101977,2024-03-23 08:00:00,California,Residential,1001.05,1042.54,1119.12,63.63,16.5,43.95,No
104558,2024-07-08 21:00:00,Texas ,Residential,1604.97,990.29,1628.05,62.12,23.27,46.64,Yes
104522,2024-07-07 09:00:00,Florida,Industrial,1043.85,1056.63,1109.4,53.04,35.82,49.55,No
102076,2024-03-27 11:00:00,California,Residential,962.28,931.27,1084.34,55.09,42.92,26.94,No
103087,2024-05-08 14:00:00,New York,Industrial,955.95,1380.05,1412.88,64.08,35.58,57.16,Yes
104385,2024-07-01 16:00:00,California,Industrial,1355.93,1331.26,1546.28,55.09,26.94,43.08,Yes
103346,2024-05-19 09:00:00,Texas ,Residential,1039.84,936.84,1081.18,58.92,14.2,41.89,No
104505,2024-07-06 16:00:00,New York,Commercial,702.32,645.75,805.29,58.19,27.98,38.82,No
102798,2024-04-26 13:00:00,Florida,Residential,1089.67,1219.93,1103.86,50.2,12.44,40.63,No
100919,2024-02-08 06:00:00,Texas ,Commercial,892.5,959.16,1002.86,56.24,32.36,52.1,No
101647,2024-03-09 14:00:00,Texas,Commercial ,1198.63,1148.59,1227.28,43.52,17.16,47.68,No
100365,2024-01-16 04:00:00,New York,Industrial,640.55,622.28,685.94,63.48,18.74,81.79,No
103288,2024-05-16 23:00:00,California,Residential,690.01,753.29,1024.52,65.3,24.73,28.03,No
102126,2024-03-29 13:00:00,Texas ,Industrial,1721.05,1860.72,1832.3,70.25,44.69,56.08,Yes
104124,2024-06-20 19:00:00,New York,Commercial ,1041.24,961.75,1061.32,51.43,28.49,68.47,No
100526,2024-01-22 21:00:00,New York,Residential,871.89,987.34,984.07,-47.06,44.79,65.88,No
100056,2024-01-03 07:00:00,California,Residential,1010.46,1111.63,1102.53,54.55,24.52,74.88,No
100639,2024-01-27 14:00:00,California,Residential,899.39,919.85,986.35,60.56,35.83,41.32,No
100303,2024-01-13 14:00:00,Florida,Residential,800.88,852.51,858.21,49.27,39.39,54.79,No
102767,2024-04-25 06:00:00,Florida,Commercial,744.18,733.31,756.94,48.66,27.28,73.22,No
101277,2024-02-23 04:00:00,California,Commercial,804.98,940.48,891.85,49.57,24.44,21.82,No
102056,2024-03-26 15:00:00,Texas ,Residential,1232.81,1346.53,1379.01,52.55,44.93,56.56,Yes
103645,2024-05-31 20:00:00,Texas ,Industrial,1637.1,1535.68,1801.85,43.61,16.4,87.82,Yes
104144,2024-06-21 15:00:00,California,Industrial,1417.64,1536.75,1490.19,69.72,53.01,31.42,Yes
102879,2024-04-29 22:00:00,Florida,Residential,648.55,739.43,699.91,61.71,44.09,59.51,No
104203,2024-06-24 02:00:00,Texas,Industrial,1056.26,1161.24,1151.88,70.78,26.67,45.95,No
102287,2024-04-05 06:00:00,New York,Industrial,701.57,786.02,755.66,57.08,17.69,69.01,No
102262,2024-04-04 05:00:00,Florida,Residential,612.23,675.54,670.31,56.7,21.88,23.24,No
102297,2024-04-05 16:00:00,California,Residential,1015.21,948.58,1109.67,59.11,28.78,56.83,No
101754,2024-03-14 01:00:00,California,Residential,753.06,882.84,793.66,62.03,20.75,30.14,No
101969,2024-03-23 00:00:00,California,Residential,600.52,669.62,637.67,50.12,29.58,45.97,No
104391,2024-07-01 22:00:00,California,Industrial,865.43,983.07,913.49,52.09,31.74,49.55,No
103118,2024-05-09 21:00:00,Texas,Commercial,1263.92,1236.46,1441.9,63.09,45.21,46.26,No
102394,2024-04-09 17:00:00,Texas,Industrial,1613.67,1561.59,1677.98,57.29,12.99,44.59,Yes
100524,2024-01-22 19:00:00,California,Commercial,1046.03,1094.56,1055.31,47.64,41.15,22.46,No
103901,2024-06-11 12:00:00,New York,Commercial,965.97,994.93,986.31,63.66,26.65,57.23,No
103123,2024-05-10 02:00:00,Texas,Residential,828.6,962.06,902.86,43.92,40.18,49.55,No
104157,2024-06-22 04:00:00,Florida,Industrial,661.36,746.88,746.66,55.09,28.17,11.24,No
101970,2024-03-23 01:00:00,Texas,Industrial,917.83,879.53,1030.81,59.83,29.73,66.39,No
100672,2024-01-28 23:00:00,New York,Commercial,584.39,622.13,635.68,39.17,51.77,69.12,No
104189,2024-06-23 12:00:00,Texas ,Industrial,1510.34,1530.1,1611.52,73.93,41.39,57.86,Yes
100667,2024-01-28 18:00:00,California,Residential,957.78,991.67,1093.2,44.59,26.73,56.6,No
104378,2024-07-01 09:00:00,California,Commercial,1119.93,1316.07,1213.91,39.45,40.85,49.59,No
101888,2024-03-19 15:00:00,California,Commercial,1211.47,1123.87,1371.3,43.14,39.27,51.91,No
103267,2024-05-16 02:00:00,New York,Residential,490.76,990.29,513.06,61.64,33.69,24.37,No
100281,2024-01-12 16:00:00,New York,Industrial,985.3,925.56,1125.38,54.9,9.62,51.95,No
101720,2024-03-12 15:00:00,California,Commercial,1060.39,1025.54,1125.93,59.85,45.22,35.32,No
102948,2024-05-02 19:00:00,Florida,Residential,1034.18,1212.49,1088.44,51.71,16.7,58.2,No
100900,2024-02-07 11:00:00,Texas,Industrial,1702.2,1794.76,1909.83,52.39,22.41,46.25,Yes
104895,2024-07-22 22:00:00,New York,Residential,736.05,854.53,773.69,59.2,31.02,40.77,No
100761,2024-02-01 16:00:00,Texas,Residential,1337.39,1357.21,1437.83,64.16,29.69,42,Yes
101907,2024-03-20 10:00:00,New York,Residential,884.23,965.41,901.76,56.78,36.3,52.62,No
104043,2024-06-17 10:00:00,New York,Industrial,1247.17,1200.57,1253.41,48.87,39.07,57.59,No
104139,2024-06-21 10:00:00,Texas ,Industrial,1737.76,1878.15,1931.9,69.85,25.1,30.02,Yes
103819,2024-06-08 02:00:00,California,Industrial,732.97,699.43,1024.52,55.86,29.36,46.16,No
104301,2024-06-28 04:00:00,California,Commercial,882.51,948.4,944.31,55.67,26.34,27.2,No
102594,2024-04-18 01:00:00,Florida,Commercial ,644.32,605.34,667.48,61.78,31,55.29,No
104165,2024-06-22 12:00:00,Florida,Industrial,1187.77,1208.66,1256.03,71.19,41.08,61.42,No
103032,2024-05-06 07:00:00,New York,Residential,994.3,998.4,1128.78,74.04,30.25,49.55,No
103580,2024-05-29 03:00:00,New York,Residential,493.66,466.83,562.3,56.74,34.46,69.94,No
102833,2024-04-28 00:00:00,Texas,Residential,651.84,590.71,729.33,57.76,7.74,77.3,No
103473,2024-05-24 16:00:00,Florida,Commercial,1065.46,1254.48,1109.73,57.42,48.76,43.46,No
100138,2024-01-06 17:00:00,Texas ,Residential,953.77,956.94,991.3,59.95,45.67,47.08,No
102181,2024-03-31 20:00:00,California,Residential,997.96,1137.21,1145.05,56.48,28.56,52.97,No
102129,2024-03-29 16:00:00,California,Commercial,991.7,1167.31,1024.52,63.58,32.45,56.5,No
103178,2024-05-12 09:00:00,California,Residential,809.02,772.43,905.54,52.65,52.27,45.88,No
104407,2024-07-02 14:00:00,New York,Residential,918.33,1043.16,1039.65,46.87,32.87,47.14,No
104262,2024-06-26 13:00:00,California,Residential,1410.83,1642.54,1559.84,59.27,32.19,29.52,Yes
104345,2024-06-30 00:00:00,Florida,Residential,649.96,664.25,665.55,46.19,24.07,61.9,No
101332,2024-02-25 11:00:00,Texas ,Residential,1087.48,1245.08,1237.81,54.55,9.72,35.8,No
102018,2024-03-25 01:00:00,New York,Residential,538.32,599.35,544.6,50.39,33.34,47.35,No
102483,2024-04-13 10:00:00,New York,Commercial,790.16,926.97,860.4,58.1,27.64,83.7,No
101359,2024-02-26 14:00:00,California,Industrial,1544.94,1462.05,1625.19,44.46,50.36,43.99,Yes
101330,2024-02-25 09:00:00,New York,Residential,770.39,865.18,877.85,49.4,53.56,32.17,No
102151,2024-03-30 14:00:00,California,Residential,762.63,736.03,829.82,42.98,26.53,22.33,No
102123,2024-03-29 10:00:00,New York,Industrial,1284.47,1473.33,1430.69,76.62,17.58,47.47,Yes
103982,2024-06-14 21:00:00,California,Residential,975.83,1023.12,1020.51,49.42,49.89,33.39,No
101253,2024-02-22 04:00:00,Texas,Commercial,925.7,841.66,975.21,55.17,28.55,62,No
103279,2024-05-16 14:00:00,California,Commercial,1078.99,1004.99,1194.98,62.89,34.23,42.57,No
103375,2024-05-20 14:00:00,California,Industrial,1411.04,1481.91,1438.18,55.35,35.3,42.82,Yes
102815,2024-04-27 06:00:00,Florida,Residential,532.48,613.91,568.09,52.8,32.49,42.5,No
101849,2024-03-18 00:00:00,California,Industrial,851.11,912.22,932.88,57.29,37.07,29.88,No
103038,2024-05-06 13:00:00,New York,Commercial ,940.11,917.57,1073.43,64.87,34.66,63.05,No
100389,2024-01-17 04:00:00,Texas ,Industrial,1024.82,1044.93,1153.87,59.53,33.87,67.22,No
100236,2024-01-10 19:00:00,Texas ,Residential,1179.54,1379.77,1192.88,67.36,36.68,33.84,Yes
101078,2024-02-14 21:00:00,Texas ,Industrial,1621.67,1508.23,1678.91,68.32,37.52,30.25,Yes
101985,2024-03-23 16:00:00,Texas,Commercial ,1190.39,1328.74,1268.69,51.14,35.45,33.89,No
104364,2024-06-30 19:00:00,Florida,Residential,800.15,833.28,875.91,44.26,44.26,69.8,No
103963,2024-06-14 02:00:00,Texas,Commercial,901.51,866.51,907.17,48.98,38.21,48.03,No
100771,2024-02-02 02:00:00,Texas,Industrial,1138.86,1280.54,1248.26,54.78,12.45,20.64,No
102166,2024-03-31 05:00:00,New York,Residential,501.13,497.46,570.07,59.89,54.66,55.72,No
100674,2024-01-29 01:00:00,Florida,Commercial,767.75,803.44,1024.52,55.72,40.12,44.79,No
100250,2024-01-11 09:00:00,California,Industrial,1328.68,1316.32,1337.94,48.05,32.39,52.71,No
101575,2024-03-06 14:00:00,California,Residential,859.26,922.02,898.12,27.86,16.99,52.74,No
103420,2024-05-22 11:00:00,Texas,Residential,1135.66,1045.08,1267.58,52.29,26.14,59.29,No
102082,2024-03-27 17:00:00,Texas,Residential,1154.76,1184.77,1186.29,51.27,36.04,42.03,No
101824,2024-03-16 23:00:00,California,Industrial,789.55,858.84,808.22,55.09,49.58,60.08,No
100717,2024-01-30 20:00:00,California,Residential,900.18,953.48,933.09,62.84,8.35,41.74,No
104711,2024-07-15 06:00:00,New York,Residential,587.55,538.85,648.79,46.18,39.39,51.88,No
102049,2024-03-26 08:00:00,Florida,Residential,937.13,900.43,1057.17,44.04,28.94,58.64,No
104179,2024-06-23 02:00:00,California,Industrial,896.95,1005.14,931.97,43.5,38.72,45.17,No
102725,2024-04-23 12:00:00,New York,Industrial,1273.88,1195.7,1324.58,54.81,47.49,81.17,No
104562,2024-07-09 01:00:00,California,Residential,796.33,780.01,914.79,60.68,27.04,48.21,No
101461,2024-03-01 20:00:00,New York,Commercial,1058.56,1058.91,1097.71,60.14,42.72,55.38,No
101669,2024-03-10 12:00:00,Texas,Residential,1185.16,1221.03,1325.2,56.12,42.29,38.03,No
102757,2024-04-24 20:00:00,New York,Commercial,1059.21,1199.08,1084.54,60.27,31.81,36.57,No
102001,2024-03-24 08:00:00,California,Residential,938.55,932.46,941.49,66.74,40.76,57.3,No
100405,2024-01-17 20:00:00,California,Commercial,1156.55,1250.97,1279.33,54.64,27.5,50.31,No
100385,2024-01-17 00:00:00,Texas ,Residential,713.73,680.98,794.14,61.25,32.73,70.82,No
104533,2024-07-07 20:00:00,California,Commercial,865.55,980.26,907.42,51.91,20.39,66.08,No
102153,2024-03-30 16:00:00,Texas ,Industrial,1386.38,1275.29,1484.78,46.85,40.04,52.93,No
101634,2024-03-09 01:00:00,California,Industrial,749.18,758.68,769.88,55.6,26.26,54.02,No
104627,2024-07-11 18:00:00,California,Industrial,1295.37,1330.97,1312.98,68.04,25.26,42.54,Yes
103926,2024-06-12 13:00:00,Texas,Industrial,1678.42,1938.97,1830.99,65.43,34.64,17.44,Yes
104159,2024-06-22 06:00:00,California,Residential,503.74,591.16,520.26,53.12,10.68,51.84,No
100224,2024-01-10 07:00:00,New York,Commercial,965.09,1086.19,973.27,48.45,53.13,48.97,No
102194,2024-04-01 09:00:00,Florida,Residential,886.25,957.4,999.72,53.53,22.54,30.73,No
103137,2024-05-10 16:00:00,Texas ,Commercial,1305.1,1305.27,1492.35,67.74,20.69,46.09,No
101825,2024-03-17 00:00:00,Florida,Residential,499.63,481.2,519.98,43.61,35.53,55.35,No
104642,2024-07-12 09:00:00,California,Residential,1317.91,1243.88,1330.37,45.88,17.26,45.51,No
100798,2024-02-03 05:00:00,Florida,Industrial,659.46,772.8,752.01,53.42,42.17,60.24,No
102872,2024-04-29 15:00:00,New York,Residential,976.59,1132.89,1071.17,54.71,50.04,59.03,No
100010,2024-01-01 09:00:00,Texas ,Commercial,1363.41,1410.95,1515.81,62.98,20.78,27.46,Yes
101945,2024-03-22 00:00:00,California,Industrial,867.43,894.36,880.42,57.39,41.9,70.94,No
101839,2024-03-17 14:00:00,California,Residential,829.12,878.97,856.67,43.96,27.11,53.74,No
100256,2024-01-11 15:00:00,Florida,Industrial,1274.91,990.29,1384.11,60.37,35.69,62.06,Yes
104657,2024-07-13 00:00:00,California,Industrial,788.51,896.49,807.06,61.39,17.03,51.06,No
101582,2024-03-06 21:00:00,New York,Industrial,1167.71,1137.12,1316.14,47.35,15.71,54.92,No
102957,2024-05-03 04:00:00,Texas ,Residential,799.8,770.06,894.55,39.31,11.21,54.27,No
100925,2024-02-08 12:00:00,New York,Commercial,1023.43,990.87,1099.91,43.61,45.52,16.02,No
104955,2024-07-25 10:00:00,New York,Residential,798.02,798.35,836.22,56.35,20.07,59.89,No
102509,2024-04-14 12:00:00,California,Industrial,1276.27,1186.17,1341.53,60.39,34.39,44.05,No
103776,2024-06-06 07:00:00,New York,Residential,821.99,898.15,928.01,55.87,17.01,39.07,No
104137,2024-06-21 08:00:00,Texas ,Residential,1170.47,1193.15,1271.9,54.17,28.03,30.56,No
102780,2024-04-25 19:00:00,California,Industrial,1417.32,1628.84,1426.36,58.07,29.9,46.39,Yes
100540,2024-01-23 11:00:00,Texas,Industrial,1658.19,1521.26,1718.67,61.25,43.36,55.43,Yes
102746,2024-04-24 09:00:00,California,Industrial,1379.71,1388.58,1024.52,49.46,26.02,20.62,Yes
104539,2024-07-08 02:00:00,Texas,Residential,793.98,889.02,892.02,60.81,18.86,55.99,No
104640,2024-07-12 07:00:00,California,Residential,949.83,874.73,1043.93,45.18,18.98,58.38,No
101146,2024-02-17 17:00:00,California,Residential,781.31,822.45,879.16,61.32,36.14,51.66,No
104469,2024-07-05 04:00:00,New York,Industrial,832.7,827.42,927.45,47.5,16.97,57.74,No
100668,2024-01-28 19:00:00,Texas,Commercial ,1189.29,1347.65,1024.52,68.11,31.02,38.14,Yes
103020,2024-05-05 19:00:00,California,Commercial ,951.63,991.74,1085.59,52.91,42.58,61.94,No
100358,2024-01-15 21:00:00,Florida,Industrial,1314.89,1483.25,1414.66,62.8,49.66,42.97,Yes
102832,2024-04-27 23:00:00,Texas ,Commercial,779.57,738.76,890.98,47.81,27.49,5.68,No
102784,2024-04-25 23:00:00,California,Residential,705,775.76,730.69,51.06,13.67,25.36,No
101354,2024-02-26 09:00:00,Texas ,Industrial,1539.53,1517.95,1673.05,67.44,20.53,38.33,Yes
100471,2024-01-20 14:00:00,Texas,Residential,1019.91,928.55,1079.53,41.79,24.67,31.79,No
102704,2024-04-22 15:00:00,Texas,Commercial,1235.42,1266.09,1251.89,61.77,36.42,47.46,No
103331,2024-05-18 18:00:00,Florida,Residential,855.69,831.27,959.69,66.08,21.79,15.47,No
103638,2024-05-31 13:00:00,California,Commercial,1324.66,1466.13,1334.89,63.73,18.72,50.69,Yes
101397,2024-02-28 04:00:00,New York,Industrial,735.19,696.8,839.49,41.66,28.72,34.04,No
103585,2024-05-29 08:00:00,New York,Industrial,1157.47,1237.44,1192.33,43.99,31.02,56.48,No
104527,2024-07-07 14:00:00,Texas ,Commercial ,1108.46,1073.82,1110.71,47.84,21.61,51.02,No
103377,2024-05-20 16:00:00,Texas ,Residential,955.95,1505.65,1446.07,61.51,29.9,44.22,Yes
101257,2024-02-22 08:00:00,California,Industrial,1385.33,1434.6,1399.73,57.63,24.72,67.73,Yes
103513,2024-05-26 08:00:00,New York,Residential,795.26,926.49,880.28,58.68,13.1,52.81,No
101251,2024-02-22 02:00:00,California,Industrial,938.25,1094.18,1032.05,67.74,19.13,46.09,No
104852,2024-07-21 03:00:00,New York,Industrial,832.88,952.87,920.65,46.94,54.99,50.8,No
104299,2024-06-28 02:00:00,New York,Industrial,729.43,836.21,748.41,44.34,28.06,53.3,No
103285,2024-05-16 20:00:00,New York,Industrial,1165.7,1274.72,1195.96,52.28,41.09,56.45,No
102934,2024-05-02 05:00:00,Florida,Commercial,672.5,740.99,735.98,41.01,40.55,36.75,No
104176,2024-06-22 23:00:00,New York,Residential,534.11,484.08,581.13,60.92,33.92,54.86,No
101853,2024-03-18 04:00:00,California,Industrial,825.52,828.05,877.79,48.92,18.76,34.31,No
104914,2024-07-23 17:00:00,California,Industrial,1412.25,1552.46,1495.31,56.32,59.97,52.55,Yes
102106,2024-03-28 17:00:00,California,Residential,947.38,967.6,1021.93,58.69,40.22,64.5,No
100134,2024-01-06 13:00:00,California,Residential,928.85,1021.65,946.98,46.77,31.24,49.55,No
100929,2024-02-08 16:00:00,Florida,Industrial,1333.57,1526.95,1483.79,68.27,30.07,85.33,Yes
100824,2024-02-04 07:00:00,New York,Residential,789.93,869.55,811.85,56.48,36.25,66.51,No
104674,2024-07-13 17:00:00,Texas,Residential,937.18,995.26,956.19,50.27,42.76,42.88,No
101532,2024-03-04 19:00:00,Florida,Industrial,1246.05,1255.81,1364.42,56.98,36.58,46.16,No
101215,2024-02-20 14:00:00,Texas ,Residential,1188.43,1104.73,1204.54,54.64,32.31,56.98,No
100505,2024-01-22 00:00:00,Texas ,Commercial,948.9,858.25,1015.58,51.47,39.29,56.77,No
104286,2024-06-27 13:00:00,Florida,Residential,1074.94,1030.14,1217.24,68.25,41.57,66.09,No
101997,2024-03-24 04:00:00,New York,Residential,475.72,471.15,533.42,65.29,17.05,13.04,No
103073,2024-05-08 00:00:00,California,Residential,773.36,807.3,803.25,53.3,36.06,57.29,No
101385,2024-02-27 16:00:00,Texas ,Commercial,1325.35,1406.09,1494.29,59.28,28.57,49.26,Yes
100895,2024-02-07 06:00:00,Texas ,Industrial,990.69,1100.12,1014.65,69.87,26.26,37.36,No
100456,2024-01-19 23:00:00,New York,Residential,635.46,593.39,641.53,50.28,31.7,26.44,No
104679,2024-07-13 22:00:00,Texas ,Industrial,857.06,864.1,926.01,51.04,31.94,22.65,No
103710,2024-06-03 13:00:00,New York,Residential,825.33,838.63,870.9,38.92,12.12,35.57,No
104661,2024-07-13 04:00:00,Florida,Industrial,744.77,724.06,786.3,56.24,36.4,28.94,No
104269,2024-06-26 20:00:00,California,Residential,992.57,1163.25,1113.6,56.31,34.52,51.52,No
103523,2024-05-26 18:00:00,California,Residential,862.73,813.92,955.89,65.79,48.35,47.5,No
104135,2024-06-21 06:00:00,Florida,Residential,708.06,650.05,810.23,47.9,13.54,55.11,No
103603,2024-05-30 02:00:00,California,Commercial ,761.71,754.19,790.71,49.54,16.53,61.23,No
100714,2024-01-30 17:00:00,New York,Industrial,1185.16,1279.96,1294.83,59.5,22.52,64.18,No
104187,2024-06-23 10:00:00,Texas,Residential,1096.38,1112.41,1114.58,51.95,38.28,21.07,No
102215,2024-04-02 06:00:00,Texas ,Residential,760.72,708.88,846.61,51.33,12.3,63.5,No
102924,2024-05-01 19:00:00,California,Residential,1021.69,1204.6,1046.53,52.82,38.82,71.72,No
101811,2024-03-16 10:00:00,Texas ,Residential,976.95,1059.85,1085.25,68.08,30.55,56.7,No
103487,2024-05-25 06:00:00,New York, Residential ,559.86,546.72,587.74,49.59,22.28,51.96,No
103142,2024-05-10 21:00:00,New York,Residential,800.35,881.5,870.43,49.51,41.88,31.94,No
101828,2024-03-17 03:00:00,New York,Residential,415.16,438.82,429.17,55.09,38.22,28.88,No
101156,2024-02-18 03:00:00,Texas ,Residential,640.65,727,679.31,49.07,38.19,49.55,No
101325,2024-02-25 04:00:00,New York,Residential,407.42,470.03,455.54,42.24,33.03,31.95,No
104313,2024-06-28 16:00:00,Texas,Residential,1047.02,1022.22,1117.17,57.36,7.34,42.96,No
100511,2024-01-22 06:00:00,Florida,Residential,613.68,591.37,702.27,52.7,29.85,55.97,No
101681,2024-03-11 00:00:00,California,Residential,749.68,681.17,794.73,67.99,44.42,19.54,No
100500,2024-01-21 19:00:00,New York,Industrial,1050.03,1032.37,1068.28,46.7,38.02,48.89,No
104577,2024-07-09 16:00:00,New York,Residential,859.65,950.68,954.34,63.54,39.86,51.98,No
101857,2024-03-18 08:00:00,Texas ,Industrial,1675.28,1588.51,1731.51,54.49,29.6,66.34,Yes
101389,2024-02-27 20:00:00,New York,Commercial,967.31,1066.91,1076.28,56.79,39.21,11.86,No
103720,2024-06-03 23:00:00,California,Industrial,954.45,876.93,1024.04,47.72,25.45,30.88,No
102387,2024-04-09 10:00:00,New York,Residential,867.92,968.69,876.66,64.79,41.08,51.54,No
103237,2024-05-14 20:00:00,California,Residential,935.14,1103.01,1060.66,61.45,35.31,52.14,No
101541,2024-03-05 04:00:00,Texas ,Residential,664.72,705.93,743.24,53.63,34.22,48.72,No
101218,2024-02-20 17:00:00,Texas ,Commercial,1359.9,1324.94,1496.39,57.24,43.8,25.83,No
102682,2024-04-21 17:00:00,California,Industrial,1383.29,1367.96,1439.48,51.15,30.3,26.23,Yes
102994,2024-05-04 17:00:00,New York,Commercial,884.18,1006.72,980.91,58.67,37.73,67.74,No
101192,2024-02-19 15:00:00,Florida,Residential,927.41,1084.01,990.93,53.45,8.44,35.4,No
101543,2024-03-05 06:00:00,Florida,Industrial,789.61,747.92,837.83,57.33,43.41,35.25,No
103302,2024-05-17 13:00:00,New York,Commercial,871.63,992.44,984.58,55.43,25.81,65.07,No
103325,2024-05-18 12:00:00,California,Residential,933.72,851.52,973.39,50.21,51.98,45.82,No
102540,2024-04-15 19:00:00,Texas ,Commercial,1269.64,1419.99,1368.48,55.09,31.83,60.1,Yes
100954,2024-02-09 17:00:00,New York,Industrial,1065.89,960.36,1222.59,58.6,46.92,62.27,No
104331,2024-06-29 10:00:00,California,Residential,897.92,1054.72,979.27,63.85,52.92,49.03,No
100733,2024-01-31 12:00:00,Texas ,Residential,1286,1456.79,1292.53,70.4,31.6,50.41,Yes
101157,2024-02-18 04:00:00,Texas,Residential,673.59,641.16,749.3,55.13,36.27,36.42,No
103295,2024-05-17 06:00:00,New York,Residential,550.85,496.28,598.11,61.33,32.1,50.27,No
102983,2024-05-04 06:00:00,Texas ,Residential,654.21,594.38,671.16,47.43,31.02,51.91,No
102157,2024-03-30 20:00:00,Texas,Industrial,1415.53,1398.2,1435.88,63.23,20.22,49.65,Yes
101063,2024-02-14 06:00:00,Texas ,Industrial,1082.69,990.29,1169.05,57.89,41.32,63.7,No
102617,2024-04-19 00:00:00,New York,Commercial,560.35,608.08,576.68,53.78,32.7,40.88,No
101168,2024-02-18 15:00:00,Florida,Industrial,1181.27,1359.31,1311.76,67.37,21.71,67.57,Yes
103223,2024-05-14 06:00:00,Texas,Residential,821.73,912.59,872.2,63.27,28.8,27.77,No
103637,2024-05-31 12:00:00,New York,Commercial ,1067.22,1104.55,1147.69,64.35,35.97,36.27,No
102939,2024-05-02 10:00:00,New York,Commercial,930.31,918.81,943.45,57.43,30.12,51.89,No
104492,2024-07-06 03:00:00,Texas ,Residential,828.67,905.57,934.48,49.92,28.74,22.44,No
103141,2024-05-10 20:00:00,New York,Residential,841.1,985.31,950.38,55.1,38.74,80.91,No
100144,2024-01-06 23:00:00,California,Residential,637.32,652.16,716.68,42.78,46.63,68.21,No
103578,2024-05-29 01:00:00,New York,Residential,580.33,609.5,663.77,48.13,39.93,49.38,No
102783,2024-04-25 22:00:00,New York,Commercial ,622.02,650.87,676.63,47.33,40.11,65.75,No
100718,2024-01-30 21:00:00,New York,Commercial,1013.22,1133.28,1108.07,64.88,30.14,34.79,No
101820,2024-03-16 19:00:00,New York,Residential,729.26,810.63,731.54,53.42,42.68,55.15,No
102503,2024-04-14 06:00:00,Florida,Residential,626.31,567.72,661.2,35.97,32.95,68.77,No
104361,2024-06-30 16:00:00,Texas,Industrial,1303.42,1532.47,1327.78,52.01,18.99,42.22,Yes
104172,2024-06-22 19:00:00,New York,Commercial ,902.7,1001.87,973.04,43.75,21.25,40.39,No
100396,2024-01-17 11:00:00,New York,Commercial,1032.79,1082.29,1087.82,52.17,39.22,45.69,No
104881,2024-07-22 08:00:00,California,Commercial,1176.66,1119.99,1177.72,40.79,26.23,47.55,No
104493,2024-07-06 04:00:00,Florida,Commercial,692.95,677.62,740.24,43.69,32.35,63.45,No
101366,2024-02-26 21:00:00,Texas,Industrial,1668.78,1726,1724.1,55.66,23.09,70.12,Yes
104948,2024-07-25 03:00:00,Texas ,Residential,784.93,872.24,902.38,63.97,21.08,52.12,No
100596,2024-01-25 19:00:00,New York,Industrial,1244.19,1350.33,1361.84,52.76,36.88,48.21,Yes
103953,2024-06-13 16:00:00,New York,Residential,954.09,1021.13,964.07,45.85,44.35,54.65,No
102915,2024-05-01 10:00:00,California,Residential,967.62,1033.2,1055.8,54.65,27.93,35.83,No
102327,2024-04-06 22:00:00,California,Residential,532.76,548.75,588.31,56.39,28.47,58.51,No
103767,2024-06-05 22:00:00,Florida,Commercial ,743.58,682.36,756.17,60.66,22.63,90.16,No
103441,2024-05-23 08:00:00,California,Commercial,1097.41,1174.6,1155.81,58.21,38.14,58.96,No
103852,2024-06-09 11:00:00,Texas,Industrial,1525.84,1790.36,1637.92,50.44,20.39,54.83,Yes
104133,2024-06-21 04:00:00,Texas ,Industrial,1057.92,1080.38,1161.12,60.8,32.36,55.93,No
104632,2024-07-11 23:00:00,California,Residential,618.14,630.53,688.37,64.16,40.71,45.23,No
102144,2024-03-30 07:00:00,California,Commercial,978.29,1007,1032.45,58.03,12.51,32.97,No
101572,2024-03-06 11:00:00,Texas,Residential,1289.95,1478.45,1368.9,54.95,30.82,46.99,Yes
104080,2024-06-18 23:00:00,California,Residential,799.76,752.75,884.72,53.59,43.44,47.4,No
101123,2024-02-16 18:00:00,California,Residential,930.19,1079.3,1024.37,64.89,47.3,53.45,No
102787,2024-04-26 02:00:00,New York,Commercial,955.95,615.98,587.42,44.76,32.47,10.85,No
102968,2024-05-03 15:00:00,Florida,Residential,898.35,1052.76,988.36,45.85,30.12,77.21,No
102505,2024-04-14 08:00:00,California,Industrial,1173.8,1286.15,1313.34,60.24,21.55,38.6,No
103466,2024-05-24 09:00:00,Texas ,Commercial,1354.69,1587.69,1511.68,57.71,34.4,62.1,Yes
100676,2024-01-29 03:00:00,New York,Residential,599.72,660.44,638.33,49.86,32.53,61.25,No
102809,2024-04-27 00:00:00,New York,Commercial,545.78,571.02,594.57,45.96,20.39,66.01,No
103349,2024-05-19 12:00:00,California,Industrial,1281.63,990.29,1355.22,55.3,39.38,49.55,No
100729,2024-01-31 08:00:00,California,Residential,1039.55,1153.05,1131.78,53.89,24.28,43.21,No
100413,2024-01-18 04:00:00,New York,Residential,589.08,594.24,620.42,37.44,38.77,38.22,No
103147,2024-05-11 02:00:00,New York,Commercial,652.25,711.43,700.01,54.63,9.31,42.96,No
101517,2024-03-04 04:00:00,Florida,Commercial ,801.51,763.84,921.36,40.17,39.37,54.24,No
100826,2024-02-04 09:00:00,New York,Commercial,825.55,848.69,858.19,68.32,29.55,63.32,No
103268,2024-05-16 03:00:00,Florida,Commercial,751.41,800.15,807.54,51.93,25.37,54.23,No
103975,2024-06-14 14:00:00,California,Commercial,1079.33,1104.8,1140.87,47.66,24.85,58.33,No
100617,2024-01-26 16:00:00,Texas,Commercial ,1252.22,1230.3,1307.06,58.27,27.67,40.97,No
100115,2024-01-05 18:00:00,Florida,Commercial,1025.47,934.21,1038.91,64.17,18.96,70.49,No
100418,2024-01-18 09:00:00,California,Commercial,1157.14,1232.08,1024.52,48.66,32.94,54.94,No
103070,2024-05-07 21:00:00,Texas ,Industrial,1655.86,1502.87,1802.43,66.27,31.41,58.79,Yes
101626,2024-03-08 17:00:00,Texas ,Residential,1134.24,1193.98,1152.91,55.5,24.13,57.81,No
104996,2024-07-27 03:00:00,New York,Commercial ,622.26,610.61,658.86,46.54,20.02,38.51,No
104186,2024-06-23 09:00:00,Florida,Residential,937.29,991.04,1062.79,60.5,38.34,44.82,No
102897,2024-04-30 16:00:00,Florida,Residential,826.26,955.33,938.9,66.69,17.83,43.14,No
104714,2024-07-15 09:00:00,Texas ,Residential,1288.72,1445.37,1292.83,61.85,26.23,46.06,Yes
102083,2024-03-27 18:00:00,New York,Commercial,1000.19,944.18,1008.62,60.96,31.64,44.43,No
100754,2024-02-01 09:00:00,California,Commercial ,955.95,1145.68,1096.04,63.71,32.33,31.95,No
102547,2024-04-16 02:00:00,Texas,Residential,829.28,907.56,861.1,70.66,38.3,45.21,No
103970,2024-06-14 09:00:00,New York,Residential,903.4,990.29,1000.04,53.65,38.41,51.4,No
103374,2024-05-20 13:00:00,Texas ,Residential,1238.43,1244.17,1283.16,57.15,42.1,49.55,No
104108,2024-06-20 03:00:00,Texas,Commercial ,858.7,966.77,962.3,67.82,53.58,31.06,No
104381,2024-07-01 12:00:00,Texas,Residential,1321.18,990.29,1514.03,54.12,43.24,63.16,Yes
101067,2024-02-14 10:00:00,California,Industrial,1341.38,1237.89,1352.09,58.07,39.42,28,No
103914,2024-06-12 01:00:00,New York,Residential,675.25,778.82,708.59,49.03,39.73,64.94,No
103499,2024-05-25 18:00:00,California,Residential,875.32,876.29,950.1,57.81,49.89,19.9,No
102739,2024-04-24 02:00:00,New York,Residential,543.42,542.96,609.29,39.39,40.63,68.02,No
104001,2024-06-15 16:00:00,Florida,Industrial,1185.12,1067.44,1299.73,56.71,34.18,58.43,No
101569,2024-03-06 08:00:00,Florida,Commercial,1005.49,1089.76,1025.31,52.3,37.61,22.07,No
102428,2024-04-11 03:00:00,New York,Commercial,666.07,707.77,748.19,50.43,25.66,66.98,No
103747,2024-06-05 02:00:00,Texas ,Residential,853.55,903.69,860.3,55.2,13.9,53.2,No
104682,2024-07-14 01:00:00,California,Residential,550.4,498.96,593.46,42.24,42.2,51.41,No
101688,2024-03-11 07:00:00,New York,Commercial,1003.76,1090.96,1057.73,55.13,27.52,44.7,No
100852,2024-02-05 11:00:00,Texas ,Industrial,1660.14,1659.01,1895.99,50.68,21.62,33.27,Yes
103547,2024-05-27 18:00:00,Texas,Commercial ,1287.25,1189.39,1421.17,79.83,37,58.28,No
100896,2024-02-07 07:00:00,California,Commercial,984.48,992.65,986.73,65.15,43.57,37.14,No
104593,2024-07-10 08:00:00,Florida,Residential,879.18,1001.67,989.33,62.56,27.57,45.13,No
100336,2024-01-14 23:00:00,Texas,Industrial,989.32,1050.16,1043.22,56.87,45.32,58.12,No
102840,2024-04-28 07:00:00,New York,Commercial ,755.51,888.43,819.02,58.08,45.08,32.81,No
103088,2024-05-08 15:00:00,Texas,Residential,1175.88,1137.92,1181.1,71.28,23.7,25.02,No
104612,2024-07-11 03:00:00,Texas,Commercial,868.64,844.75,972.34,33.17,31.02,78.61,No
101349,2024-02-26 04:00:00,New York,Industrial,871.01,867.54,903.04,61.07,32.69,65.35,No
101016,2024-02-12 07:00:00,New York,Residential,902.18,990.29,1033.23,54.52,33.25,80.97,No
102817,2024-04-27 08:00:00,New York,Commercial,853.08,987.36,901.43,48.37,33.09,64.07,No
101632,2024-03-08 23:00:00,California,Residential,734.46,829.96,761.18,41.59,36.91,51.69,No
102490,2024-04-13 17:00:00,New York,Commercial ,887.72,1041.57,1017.18,45.3,34.87,55.79,No
103731,2024-06-04 10:00:00,Texas,Residential,1284.61,1496.86,1403.58,63.46,37.13,56.83,Yes
103252,2024-05-15 11:00:00,Texas,Industrial,1598.39,1795.88,1700.9,64.22,18.67,64.68,Yes
104677,2024-07-13 20:00:00,Texas,Industrial,1531.35,1751.05,1620,74.41,53.44,51.43,Yes
102071,2024-03-27 06:00:00,Texas ,Commercial,801.68,823.14,809.44,59.59,23.8,47.06,No
104453,2024-07-04 12:00:00,California,Residential,843.51,977.65,877.5,53.04,45.97,40.7,No
104928,2024-07-24 07:00:00,California,Industrial,1269.59,1240.61,1383.96,50.56,25.22,35.57,No
101636,2024-03-09 03:00:00,California,Commercial,606.05,667.07,652.96,62.78,28.78,65.26,No
104647,2024-07-12 14:00:00,Texas ,Commercial ,1297.63,1239.23,1429.7,56.13,33.5,75.97,No
102480,2024-04-13 07:00:00,California,Commercial,960.67,1034.09,1077.59,58.27,19.92,49.07,No
102266,2024-04-04 09:00:00,Florida,Residential,982.57,1080.75,1062.87,47.33,26.84,42.72,No
102960,2024-05-03 07:00:00,California,Residential,962.8,1013.71,971.45,67.49,35.44,39.94,No
104776,2024-07-17 23:00:00,California,Industrial,918.61,974.6,1038.87,52.35,53.81,49.55,No
103060,2024-05-07 11:00:00,New York,Industrial,1204.68,1233.72,1361.23,41.81,36.24,51.67,No
102142,2024-03-30 05:00:00,Florida,Residential,534.33,542.35,563.74,43.47,25.49,58.81,No
103119,2024-05-09 22:00:00,California,Residential,567.79,665.51,586.53,58.46,30.41,28.2,No
104769,2024-07-17 16:00:00,Texas ,Industrial,1657.65,1943.11,1818.32,59.16,40.74,33.35,Yes
104046,2024-06-17 13:00:00,New York,Residential,876.85,912.26,927.83,54.11,25.55,64.72,No
103357,2024-05-19 20:00:00,Texas ,Commercial,977.59,953.48,1114.25,54.26,47.87,48.24,No
102745,2024-04-24 08:00:00,Florida,Industrial,1248.8,1312.52,1024.52,54.61,21.28,58.09,No
103507,2024-05-26 02:00:00,New York,Residential,454.45,442.17,458.39,46.62,27.83,57.29,No
101680,2024-03-10 23:00:00,Texas ,Industrial,916.07,860,986.46,42.35,34.61,59.12,No
104250,2024-06-26 01:00:00,New York,Commercial,562.78,660.66,573.44,49.16,20.68,31.96,No
103148,2024-05-11 03:00:00,Texas ,Industrial,899.86,981.81,929.03,56.03,32.28,56.68,No
102295,2024-04-05 14:00:00,Texas,Residential,1165.75,1180.21,1297.49,47.25,30.38,86.07,No
100581,2024-01-25 04:00:00,New York,Residential,552.43,509.38,603.83,49.29,25.3,41.57,No
101471,2024-03-02 06:00:00,Florida,Residential,450.54,504.92,495.42,48.98,30.29,70.08,No
104071,2024-06-18 14:00:00,California,Commercial ,1119.57,1059.6,1170.58,59.7,21.15,35.14,No
103344,2024-05-19 07:00:00,Texas,Industrial,1444.78,1349.42,1471.05,44.41,33.66,49.21,Yes
104584,2024-07-09 23:00:00,Texas ,Residential,847.71,997.52,921.88,48.92,20.81,41.85,No
103673,2024-06-02 00:00:00,Texas ,Industrial,910.79,871.18,1041.91,49.11,34.61,44,No
100560,2024-01-24 07:00:00,Florida,Industrial,1403.32,1368.03,1593.35,57.81,33.52,52.02,Yes
102850,2024-04-28 17:00:00,New York,Residential,758.72,758.88,777.95,51.82,38.57,64.31,No
100513,2024-01-22 08:00:00,New York,Commercial ,897.24,934.16,968.9,49.76,30.32,71.44,No
101082,2024-02-15 01:00:00,Texas,Industrial,1154.99,1176.35,1284.92,75.52,45.36,68.29,No
101665,2024-03-10 08:00:00,New York,Commercial ,880.63,965.3,899.97,50.9,38.18,51.38,No
101932,2024-03-21 11:00:00,Florida,Residential,897.05,994.61,934.55,61.48,49.52,61.77,No
101151,2024-02-17 22:00:00,Texas ,Industrial,965.53,1121.11,997.93,61.42,59.07,39.5,No
102839,2024-04-28 06:00:00,Texas ,Commercial,730.87,852.85,742.57,40.3,43,18.76,No
100117,2024-01-05 20:00:00,California,Commercial,1054.86,1062.28,1196.41,56.22,25.46,49.13,No
100741,2024-01-31 20:00:00,New York,Commercial ,1071.11,1183.09,1176.04,46.25,31.02,47.7,No
104851,2024-07-21 02:00:00,New York,Residential,411.4,474.57,442.17,43.8,31.92,36.67,No
103676,2024-06-02 03:00:00,California,Commercial,657.82,645.31,659.56,43.59,43.41,63.71,No
100831,2024-02-04 14:00:00,California,Industrial,1171.87,1086.82,1281.74,53.26,38.24,44.74,No
100120,2024-01-05 23:00:00,Florida,Commercial,752.36,784.64,758.32,43.1,5.97,60.35,No
104824,2024-07-19 23:00:00,New York,Residential,569.98,570.51,637.87,64.79,27.83,47.71,No
104783,2024-07-18 06:00:00,Florida,Residential,667.89,732.57,765.44,50.86,26.5,87.5,No
100636,2024-01-27 11:00:00,New York,Residential,815.27,836.31,912.35,34.88,25.57,45.32,No
104466,2024-07-05 01:00:00,New York,Industrial,674.93,739.98,689.24,51.9,13.2,57.95,No
104365,2024-06-30 20:00:00,California,Commercial,872.25,900.27,915.59,55.82,7.22,31.89,No
104143,2024-06-21 14:00:00,Texas,Industrial,1618.63,1537.87,1724.07,60.54,36.64,70.82,Yes
100992,2024-02-11 07:00:00,Texas ,Industrial,1464.51,1579.77,1537.67,56.78,29.37,51.8,Yes
100877,2024-02-06 12:00:00,Texas ,Commercial ,1290.18,1343.89,1442.15,50.54,49.88,46.75,Yes
100005,2024-01-01 04:00:00,Texas,Commercial ,933.32,948,942.87,43.83,41.12,51.56,No
103052,2024-05-07 03:00:00,New York,Residential,640.04,698.14,665.63,58.29,17.61,24.71,No
103125,2024-05-10 04:00:00,Texas ,Commercial,869.08,980.43,873.53,64.55,38.76,42.49,No
102661,2024-04-20 20:00:00,New York,Residential,740.62,693.43,763.7,68.95,28.48,38.57,No
102492,2024-04-13 19:00:00,California,Commercial,1049.29,1070.38,1082.89,56.19,31.02,53.45,No
103855,2024-06-09 14:00:00,Texas ,Industrial,1391.04,1494.13,1455.2,48.03,41.81,47.5,Yes
101716,2024-03-12 11:00:00,New York,Commercial,992.45,1146.57,1048.53,59.3,21.77,75.37,No
101149,2024-02-17 20:00:00,California,Industrial,955.95,1315.83,1250.62,67.01,31.02,48.47,No
103262,2024-05-15 21:00:00,Florida,Residential,886.8,960.14,888.17,53,19.05,56.93,No
100575,2024-01-24 22:00:00,California,Residential,685.44,686.98,764.77,52.24,22.01,56.85,No
103770,2024-06-06 01:00:00,Texas,Residential,669.58,636,765.12,50.95,42.77,61.68,No
103737,2024-06-04 16:00:00,Texas ,Commercial,1309.28,1407.98,1433.62,48.46,5.46,39,Yes
104147,2024-06-21 18:00:00,Texas,Commercial,1355.08,1449.76,1395.98,55.09,31.41,69.63,Yes
100854,2024-02-05 13:00:00,New York,Commercial ,941.59,989.09,1046.42,52,36.44,41.19,No
101983,2024-03-23 14:00:00,New York,Industrial,974.53,950.11,1027.86,50.82,22.59,34.56,No
102775,2024-04-25 14:00:00,Florida,Commercial,953.98,1040.95,1018.69,53.61,34.7,59.21,No
101167,2024-02-18 14:00:00,California,Commercial,911.92,1058.37,995.55,54.1,35.94,28.78,No
100972,2024-02-10 11:00:00,New York,Residential,774.44,700.03,876.49,46.9,13.82,53.54,No
102702,2024-04-22 13:00:00,New York,Residential,830.77,775.19,893.44,59.31,20.68,36.06,No
104496,2024-07-06 07:00:00,Florida,Industrial,1133.64,1324.79,1154.79,67.45,32.73,48.49,No
103848,2024-06-09 07:00:00,Florida,Residential,638.79,640.45,649.1,59.04,44.07,68.9,No
102369,2024-04-08 16:00:00,California,Residential,987.87,1014.67,1129.2,47.6,39.44,54.27,No
104116,2024-06-20 11:00:00,California,Industrial,1331.12,1378.28,1469.46,54.81,28.52,68.67,Yes
104132,2024-06-21 03:00:00,California,Residential,578.04,567.12,636.11,44.97,55.81,36.75,No
102951,2024-05-02 22:00:00,California,Industrial,839.25,985.73,850.91,63.37,27.32,64.36,No
100525,2024-01-22 20:00:00,California,Industrial,955.95,1267.42,1612.18,57.45,40.85,63.94,No
102456,2024-04-12 07:00:00,Texas,Industrial,1792.23,2063.95,1998.37,78.75,42.91,28.42,Yes
101842,2024-03-17 17:00:00,New York,Residential,693.38,776.67,763.99,47.42,23.17,56.86,No
100538,2024-01-23 09:00:00,California,Commercial ,1115.17,1305.42,1224.38,59.4,50.64,29.88,No
102807,2024-04-26 22:00:00,Texas ,Residential,781.1,743.34,855.55,51.66,36.06,51,No
104342,2024-06-29 21:00:00,Texas,Industrial,1436.68,1655.27,1509,54.57,35.72,70.86,Yes
103176,2024-05-12 07:00:00,California,Commercial,982.87,937.71,1083.09,63.09,26.16,30.96,No
100785,2024-02-02 16:00:00,California,Residential,1054.15,1243.06,1206.04,49.84,37.67,43.91,No
104058,2024-06-18 01:00:00,Texas,Residential,804.78,845.09,821.37,55.09,23.9,55.7,No
101410,2024-02-28 17:00:00,California,Industrial,1432.11,1294.16,1528.11,53.69,15.12,41.85,No
102538,2024-04-15 17:00:00,Texas,Commercial,1289.8,1319.3,1316.22,56.73,28.58,61.59,No
100155,2024-01-07 10:00:00,New York,Residential,734.15,832.56,756.01,44.84,51.32,31.52,No
103010,2024-05-05 09:00:00,Texas,Residential,999.7,1062.37,1034.19,48.62,29.9,37,No
101687,2024-03-11 06:00:00,New York,Commercial,660.2,618.44,674.08,31.6,31.97,67.34,No
102902,2024-04-30 21:00:00,Texas ,Residential,1220.82,1361.17,1255.61,75.73,28.86,61.83,Yes
104995,2024-07-27 02:00:00,Texas,Residential,662.87,660.43,738.22,71.31,31.02,46.05,No
104722,2024-07-15 17:00:00,Texas,Industrial,1623.15,1763.69,1652.49,49.71,27.5,48.6,Yes
103864,2024-06-09 23:00:00,California,Industrial,793.53,786.91,824.61,43.07,20.96,92.92,No
102734,2024-04-23 21:00:00,New York,Commercial ,866.64,819.07,947.41,59.96,40.03,48.59,No
101896,2024-03-19 23:00:00,Texas ,Commercial ,941.93,1095.5,967.45,55.09,40.25,32.87,No
100570,2024-01-24 17:00:00,California,Industrial,1328.21,1291.71,1346,60.41,26.79,86.24,No
101817,2024-03-16 16:00:00,California,Residential,894.63,876.83,905.04,56.77,48.08,63.94,No
102066,2024-03-27 01:00:00,California,Industrial,928.01,1034.15,936.98,60.65,33.34,28.92,No
103395,2024-05-21 10:00:00,New York,Commercial ,850.86,979.46,886.66,41.73,35.42,36.07,No
103328,2024-05-18 15:00:00,Florida,Industrial,1241.62,1188.28,1268.25,55.23,39.28,43.09,No
1004406,2024-07-02 13:00:00,Texas ,Commercial,1209.159423,1182.45,1389.36,57.73,40.13,33.65,No
102976,2024-05-03 23:00:00,Texas,Residential,652.28,730.67,695.34,55.09,13.38,43.35,No
100981,2024-02-10 20:00:00,California,Residential,737.63,794.81,768.83,46.48,33.38,45.54,No
102301,2024-04-05 20:00:00,California,Residential,955.95,1192.37,1018.66,57.97,55.79,42.73,No
100191,2024-01-08 22:00:00,Texas,Commercial,792.72,894.48,894.03,53.41,30.2,75.98,No
101140,2024-02-17 11:00:00,Florida,Commercial ,923.51,1010.68,1031.82,58.19,43.79,50.27,No
100700,2024-01-30 03:00:00,New York,Commercial,656.15,766.5,740.25,56.37,39.42,72.31,No
104825,2024-07-20 00:00:00,Florida,Industrial,795.17,821,901.96,44.36,38.43,52.64,No
100607,2024-01-26 06:00:00,California,Commercial ,791.37,748.9,867.63,55.09,33.56,21.8,No
104277,2024-06-27 04:00:00,New York,Commercial,504.52,481.36,542.42,52.22,34.51,56.16,No
100302,2024-01-13 13:00:00,Florida,Residential,916.39,990.29,965.89,53.87,31.02,76.15,No
103421,2024-05-22 12:00:00,Texas , Industrial ,1649.73,1897.42,1740.65,58.27,27.56,49.55,Yes
104865,2024-07-21 16:00:00,California,Residential,889.72,985.19,1002.88,57.51,36.58,36.61,No
101061,2024-02-14 04:00:00,California,Residential,753.17,886.61,809.62,55.04,35.25,50.41,No
102566,2024-04-16 21:00:00,California,Commercial ,1056.43,1160.5,1180.25,54.93,29.48,34.55,No
1002918,2024-05-01 13:00:00,California,Residential,1019.899669,1127.48,1073.4,50.5,43.45,66.19,No
101070,2024-02-14 13:00:00,California,Residential,1094.54,1170.86,1258.09,56.47,53.48,61.87,No
102525,2024-04-15 04:00:00,California,Commercial,661.2,687.28,727.51,45.05,11.97,37.41,No
102206,2024-04-01 21:00:00,New York,Residential,838.49,924.84,895.49,48.55,24.25,5.04,No
101244,2024-02-21 19:00:00,California,Residential,972.07,990.29,1075.76,69.95,41.33,53.55,No
100017,2024-01-01 16:00:00,California,Residential,979.65,1121.19,1060.75,46.16,31.08,61.82,No
103121,2024-05-10 00:00:00,California,Commercial,759.29,792.05,788.7,63.32,24.87,23.6,No
104643,2024-07-12 10:00:00,California,Commercial,1081.46,1167.46,1147.69,55.09,60.28,38.86,No
104755,2024-07-17 02:00:00,California,Residential,664.8,694.05,720.39,55.09,39.58,23.82,No
100816,2024-02-03 23:00:00,Florida,Residential,585.25,576.74,650.36,40.13,30.79,48.97,No
103068,2024-05-07 19:00:00,New York,Commercial,899.29,1004.46,912.28,53.68,24.77,50.51,No
104829,2024-07-20 04:00:00,California,Residential,579.06,662.5,632.79,54.5,19.92,53.95,No
100960,2024-02-09 23:00:00,Texas ,Commercial ,743.03,724.83,799.01,49.76,23.34,52.79,No
100226,2024-01-10 09:00:00,California,Residential,1055.04,1078.55,1142.72,72.03,37.08,63.64,No
103355,2024-05-19 18:00:00,California,Residential,858,890.77,919.46,59.05,23.18,67.26,No
102486,2024-04-13 13:00:00,New York,Residential,760.32,780.4,874.23,59.04,34.82,58.04,No
100563,2024-01-24 10:00:00,Texas,Commercial,1342.3,1441.75,1486.54,56.95,29.2,56.66,Yes
103437,2024-05-23 04:00:00,California,Commercial,738.16,715.53,807.15,36.92,41.06,42.61,No
101694,2024-03-11 13:00:00,Texas,Commercial ,1386.37,1594,1500.26,48.04,20.33,30.47,Yes
101046,2024-02-13 13:00:00,Florida,Residential,940.43,906.97,1022.01,56.09,4.01,45.3,No
103447,2024-05-23 14:00:00,California,Industrial,1347.25,1416.63,1526.01,52.24,22.08,46.34,Yes
104566,2024-07-09 05:00:00,New York,Commercial,614.93,676.94,670.98,44.02,35.99,29.73,No
100955,2024-02-09 18:00:00,New York,Residential,864.22,926.24,889.54,58.42,43.54,29.81,No
1002148,2024-03-30 11:00:00,New York,Residential,815.1737216,786.73,842.44,53.37,38.53,56.99,No
102736,2024-04-23 23:00:00,California,Industrial,822.95,819.43,897.98,66.8,23.53,36.11,No
104949,2024-07-25 04:00:00,California,Industrial,793.18,765.42,863.21,51.35,32.69,49.09,No
104736,2024-07-16 07:00:00,Texas,Industrial,1715.15,1824.02,1806.29,54.49,29.67,71.03,Yes
104868,2024-07-21 19:00:00,Texas,Residential,955.95,1011.51,1193.14,58.54,9.13,69.32,No
101219,2024-02-20 18:00:00,Texas ,Commercial,1307.09,1415.12,1371.31,68.38,39.61,39.85,Yes
101528,2024-03-04 15:00:00,California,Commercial ,1062.69,1158.67,1024.52,60.69,35.06,80.94,No
103988,2024-06-15 03:00:00,New York,Industrial,667.68,761.08,674.59,53.03,40.46,27.37,No
101301,2024-02-24 04:00:00,Texas,Commercial ,865.85,903.99,888.13,51.6,25.65,33.07,No
104937,2024-07-24 16:00:00,New York,Industrial,1130.03,1049.02,1024.52,58.81,46.54,53.23,No
100161,2024-01-07 16:00:00,New York,Industrial,1059.32,985.57,1066.93,62.3,35.87,29.43,No
104068,2024-06-18 11:00:00,New York,Industrial,1296.37,1387.97,1350.74,50.66,40.86,57.47,Yes
100957,2024-02-09 20:00:00,Florida,Commercial,1063.51,1107.29,1155.33,62.43,39.84,63.44,No
103792,2024-06-06 23:00:00,Texas,Residential,893.56,879.44,983.02,51.68,15.68,55.56,No
103235,2024-05-14 18:00:00,New York,Residential,885.72,932.56,954.53,55.98,22.53,25.73,No
102870,2024-04-29 13:00:00,New York,Residential,1004.42,943.05,1052.59,44.44,18.93,35.66,No
103778,2024-06-06 09:00:00,Florida,Residential,926.27,989.55,952.66,51.95,39.43,39.9,No
104434,2024-07-03 17:00:00,New York,Commercial,1009.59,1160.34,1084.95,43.84,53.32,65.55,No
102962,2024-05-03 09:00:00,California,Commercial,1015.6,995.48,1052.31,55.05,42.52,68.76,No
102201,2024-04-01 16:00:00,New York,Commercial,1057.37,1144.74,1165.2,59.46,30.62,47.73,No
100099,2024-01-05 02:00:00,Texas,Commercial,968.44,1002.16,971.09,69.76,32.05,52.93,No
102558,2024-04-16 13:00:00,California,Industrial,1536.11,1534.64,1616.2,59.59,4.01,61.2,Yes
103184,2024-05-12 15:00:00,California,Industrial,1173.25,1059.45,1308.81,60.11,21.03,55.81,No
100254,2024-01-11 13:00:00,California,Residential,898.71,1013.86,924.86,53.87,22.16,37.89,No
103924,2024-06-12 11:00:00,California,Commercial ,1182.95,1334.25,1225.02,55.22,21.34,69.77,Yes
104200,2024-06-23 23:00:00,Florida,Residential,761.01,757.28,811.74,47.25,28.43,49.55,No
101446,2024-03-01 05:00:00,Texas,Industrial,1055.49,1029.49,1130.36,50.66,31.28,35.57,No
101649,2024-03-09 16:00:00,California,Residential,837.01,876.53,935.55,39.55,19.93,65.41,No
104683,2024-07-14 02:00:00,New York,Commercial,551.37,579.28,553.32,52.84,8.49,19.17,No
104724,2024-07-15 19:00:00,New York,Residential,871.1,831.43,973.03,69.98,35.33,5.64,No
103992,2024-06-15 07:00:00,California,Residential,1009.83,980.18,1043.24,46.76,37.67,54.04,No
101697,2024-03-11 16:00:00,California,Residential,1124.27,1196.05,1135.85,65.93,40.07,73.7,No
103192,2024-05-12 23:00:00,New York,Commercial,579.09,575.99,620.76,60.05,13.98,19.56,No
104500,2024-07-06 11:00:00,New York,Residential,736.54,847.81,825.25,52.87,37,38.45,No
101155,2024-02-18 02:00:00,Florida,Residential,435.02,441.46,452.85,52.48,32.53,46.45,No
102256,2024-04-03 23:00:00,Florida,Industrial,921.42,954.82,931.38,-51.14,22.28,63.62,No
101683,2024-03-11 02:00:00,Florida,Commercial ,589.18,554.63,654.92,47.24,40,34.84,No
103171,2024-05-12 02:00:00,Texas ,Commercial ,712.34,697.33,730.67,67.53,21.99,65.07,No
102057,2024-03-26 16:00:00,New York,Commercial ,991.47,953.49,1111.18,39.97,30.46,64.84,No
104091,2024-06-19 10:00:00,California,Commercial,1278.54,1288.89,1309.69,54.36,11.47,31.74,No
103109,2024-05-09 12:00:00,Florida,Residential,946.37,892.08,1049.11,61.94,30.63,36.27,No
104549,2024-07-08 12:00:00,Texas ,Industrial,1645.8,1799.03,1792.22,60.39,19.93,50.56,Yes
103724,2024-06-04 03:00:00,California,Commercial,660.11,731.75,748.24,43.59,45.43,38.33,No
102050,2024-03-26 09:00:00,Texas,Industrial,1709.54,1936.37,1955.34,64.94,54.72,38.04,Yes
103644,2024-05-31 19:00:00,New York,Commercial,955.95,932.29,1104.69,58.4,52.96,44.13,No
104973,2024-07-26 04:00:00,Florida,Industrial,867.86,827.49,921.07,38.87,23.19,50.41,No
100624,2024-01-26 23:00:00,New York,Residential,507.3,523.52,536.4,41.86,35.61,71.59,No
100263,2024-01-11 22:00:00,Texas,Industrial,1117.4,1051.19,1259,55.09,27.14,44.69,No
103370,2024-05-20 09:00:00,Texas ,Residential,1267.87,1386.71,1366.97,61.28,41.36,76.84,Yes
104062,2024-06-18 05:00:00,California,Commercial ,725.68,654.62,793.26,50.04,23.32,64.53,No
101803,2024-03-16 02:00:00,New York,Residential,542.7,593.82,605.57,47.22,34.55,40.91,No
104737,2024-07-16 08:00:00,Florida,Residential,1017.33,934.41,1100.39,40.8,32.91,28.87,No
1003403,2024-05-21 18:00:00,New York,Residential,1169.138098,1317.17,1200.54,65.59,57.39,55.75,No
102386,2024-04-09 09:00:00,Florida,Commercial,1070.41,1003.43,1151.71,55.95,29.76,22.11,No
101960,2024-03-22 15:00:00,California,Industrial,1498.52,1420.76,1646.9,54.37,29.2,55.69,Yes
102977,2024-05-04 00:00:00,California,Industrial,831.36,792.69,914.93,42.67,15.44,37.75,No
100489,2024-01-21 08:00:00,New York,Industrial,1014.18,1108,1035.38,57.21,38.04,79.16,No
101844,2024-03-17 19:00:00,Florida,Residential,848.22,807.07,881.02,45.64,16.49,89.89,No
101735,2024-03-13 06:00:00,Texas,Residential,774.57,726.99,861.93,49.84,38.89,63.59,No
102912,2024-05-01 07:00:00,Texas,Commercial,1327.21,1346.06,1400.38,54.88,12.32,56.07,Yes
103220,2024-05-14 03:00:00,Texas ,Residential,842.08,970.91,847.75,69.62,19.15,42.44,No
100147,2024-01-07 02:00:00,Florida,Residential,507.52,580.76,553.22,49.14,32.65,45.03,No
101987,2024-03-23 18:00:00,Texas ,Commercial,1145.88,1051.55,1162.28,67.6,39.46,60.52,No
101370,2024-02-27 01:00:00,California,Commercial ,695.03,713.33,712.7,59.32,27.25,40.98,No
102812,2024-04-27 03:00:00,Florida,Residential,685.96,721.71,739.34,59.36,30.97,42.18,No
100660,2024-01-28 11:00:00,Florida,Industrial,1219.6,1371.72,1316.33,73.82,40.85,69.84,Yes
101795,2024-03-15 18:00:00,Texas,Industrial,1610,1814.96,1803.37,63.94,24.64,64.3,Yes
102512,2024-04-14 15:00:00,California,Industrial,1212.76,1120.05,1325.39,44.5,20.72,49.75,No
103398,2024-05-21 13:00:00,California,Commercial,1071.97,1076.29,1211.96,64.15,48.5,40.09,No
104283,2024-06-27 10:00:00,California,Residential,990.7,1063.7,1058.07,65.28,43.18,48.92,No
101148,2024-02-17 19:00:00,Texas ,Industrial,1426.04,1659.26,1614.13,79.27,35.23,73.47,Yes
103273,2024-05-16 08:00:00,Texas ,Residential,1110.42,1075.33,1118.63,-55.27,33.66,66.64,No
100609,2024-01-26 08:00:00,Florida,Commercial,1010.98,979.02,1041.36,36.72,31.02,30.52,No
103583,2024-05-29 06:00:00,New York,Commercial ,609.35,637.46,614.48,38.53,49.64,61.42,No
101931,2024-03-21 10:00:00,Florida,Commercial,983.78,926.11,1021.14,52.58,15.07,45.45,No
100198,2024-01-09 05:00:00,New York,Residential,648.91,749.08,709.01,62.02,44.45,42.7,No
102932,2024-05-02 03:00:00,Texas ,Residential,797.5,905.19,893.47,55.21,50.07,37.36,No
102328,2024-04-06 23:00:00,Texas,Residential,691.16,699.03,742.14,67.83,47.88,33.66,No
104390,2024-07-01 21:00:00,Texas,Industrial,1585.18,1831.19,1745.48,59.63,36.27,34.94,Yes
100767,2024-02-01 22:00:00,Texas ,Commercial,797.17,938.04,839,52.1,30.82,40.33,No
104497,2024-07-06 08:00:00,New York,Industrial,1168.48,1108.99,1211.33,53.45,28.46,75.36,No
104219,2024-06-24 18:00:00,Texas ,Commercial ,1263.15,1258.93,1284.74,54.14,24.54,55.18,No
103256,2024-05-15 15:00:00,Texas,Commercial ,1384.83,1560.21,1574.62,51.07,35.05,57.71,Yes
100203,2024-01-09 10:00:00,Texas,Residential,1156.26,1145.73,1186.48,59.98,51.76,19.09,No
103511,2024-05-26 06:00:00,California,Residential,534.1,554.48,579.15,39.68,32.21,56.94,No
101734,2024-03-13 05:00:00,New York,Commercial,588.71,625.48,611.18,51.53,21.01,9.27,No
102778,2024-04-25 17:00:00,Texas,Commercial ,1324.06,1261.81,1403.5,44.67,17.95,36.77,No
101708,2024-03-12 03:00:00,California,Industrial,923.67,1050.09,1024.21,49.9,11.87,27.93,No
103475,2024-05-24 18:00:00,California,Commercial ,1030.38,1150.84,1164.77,61.34,32.14,45.77,No
100855,2024-02-05 14:00:00,California,Commercial,1059.85,1227.84,1068.54,55.09,31.02,44.79,No
104738,2024-07-16 09:00:00,California,Residential,1053.04,987.57,1074.08,54.62,21.29,40.77,No
104098,2024-06-19 17:00:00,Texas,Residential,1241.97,1158.99,1398.02,76.1,35.42,43.36,No
102161,2024-03-31 00:00:00,Texas ,Residential,694.61,726.09,728.62,58.15,45.09,46.5,No
100699,2024-01-30 02:00:00,Texas,Industrial,996.55,1049.27,1114.49,66.55,23.65,71.25,No
104993,2024-07-27 00:00:00,California,Industrial,701.5,740.88,746.83,47.72,44.63,39.87,No
103000,2024-05-04 23:00:00,California,Residential,551.5,506.2,610.53,55.09,37.68,29.42,No
103697,2024-06-03 00:00:00,New York,Industrial,678.18,785.05,735.39,56.29,9.52,45.22,No
101637,2024-03-09 04:00:00,New York,Industrial,638.54,731.37,708.94,51.21,17.45,60.89,No
103458,2024-05-24 01:00:00,Texas ,Commercial,901.83,981.44,945.01,59.04,33.79,76.78,No
103582,2024-05-29 05:00:00,California,Residential,676.22,696.36,768.78,58.73,24.28,69.14,No
101292,2024-02-23 19:00:00,Texas,Commercial,955.95,1381.36,1276.86,60.56,26.9,34.58,Yes
104660,2024-07-13 03:00:00,Texas ,Commercial ,663.35,706.34,708.54,47.55,38.53,50.25,No
101854,2024-03-18 05:00:00,California,Commercial ,745.12,810.67,783.31,58.02,5.16,64.55,No
103764,2024-06-05 19:00:00,California,Commercial ,1061.65,970.3,1212.35,56.29,42.41,25.89,No
103305,2024-05-17 16:00:00,California,Residential,1086.26,1179.66,1169.52,62.04,15.1,58.7,No
104958,2024-07-25 13:00:00,Florida,Residential,964.5,1011.41,1025.5,45.66,39.34,42.79,No
103744,2024-06-04 23:00:00,Texas,Residential,586.16,663.89,627.92,51.96,29.71,41.68,No
103446,2024-05-23 13:00:00,Florida,Residential,920.31,903.66,973.7,44.2,40.05,54.23,No
101999,2024-03-24 06:00:00,Texas,Commercial,862.52,1003.69,893.16,64.15,38.97,53.48,No
100664,2024-01-28 15:00:00,California,Industrial,1214.75,1244.58,1322.57,56.02,23.02,44.62,No
104780,2024-07-18 03:00:00,California,Industrial,908.54,1014.56,922.71,53.58,33.66,54.11,No
103749,2024-06-05 04:00:00,New York,Residential,586.86,582.56,587.25,51.97,38.48,49.27,No
104414,2024-07-02 21:00:00,Florida,Residential,864.85,792.31,897.84,52.26,42.75,62.63,No
104745,2024-07-16 16:00:00,California,Commercial,1122.61,1212.35,1192.01,51.33,32.18,55.26,No
100710,2024-01-30 13:00:00,Texas ,Industrial,1575.03,1582.45,1680.48,71.82,42.42,69.5,Yes
101283,2024-02-23 10:00:00,Florida,Residential,955.95,921.61,944.34,51.46,48.95,38.02,No
102676,2024-04-21 11:00:00,California,Industrial,1229.35,1282.1,1327.45,52.94,40.67,63.21,No
104030,2024-06-16 21:00:00,New York,Commercial,795.97,809.28,846.03,53.03,27.74,71.03,No
101307,2024-02-24 10:00:00,Texas ,Commercial,1223.42,1296.41,1297.61,55.7,25.22,38.9,No
102238,2024-04-03 05:00:00,California,Commercial ,604.08,650.7,648.98,34.33,47.71,18.47,No
103303,2024-05-17 14:00:00,Florida,Residential,906.79,1036.48,910.78,54.8,28.3,64.74,No
102039,2024-03-25 22:00:00,California,Industrial,813.35,933.14,894.25,60.79,26.53,61.08,No
101530,2024-03-04 17:00:00,Florida,Commercial ,1181.74,1352.14,1234.03,52.73,32.99,49.9,Yes
101664,2024-03-10 07:00:00,New York,Residential,859.51,924.18,894.57,55.61,60.8,47.16,No
104980,2024-07-26 11:00:00,Texas,Industrial,1679.83,1981.29,1908.59,66.25,30.3,47.51,Yes
104999,2024-07-27 06:00:00,California,Commercial,555.29,584.95,626.07,41.18,38.31,56.29,No
103628,2024-05-31 03:00:00,California,Commercial ,748.85,857.86,785.64,58.75,16.7,64.36,No
104892,2024-07-22 19:00:00,Texas,Residential,1301.13,1527.77,1379.29,75.02,54.65,35.44,Yes
102694,2024-04-22 05:00:00,New York,Industrial,838.87,953.04,933.24,60.58,31.9,63.23,No
103061,2024-05-07 12:00:00,California,Industrial,1171.74,1175.64,1299.19,52.21,38.09,48.41,No
101598,2024-03-07 13:00:00,Texas,Commercial,1359.77,1527.15,1381.5,60.43,45.34,19.05,Yes
102730,2024-04-23 17:00:00,New York,Industrial,1313.68,1405.98,1496.62,59.99,32.1,86.37,Yes
102626,2024-04-19 09:00:00,New York,Residential,868.4,909.71,993.78,59.36,16.4,41.98,No
103158,2024-05-11 13:00:00,Texas,Commercial,1111.06,1230.55,1224.92,65.64,14.1,27.19,No
103315,2024-05-18 02:00:00,California,Commercial,669.38,717.98,754.59,52.25,22.04,50.93,No
101723,2024-03-12 18:00:00,California,Commercial ,1114.34,1305.91,1236.54,55.53,23.02,55.08,No
101060,2024-02-14 03:00:00,Florida,Commercial ,669.31,607.31,730.95,49.81,14.34,35.3,No
104637,2024-07-12 04:00:00,California,Industrial,955.95,897.52,999.16,47.98,16.85,67.41,No
103243,2024-05-15 02:00:00,Florida,Residential,537.06,491.32,589.37,51.26,28.32,51.61,No
101679,2024-03-10 22:00:00,Texas,Industrial,867.75,987.32,930.04,58.54,35.97,65.99,No
101758,2024-03-14 05:00:00,New York,Industrial,664.85,632.18,699.79,47.34,63.57,-16.98,No
104192,2024-06-23 15:00:00,California,Residential,792.61,742.85,865.65,54.88,5.24,27.26,No
100564,2024-01-24 11:00:00,Texas,Commercial,1240.69,1226.03,1405.56,57.92,31.35,48.92,No
102791,2024-04-26 06:00:00,Texas ,Industrial,1032.81,966.85,1177.69,54.87,52.1,42.25,No
100864,2024-05-02 23:00:00,New York,Commercial,671.33,719.18,707.66,57.07,36.27,56.38,No
101485,2024-03-02 20:00:00,California,Residential,830.79,890.43,867,37.09,34.92,35.23,No
100207,2024-01-09 14:00:00,Texas,Commercial ,1310.01,1217.76,1502.57,46.84,31.02,56.1,No
104489,2024-07-06 00:00:00,California,Residential,540.31,564.26,583.67,64.67,29.05,52.64,No
100871,2024-02-06 06:00:00,New York,Residential,548.96,613.36,614.28,36.98,22.15,52.3,No
104494,2024-07-06 05:00:00,California,Residential,525.44,538.63,525.45,59.26,24.76,48.58,No
100503,2024-01-21 22:00:00,California,Residential,616.48,670.54,671.7,48.31,33.43,59.39,No
101029,2024-02-12 20:00:00,California,Residential,932.22,938.08,1056.72,55.88,21.29,49.55,No
103841,2024-06-09 00:00:00,Florida,Industrial,749.27,799.81,825.12,62.93,29.42,44.78,No
102691,2024-04-22 02:00:00,Florida,Residential,605.04,564.48,667.94,46.42,25.07,55.35,No
101571,2024-03-06 10:00:00,Florida,Industrial,1326.8,1552.42,1350.52,54.6,20.1,44.19,Yes
102774,2024-04-25 13:00:00,New York,Commercial,906.19,997.38,1030.2,54.92,29.99,44.75,No
102732,2024-04-23 19:00:00,New York,Residential,880.88,954.59,912.63,56.12,64.15,58.14,No
100805,2024-02-03 12:00:00,New York,Commercial,963.46,868.25,995.92,54.87,35.05,71.37,No
103646,2024-05-31 21:00:00,Texas,Commercial,1396.76,1382.14,1410.83,57.38,43.72,64.5,Yes
102455,2024-04-12 06:00:00,Florida,Commercial ,733.93,751.76,831.22,60,25.21,45.89,No
104599,2024-07-10 14:00:00,New York,Commercial,954,1049.85,963.42,60.87,28.1,43.32,No
103105,2024-05-09 08:00:00,California,Commercial ,1172.99,1101.18,1024.52,51.13,37.09,52.28,No
104876,2024-07-22 03:00:00,Florida,Residential,643.92,643.06,718.41,52.79,29.62,67.03,No
100201,2024-01-09 08:00:00,Florida,Commercial,894.25,1054.35,957.89,54.14,42.39,40.75,No
103100,2024-05-09 03:00:00,New York,Industrial,766.06,775.09,775.46,44.68,31.97,44.09,No
102279,2024-04-04 22:00:00,Florida,Residential,721.28,698.91,803.48,37.84,36.99,69.22,No
103562,2024-05-28 09:00:00,California,Commercial ,1130.94,1318.73,1171.67,61.63,43.27,36.78,No
104475,2024-07-05 10:00:00,Texas ,Industrial,1570.1,1543.57,1792.33,67.17,31.02,51.97,Yes
104515,2024-07-07 02:00:00,Florida,Industrial,955.95,944.87,932.99,54.77,39.84,42.74,No
100392,2024-01-17 07:00:00,New York,Industrial,1339.69,1395.48,1413.02,60.72,15.56,81.39,Yes
101496,2024-03-03 07:00:00,Texas ,Residential,1090.62,1027.99,1140.19,53.47,46.29,46.07,No
102696,2024-04-22 07:00:00,Florida,Residential,982.51,1007.49,1090.42,66.05,45.53,56.54,No
102028,2024-03-25 11:00:00,New York,Industrial,1180.75,1262.13,1229.29,54.42,37.46,60.1,No
102569,2024-04-17 00:00:00,California,Commercial ,802.79,884.56,871.82,64.21,54.97,49.74,No
100065,2024-01-03 16:00:00,California,Residential,961.15,1081.93,1030.84,46.63,38.2,64.05,No
103885,2024-06-10 20:00:00,California,Commercial ,1028.64,1163.14,1078.57,60.52,29.24,28.83,No
102063,2024-03-26 22:00:00,California,Residential,699.11,813.35,793.52,48.26,31.02,58.92,No
100493,2024-01-21 12:00:00,California,Industrial,1303.52,1335.97,1430.92,64.07,43.13,24.37,Yes
100380,2024-01-16 19:00:00,California,Residential,1071.32,997.52,1142.18,47.81,20.6,54.87,No
104860,2024-07-21 11:00:00,California,Residential,860.31,805.55,947.69,39.24,47.37,44.92,No
103994,2024-06-15 09:00:00,Texas,Industrial,1411.89,1390.83,1553.04,62.77,29.94,56.62,Yes
104888,2024-07-22 15:00:00,Texas ,Commercial ,1180.27,1092.76,1243.16,67.37,22.69,71.65,No
101077,2024-02-14 20:00:00,New York,Commercial,985.96,950.78,1119.67,60.47,21.58,58.99,No
100879,2024-02-06 14:00:00,Texas,Commercial,1387.72,1252.75,1509.03,68.08,29.64,45.97,No
100338,2024-01-15 01:00:00,Texas ,Industrial,1001.84,923.05,1114.89,44.07,51.41,62.09,No
101017,2024-02-12 08:00:00,California,Residential,1112.09,1109.93,1147.65,52.18,15.85,47.2,No
101276,2024-02-23 03:00:00,Texas,Residential,754.46,701.15,757.47,55.79,26.99,39.19,No
103799,2024-06-07 06:00:00,Texas,Residential,806.87,828.82,895.08,68.7,34.74,30.29,No
104552,2024-07-08 15:00:00,Texas,Industrial,1716.59,1652.29,1857.54,63.38,45.4,45.49,Yes
103343,2024-05-19 06:00:00,Florida,Residential,525.43,521.24,560.8,45.46,31.02,39.54,No
104912,2024-07-23 15:00:00,Florida,Industrial,1280.3,1226.95,1314.76,59.63,49.02,58.69,No
100996,2024-02-11 11:00:00,Texas,Residential,1177.97,1123.23,1311.47,61.74,18,44.91,No
101982,2024-03-23 13:00:00,California,Industrial,1185.43,1155.33,1288.48,46.5,49.08,45.89,No
104298,2024-06-28 01:00:00,Texas,Commercial ,872.31,992.36,964.24,58.81,39.89,38.72,No
100162,2024-01-07 17:00:00,Florida,Residential,845.79,988.86,947.27,57.38,29.2,54.31,No
104799,2024-07-18 22:00:00,Texas,Commercial,770.88,792.5,877.91,66.47,35.97,52.06,No
101501,2024-03-03 12:00:00,Florida,Residential,882.49,921.3,991.87,46.16,33.63,58.72,No
103844,2024-06-09 03:00:00,New York,Commercial ,550.11,502.39,550.71,52.96,40.79,51.03,No
102614,2024-04-18 21:00:00,Texas ,Commercial,1220.72,1379.75,1284.49,62.67,32.12,34.07,Yes
103462,2024-05-24 05:00:00,Texas,Industrial,1027.69,1120.17,1105.94,44.79,27.41,43.78,No
101022,2024-02-12 13:00:00,California,Commercial ,1128.03,1089.5,1129.88,46.78,28.57,18.31,No
103074,2024-05-08 01:00:00,California,Residential,686.42,729.46,689.57,62.79,24.65,42.7,No
103944,2024-06-13 07:00:00,New York,Industrial,1161.78,990.29,1185.49,54.14,25.81,68.31,No
101586,2024-03-07 01:00:00,Texas,Commercial,955.95,948.15,994.5,54.88,31.02,64.78,No
101956,2024-03-22 11:00:00,New York,Commercial,1004.46,971.24,1108.36,44.56,37.7,46.65,No
103153,2024-05-11 08:00:00,Texas ,Residential,1070.16,1231.38,1199.6,46,25.7,32.81,No
100035,2024-01-02 10:00:00,New York,Residential,861.67,879.34,873.86,67.41,15.7,50.35,No
104015,2024-06-16 06:00:00,Florida,Commercial,534.4,525.12,566.17,51.67,46.2,49.55,No
100776,2024-02-02 07:00:00,Texas,Commercial,1371.14,1478.31,1541.87,60.25,28.41,32.1,Yes
102557,2024-04-16 12:00:00,Florida,Residential,915.42,888.09,986.87,57.03,20.85,33.1,No
101479,2024-03-02 14:00:00,California,Industrial,1175.21,1212.86,1324.95,47.53,19.53,41.39,No
101364,2024-02-26 19:00:00,California,Industrial,1250.18,1334.83,1279.42,52.74,22.85,53.48,Yes
102613,2024-04-18 20:00:00,California,Industrial,1358.82,1552.18,1373.66,63.08,28.82,36.4,Yes
102825,2024-04-27 16:00:00,California,Commercial,1011.73,1063.9,1076.89,53.2,38.53,34.01,No
102042,2024-03-26 01:00:00,Florida,Commercial,805.9,864.77,883.91,53.56,25.8,48.28,No
100242,2024-01-11 01:00:00,New York,Commercial,585.98,613.22,620.93,51.06,34.77,47.27,No
102062,2024-03-26 21:00:00,Florida,Industrial,1249.02,1170.66,1286.63,54.9,36.25,56.08,No
102364,2024-04-08 11:00:00,New York,Commercial ,955.83,1090.94,1002.35,64.19,35.87,52.55,No
100601,2024-01-26 00:00:00,Texas,Commercial,1023.85,1134.73,1164.69,57.85,42.93,29.33,No
102436,2024-04-11 11:00:00,New York,Commercial ,961.64,979.19,1047.44,42.33,31.02,50.88,No
102889,2024-04-30 08:00:00,California,Commercial,989.26,1127.89,1086.39,55.09,26.73,32.05,No
100647,2024-01-27 22:00:00,Florida,Residential,553.7,543.52,584.8,57.88,49.21,43.38,No
103891,2024-06-11 02:00:00,Texas ,Commercial,760.18,806.26,765.81,46.57,54.72,74.84,No
103557,2024-05-28 04:00:00,California,Residential,778.98,714.86,781.65,48.14,32.11,42.21,No
103203,2024-05-13 10:00:00,California,Industrial,1302.22,1347.71,1315.2,63.21,20.34,53.09,Yes
101529,2024-03-04 16:00:00,California,Commercial,973.86,905.08,1073.78,44.83,37.59,52.49,No
101268,2024-02-22 19:00:00,New York,Residential,809.07,831.87,857.53,55.35,4.06,52.34,No
101900,2024-03-20 03:00:00,California,Commercial,646.34,674.77,665.38,52.34,30.33,72.94,No
104659,2024-07-13 02:00:00,California,Residential,502.93,508.41,522.5,52.23,23.44,51.92,No
103006,2024-05-05 05:00:00,California,Commercial,525.61,579.33,581.89,51.53,31.02,38.46,No
102735,2024-04-23 22:00:00,New York,Residential,593.53,633.4,597.67,51.56,36.76,78.19,No
100190,2024-01-08 21:00:00,California,Commercial,1068.64,1121.48,1120.23,61.57,33.25,40.16,No
101807,2024-03-16 06:00:00,Texas ,Residential,786.78,902.31,884.88,53.11,22.56,50.63,No
100976,2024-02-10 15:00:00,California,Industrial,1179.55,1146.38,1295.65,58.06,41.04,49.55,No
102748,2024-04-24 11:00:00,Texas,Residential,1209.29,1245.45,1249.76,52.43,29.55,26.41,No
102048,2024-03-26 07:00:00,Texas ,Residential,1147.59,1325.09,1268.49,53.98,15.24,43.24,No
102559,2024-04-16 14:00:00,Texas,Industrial,1597.06,1768.03,1657.83,70.18,38.78,53.88,Yes
100475,2024-01-20 18:00:00,Florida,Residential,824.02,931.88,881.5,52.26,24.34,48.31,No
102905,2024-05-01 00:00:00,Florida,Residential,683.68,623.71,732.94,48.49,3.93,60.17,No
104844,2024-07-20 19:00:00,Texas,Residential,1026.72,1091.57,1095.58,59.3,58.09,52.74,No
104118,2024-06-20 13:00:00,New York,Industrial,1148.72,1136.13,1309.78,39.81,27.07,54.21,No
103386,2024-05-21 01:00:00,California,Industrial,848.03,900.74,870.39,49.6,29.43,32.45,No
104556,2024-07-08 19:00:00,Florida,Commercial ,1017.33,1007.41,1032.21,72.64,45.34,38.59,No
101185,2024-02-19 08:00:00,Texas,Residential,1276.91,1289.88,1419.24,53.26,29.88,49.75,No
102434,2024-04-11 09:00:00,California,Residential,987.73,1118.71,1044.95,58.31,21.09,48.03,No
102392,2024-04-09 15:00:00,Texas,Residential,1097.02,1189.95,1106.88,52.44,40.33,66.68,No
100770,2024-02-02 01:00:00,California,Industrial,947.35,1038,971.92,49.83,32.92,25.32,No
101686,2024-03-11 05:00:00,California,Residential,552.03,606.37,609.05,47.39,24,33.2,No
100131,2024-01-06 10:00:00,New York,Industrial,1025.51,1007.99,1053.13,56.86,24.71,89.19,No
102920,2024-05-01 15:00:00,California,Commercial,1213.35,1172.6,1314.86,69.28,17.97,51.76,No
103172,2024-05-12 03:00:00,California,Commercial ,531.23,510.69,592.15,52.6,41.16,65.18,No
103445,2024-05-23 12:00:00,New York,Residential,881.28,1014.53,930.52,55.82,20.97,44.88,No
104427,2024-07-03 10:00:00,California,Commercial,1024.73,1129.11,1077.2,58.17,31.82,15.22,No
100467,2024-01-20 10:00:00,California,Residential,914.76,1008.29,1021.51,60.5,21.29,59.99,No
103093,2024-05-08 20:00:00,New York,Industrial,1157.35,1150.61,1281.02,61.35,32.73,64.44,No
103773,2024-06-06 04:00:00,California,Industrial,809.3,910.72,823.91,53.84,37.82,51.66,No
